{"type":"FeatureCollection","metadata":{"period":"3day","source_date":"2026-08-10","source_file":"nws_precip_last3days_20260810_conus.tif","source_crs":"PROJCS[\"NOAA_HRAP_Grid\",GEOGCS[\"GCS_NOAA_HRAP\",DATUM[\"D_NOAA_HRAP\",SPHEROID[\"Sphere\",6371200,0]],PRIMEM[\"Greenwich\",0],UNIT[\"degree\",0.0174532925199433,AUTHORITY[\"EPSG\",\"9122\"]]],PROJECTION[\"Polar_Stereographic\"],PARAMETER[\"latitude_of_origin\",60],PARAMETER[\"central_meridian\",-105],PARAMETER[\"false_easting\",0],PARAMETER[\"false_northing\",0],UNIT[\"metre\",1],AXIS[\"Easting\",SOUTH],AXIS[\"Northing\",SOUTH]]","units":"Inches","center":{"lon":-88.0062,"lat":40.715},"radius_miles":50,"cell_count":1140,"source_band_count":4,"context_available":true,"bands":{"1":{"name":"observation","long_name":"Observation","units":"Inches"},"2":{"name":"normal","long_name":"PRISM normals","units":"Inches"},"3":{"name":"departure_from_normal","long_name":"Departure from normal","units":"Inches"},"4":{"name":"percent_of_normal","long_name":"Percent of normal","units":"Percent"}}},"features":[{"type":"Feature","properties":{"rain":0.11,"period":"3day","row":5,"col":20,"distance_miles":49.91,"normal":null,"departure":null,"percent_normal":null},"geometry":{"type":"Polygon","coordinates":[[[-87.89868910584248,41.45590812255975],[-87.8500532153457,41.44467553244647],[-87.86504534154837,41.408231599777274],[-87.91364389196197,41.419451441833985],[-87.89868910584248,41.45590812255975]]]}},{"type":"Feature","properties":{"rain":0.059,"period":"3day","row":5,"col":21,"distance_miles":49.54,"normal":null,"departure":null,"percent_normal":null},"geometry":{"type":"Polygon","coordinates":[[[-87.8500532153457,41.44467553244647],[-87.8014427920928,41.43341300747929],[-87.81647219569915,41.39698185156018],[-87.86504534154837,41.408231599777274],[-87.8500532153457,41.44467553244647]]]}},{"type":"Feature","properties":{"rain":0.098,"period":"3day","row":5,"col":22,"distance_miles":49.31,"normal":null,"departure":null,"percent_normal":null},"geometry":{"type":"Polygon","coordinates":[[[-87.8014427920928,41.43341300747929],[-87.75285788601067,41.42212058028791],[-87.76792450426356,41.38570222973668],[-87.81647219569915,41.39698185156018],[-87.8014427920928,41.43341300747929]]]}},{"type":"Feature","properties":{"rain":0.102,"period":"3day","row":5,"col":23,"distance_miles":49.21,"normal":null,"departure":null,"percent_normal":null},"geometry":{"type":"Polygon","coordinates":[[[-87.75285788601067,41.42212058028791],[-87.70429854682703,41.410798283558414],[-87.71940231689241,41.3743927669171],[-87.76792450426356,41.38570222973668],[-87.75285788601067,41.42212058028791]]]}},{"type":"Feature","properties":{"rain":0.091,"period":"3day","row":5,"col":24,"distance_miles":49.26,"normal":null,"departure":null,"percent_normal":null},"geometry":{"type":"Polygon","coordinates":[[[-87.70429854682703,41.410798283558414],[-87.65576482407035,41.39944615003294],[-87.6709056830381,41.36305349576772],[-87.71940231689241,41.3743927669171],[-87.70429854682703,41.410798283558414]]]}},{"type":"Feature","properties":{"rain":0.024,"period":"3day","row":5,"col":25,"distance_miles":49.45,"normal":null,"departure":null,"percent_normal":null},"geometry":{"type":"Polygon","coordinates":[[[-87.65576482407035,41.39944615003294],[-87.60725676706979,41.38806421250935],[-87.62243465195439,41.35168444901056],[-87.6709056830381,41.36305349576772],[-87.65576482407035,41.39944615003294]]]}},{"type":"Feature","properties":{"rain":0.004,"period":"3day","row":5,"col":26,"distance_miles":49.78,"normal":null,"departure":null,"percent_normal":null},"geometry":{"type":"Polygon","coordinates":[[[-87.60725676706979,41.38806421250935],[-87.55877442495523,41.37665250384099],[-87.57398927269656,41.340285659422975],[-87.62243465195439,41.35168444901056],[-87.60725676706979,41.38806421250935]]]}},{"type":"Feature","properties":{"rain":0.024,"period":"3day","row":6,"col":17,"distance_miles":49.32,"normal":null,"departure":null,"percent_normal":null},"geometry":{"type":"Polygon","coordinates":[[[-88.05959146912099,41.45293120635243],[-88.01091700609335,41.441801277533465],[-88.02577167046267,41.40532677122362],[-88.07440865648438,41.416444058136456],[-88.05959146912099,41.45293120635243]]]}},{"type":"Feature","properties":{"rain":0.004,"period":"3day","row":6,"col":18,"distance_miles":48.52,"normal":null,"departure":null,"percent_normal":null},"geometry":{"type":"Polygon","coordinates":[[[-88.01091700609335,41.441801277533465],[-87.96226779689226,41.430641345232885],[-87.97715987602363,41.39417950972038],[-88.02577167046267,41.40532677122362],[-88.01091700609335,41.441801277533465]]]}},{"type":"Feature","properties":{"rain":0.087,"period":"3day","row":6,"col":19,"distance_miles":47.85,"normal":null,"departure":null,"percent_normal":null},"geometry":{"type":"Polygon","coordinates":[[[-87.96226779689226,41.430641345232885],[-87.91364389196197,41.419451441833985],[-87.92857332353167,41.38300230593477],[-87.97715987602363,41.39417950972038],[-87.96226779689226,41.430641345232885]]]}},{"type":"Feature","properties":{"rain":0.15,"period":"3day","row":6,"col":20,"distance_miles":47.31,"normal":null,"departure":null,"percent_normal":null},"geometry":{"type":"Polygon","coordinates":[[[-87.91364389196197,41.419451441833985],[-87.86504534154837,41.408231599777274],[-87.88001206315361,41.37179519223189],[-87.92857332353167,41.38300230593477],[-87.91364389196197,41.419451441833985]]]}},{"type":"Feature","properties":{"rain":0.087,"period":"3day","row":6,"col":21,"distance_miles":46.92,"normal":null,"departure":null,"percent_normal":null},"geometry":{"type":"Polygon","coordinates":[[[-87.86504534154837,41.408231599777274],[-87.81647219569915,41.39698185156018],[-87.83147614485878,41.36055820103378],[-87.88001206315361,41.37179519223189],[-87.86504534154837,41.408231599777274]]]}},{"type":"Feature","properties":{"rain":0.079,"period":"3day","row":6,"col":22,"distance_miles":46.68,"normal":null,"departure":null,"percent_normal":null},"geometry":{"type":"Polygon","coordinates":[[[-87.81647219569915,41.39698185156018],[-87.76792450426356,41.38570222973668],[-87.78296561841888,41.34929136481894],[-87.83147614485878,41.36055820103378],[-87.81647219569915,41.39698185156018]]]}},{"type":"Feature","properties":{"rain":0.043,"period":"3day","row":6,"col":23,"distance_miles":46.58,"normal":null,"departure":null,"percent_normal":null},"geometry":{"type":"Polygon","coordinates":[[[-87.76792450426356,41.38570222973668],[-87.71940231689241,41.3743927669171],[-87.73448053340792,41.33799471612213],[-87.78296561841888,41.34929136481894],[-87.76792450426356,41.38570222973668]]]}},{"type":"Feature","properties":{"rain":0.039,"period":"3day","row":6,"col":24,"distance_miles":46.63,"normal":null,"departure":null,"percent_normal":null},"geometry":{"type":"Polygon","coordinates":[[[-87.71940231689241,41.3743927669171],[-87.6709056830381,41.36305349576772],[-87.68602093920214,41.32666828753403],[-87.73448053340792,41.33799471612213],[-87.71940231689241,41.3743927669171]]]}},{"type":"Feature","properties":{"rain":0.004,"period":"3day","row":6,"col":25,"distance_miles":46.83,"normal":null,"departure":null,"percent_normal":null},"geometry":{"type":"Polygon","coordinates":[[[-87.6709056830381,41.36305349576772],[-87.62243465195439,41.35168444901056],[-87.63758688498004,41.31531211170096],[-87.68602093920214,41.32666828753403],[-87.6709056830381,41.36305349576772]]]}},{"type":"Feature","properties":{"rain":0.0,"period":"3day","row":6,"col":26,"distance_miles":47.18,"normal":null,"departure":null,"percent_normal":null},"geometry":{"type":"Polygon","coordinates":[[[-87.62243465195439,41.35168444901056],[-87.57398927269656,41.340285659422975],[-87.58917841972232,41.303926221324595],[-87.63758688498004,41.31531211170096],[-87.62243465195439,41.35168444901056]]]}},{"type":"Feature","properties":{"rain":0.0,"period":"3day","row":6,"col":27,"distance_miles":47.67,"normal":null,"departure":null,"percent_normal":null},"geometry":{"type":"Polygon","coordinates":[[[-87.57398927269656,41.340285659422975],[-87.52556959412121,41.32885715983749],[-87.54079559221171,41.292510649161606],[-87.58917841972232,41.303926221324595],[-87.57398927269656,41.340285659422975]]]}},{"type":"Feature","properties":{"rain":0.0,"period":"3day","row":6,"col":28,"distance_miles":48.3,"normal":null,"departure":null,"percent_normal":null},"geometry":{"type":"Polygon","coordinates":[[[-87.52556959412121,41.32885715983749],[-87.47717566488629,41.31739898314135],[-87.49243845103312,41.28106542802345],[-87.54079559221171,41.292510649161606],[-87.52556959412121,41.32885715983749]]]}},{"type":"Feature","properties":{"rain":0.0,"period":"3day","row":6,"col":29,"distance_miles":49.06,"normal":null,"departure":null,"percent_normal":null},"geometry":{"type":"Polygon","coordinates":[[[-87.47717566488629,41.31739898314135],[-87.42880753345105,41.30591116227636],[-87.4441070445735,41.26959059077599],[-87.49243845103312,41.28106542802345],[-87.47717566488629,41.31739898314135]]]}},{"type":"Feature","properties":{"rain":0.0,"period":"3day","row":6,"col":30,"distance_miles":49.95,"normal":null,"departure":null,"percent_normal":null},"geometry":{"type":"Polygon","coordinates":[[[-87.42880753345105,41.30591116227636],[-87.38046524807605,41.29439373023847],[-87.39580142102176,41.25808617033925],[-87.4441070445735,41.26959059077599],[-87.42880753345105,41.30591116227636]]]}},{"type":"Feature","properties":{"rain":0.004,"period":"3day","row":7,"col":15,"distance_miles":48.91,"normal":null,"departure":null,"percent_normal":null},"geometry":{"type":"Polygon","coordinates":[[[-88.17175800083123,41.43858857924623],[-88.12307078352697,41.42753133820827],[-88.13782534142655,41.3910392130377],[-88.18647500843616,41.40208388969326],[-88.17175800083123,41.43858857924623]]]}},{"type":"Feature","properties":{"rain":0.004,"period":"3day","row":7,"col":16,"distance_miles":47.81,"normal":null,"departure":null,"percent_normal":null},"geometry":{"type":"Polygon","coordinates":[[[-88.12307078352697,41.42753133820827],[-88.07440865648438,41.416444058136456],[-88.089200702794,41.37996452636041],[-88.13782534142655,41.3910392130377],[-88.12307078352697,41.42753133820827]]]}},{"type":"Feature","properties":{"rain":0.012,"period":"3day","row":7,"col":17,"distance_miles":46.84,"normal":null,"departure":null,"percent_normal":null},"geometry":{"type":"Polygon","coordinates":[[[-88.07440865648438,41.416444058136456],[-88.02577167046267,41.40532677122362],[-88.04060114321639,41.368859861779335],[-88.089200702794,41.37996452636041],[-88.07440865648438,41.416444058136456]]]}},{"type":"Feature","properties":{"rain":0.0,"period":"3day","row":7,"col":18,"distance_miles":45.99,"normal":null,"departure":null,"percent_normal":null},"geometry":{"type":"Polygon","coordinates":[[[-88.02577167046267,41.40532677122362],[-87.97715987602363,41.39417950972038],[-87.99202671317504,41.35772525147005],[-88.04060114321639,41.368859861779335],[-88.02577167046267,41.40532677122362]]]}},{"type":"Feature","properties":{"rain":0.02,"period":"3day","row":7,"col":19,"distance_miles":45.29,"normal":null,"departure":null,"percent_normal":null},"geometry":{"type":"Polygon","coordinates":[[[-87.97715987602363,41.39417950972038],[-87.92857332353167,41.38300230593477],[-87.94347746295452,41.346560727665505],[-87.99202671317504,41.35772525147005],[-87.97715987602363,41.39417950972038]]]}},{"type":"Feature","properties":{"rain":0.051,"period":"3day","row":7,"col":20,"distance_miles":44.73,"normal":null,"departure":null,"percent_normal":null},"geometry":{"type":"Polygon","coordinates":[[[-87.92857332353167,41.38300230593477],[-87.88001206315361,41.37179519223189],[-87.89495344264267,41.33536632265573],[-87.94347746295452,41.346560727665505],[-87.92857332353167,41.38300230593477]]]}},{"type":"Feature","properties":{"rain":0.031,"period":"3day","row":7,"col":21,"distance_miles":44.31,"normal":null,"departure":null,"percent_normal":null},"geometry":{"type":"Polygon","coordinates":[[[-87.88001206315361,41.37179519223189],[-87.83147614485878,41.36055820103378],[-87.84645470213057,41.3241420687875],[-87.89495344264267,41.33536632265573],[-87.88001206315361,41.37179519223189]]]}},{"type":"Feature","properties":{"rain":0.016,"period":"3day","row":7,"col":22,"distance_miles":44.05,"normal":null,"departure":null,"percent_normal":null},"geometry":{"type":"Polygon","coordinates":[[[-87.83147614485878,41.36055820103378],[-87.78296561841888,41.34929136481894],[-87.79798129111235,41.31288799846406],[-87.84645470213057,41.3241420687875],[-87.83147614485878,41.36055820103378]]]}},{"type":"Feature","properties":{"rain":0.0,"period":"3day","row":7,"col":23,"distance_miles":43.95,"normal":null,"departure":null,"percent_normal":null},"geometry":{"type":"Polygon","coordinates":[[[-87.78296561841888,41.34929136481894],[-87.73448053340792,41.33799471612213],[-87.74953325908524,41.30160414414485],[-87.79798129111235,41.31288799846406],[-87.78296561841888,41.34929136481894]]]}},{"type":"Feature","properties":{"rain":0.0,"period":"3day","row":7,"col":24,"distance_miles":44.01,"normal":null,"departure":null,"percent_normal":null},"geometry":{"type":"Polygon","coordinates":[[[-87.73448053340792,41.33799471612213],[-87.68602093920214,41.32666828753403],[-87.70111065534951,41.29029053834515],[-87.74953325908524,41.30160414414485],[-87.73448053340792,41.33799471612213]]]}},{"type":"Feature","properties":{"rain":0.0,"period":"3day","row":7,"col":25,"distance_miles":44.22,"normal":null,"departure":null,"percent_normal":null},"geometry":{"type":"Polygon","coordinates":[[[-87.68602093920214,41.32666828753403],[-87.63758688498004,41.31531211170096],[-87.65271352900837,41.27894721363584],[-87.70111065534951,41.29029053834515],[-87.68602093920214,41.32666828753403]]]}},{"type":"Feature","properties":{"rain":0.0,"period":"3day","row":7,"col":26,"distance_miles":44.59,"normal":null,"departure":null,"percent_normal":null},"geometry":{"type":"Polygon","coordinates":[[[-87.63758688498004,41.31531211170096],[-87.58917841972232,41.303926221324595],[-87.60434192896793,41.26757420264307],[-87.65271352900837,41.27894721363584],[-87.63758688498004,41.31531211170096]]]}},{"type":"Feature","properties":{"rain":0.0,"period":"3day","row":7,"col":27,"distance_miles":45.1,"normal":null,"departure":null,"percent_normal":null},"geometry":{"type":"Polygon","coordinates":[[[-87.58917841972232,41.303926221324595],[-87.54079559221171,41.292510649161606],[-87.55599590393719,41.25617153804796],[-87.60434192896793,41.26757420264307],[-87.58917841972232,41.303926221324595]]]}},{"type":"Feature","properties":{"rain":0.0,"period":"3day","row":7,"col":28,"distance_miles":45.77,"normal":null,"departure":null,"percent_normal":null},"geometry":{"type":"Polygon","coordinates":[[[-87.54079559221171,41.292510649161606],[-87.49243845103312,41.28106542802345],[-87.50767550242801,41.24473925258631],[-87.55599590393719,41.25617153804796],[-87.54079559221171,41.292510649161606]]]}},{"type":"Feature","properties":{"rain":0.0,"period":"3day","row":7,"col":29,"distance_miles":46.57,"normal":null,"departure":null,"percent_normal":null},"geometry":{"type":"Polygon","coordinates":[[[-87.49243845103312,41.28106542802345],[-87.4441070445735,41.26959059077599],[-87.45938077275503,41.2332773790483],[-87.50767550242801,41.24473925258631],[-87.49243845103312,41.28106542802345]]]}},{"type":"Feature","properties":{"rain":0.004,"period":"3day","row":7,"col":30,"distance_miles":47.5,"normal":null,"departure":null,"percent_normal":null},"geometry":{"type":"Polygon","coordinates":[[[-87.4441070445735,41.26959059077599],[-87.39580142102176,41.25808617033925],[-87.41111176303562,41.22178595027822],[-87.45938077275503,41.2332773790483],[-87.4441070445735,41.26959059077599]]]}},{"type":"Feature","properties":{"rain":0.02,"period":"3day","row":7,"col":31,"distance_miles":48.56,"normal":null,"departure":null,"percent_normal":null},"geometry":{"type":"Polygon","coordinates":[[[-87.39580142102176,41.25808617033925],[-87.34752162836887,41.24655219968706],[-87.36286852118991,41.21026499917412],[-87.41111176303562,41.22178595027822],[-87.39580142102176,41.25808617033925]]]}},{"type":"Feature","properties":{"rain":0.016,"period":"3day","row":7,"col":32,"distance_miles":49.74,"normal":null,"departure":null,"percent_normal":null},"geometry":{"type":"Polygon","coordinates":[[[-87.34752162836887,41.24655219968706],[-87.29926771440769,41.23498871184684],[-87.31465109494073,41.19871455868757],[-87.36286852118991,41.21026499917412],[-87.34752162836887,41.24655219968706]]]}},{"type":"Feature","properties":{"rain":0.0,"period":"3day","row":8,"col":13,"distance_miles":49.21,"normal":null,"departure":null,"percent_normal":null},"geometry":{"type":"Polygon","coordinates":[[[-88.28384922389236,41.42408308475764],[-88.2351496529484,41.41309852426715],[-88.24980412199159,41.37658898691652],[-88.29846607038576,41.38756106068781],[-88.28384922389236,41.42408308475764]]]}},{"type":"Feature","properties":{"rain":0.016,"period":"3day","row":8,"col":14,"distance_miles":47.83,"normal":null,"departure":null,"percent_normal":null},"geometry":{"type":"Polygon","coordinates":[[[-88.2351496529484,41.41309852426715],[-88.18647500843616,41.40208388969326],[-88.20116703850572,41.36558686819378],[-88.24980412199159,41.37658898691652],[-88.2351496529484,41.41309852426715]]]}},{"type":"Feature","properties":{"rain":0.035,"period":"3day","row":8,"col":15,"distance_miles":46.56,"normal":null,"departure":null,"percent_normal":null},"geometry":{"type":"Polygon","coordinates":[[[-88.18647500843616,41.40208388969326],[-88.13782534142655,41.3910392130377],[-88.15255487091632,41.35455473644671],[-88.20116703850572,41.36558686819378],[-88.18647500843616,41.40208388969326]]]}},{"type":"Feature","properties":{"rain":0.035,"period":"3day","row":8,"col":16,"distance_miles":45.41,"normal":null,"departure":null,"percent_normal":null},"geometry":{"type":"Polygon","coordinates":[[[-88.13782534142655,41.3910392130377],[-88.089200702794,41.37996452636041],[-88.10396767001588,41.34349262366062],[-88.15255487091632,41.35455473644671],[-88.13782534142655,41.3910392130377]]]}},{"type":"Feature","properties":{"rain":0.024,"period":"3day","row":8,"col":17,"distance_miles":44.38,"normal":null,"departure":null,"percent_normal":null},"geometry":{"type":"Polygon","coordinates":[[[-88.089200702794,41.37996452636041],[-88.04060114321639,41.368859861779335],[-88.0554054864011,41.332400561878735],[-88.10396767001588,41.34349262366062],[-88.089200702794,41.37996452636041]]]}},{"type":"Feature","properties":{"rain":0.071,"period":"3day","row":8,"col":18,"distance_miles":43.49,"normal":null,"departure":null,"percent_normal":null},"geometry":{"type":"Polygon","coordinates":[[[-88.04060114321639,41.368859861779335],[-87.99202671317504,41.35772525147005],[-88.00686837047279,41.32127858320185],[-88.0554054864011,41.332400561878735],[-88.04060114321639,41.368859861779335]]]}},{"type":"Feature","properties":{"rain":0.11,"period":"3day","row":8,"col":19,"distance_miles":42.74,"normal":null,"departure":null,"percent_normal":null},"geometry":{"type":"Polygon","coordinates":[[[-87.99202671317504,41.35772525147005],[-87.94347746295452,41.346560727665505],[-87.95835637243587,41.31012671978805],[-88.00686837047279,41.32127858320185],[-87.99202671317504,41.35772525147005]]]}},{"type":"Feature","properties":{"rain":0.118,"period":"3day","row":8,"col":20,"distance_miles":42.14,"normal":null,"departure":null,"percent_normal":null},"geometry":{"type":"Polygon","coordinates":[[[-87.94347746295452,41.346560727665505],[-87.89495344264267,41.33536632265573],[-87.9098695422992,41.29894500385244],[-87.95835637243587,41.31012671978805],[-87.94347746295452,41.346560727665505]]]}},{"type":"Feature","properties":{"rain":0.055,"period":"3day","row":8,"col":21,"distance_miles":41.71,"normal":null,"departure":null,"percent_normal":null},"geometry":{"type":"Polygon","coordinates":[[[-87.89495344264267,41.33536632265573],[-87.84645470213057,41.3241420687875],[-87.86140792987564,41.287733467666826],[-87.9098695422992,41.29894500385244],[-87.89495344264267,41.33536632265573]]]}},{"type":"Feature","properties":{"rain":0.031,"period":"3day","row":8,"col":22,"distance_miles":41.43,"normal":null,"departure":null,"percent_normal":null},"geometry":{"type":"Polygon","coordinates":[[[-87.84645470213057,41.3241420687875],[-87.79798129111235,41.31288799846406],[-87.81297158478186,41.276492143559395],[-87.86140792987564,41.287733467666826],[-87.84645470213057,41.3241420687875]]]}},{"type":"Feature","properties":{"rain":0.0,"period":"3day","row":8,"col":23,"distance_miles":41.32,"normal":null,"departure":null,"percent_normal":null},"geometry":{"type":"Polygon","coordinates":[[[-87.79798129111235,41.31288799846406],[-87.74953325908524,41.30160414414485],[-87.76456055643837,41.26522106391449],[-87.81297158478186,41.276492143559395],[-87.79798129111235,41.31288799846406]]]}},{"type":"Feature","properties":{"rain":0.0,"period":"3day","row":8,"col":24,"distance_miles":41.38,"normal":null,"departure":null,"percent_normal":null},"geometry":{"type":"Polygon","coordinates":[[[-87.74953325908524,41.30160414414485],[-87.70111065534951,41.29029053834515],[-87.71617489406947,41.25392026117218],[-87.76456055643837,41.26522106391449],[-87.74953325908524,41.30160414414485]]]}},{"type":"Feature","properties":{"rain":0.0,"period":"3day","row":8,"col":25,"distance_miles":41.61,"normal":null,"departure":null,"percent_normal":null},"geometry":{"type":"Polygon","coordinates":[[[-87.70111065534951,41.29029053834515],[-87.65271352900837,41.27894721363584],[-87.66781464670312,41.24258976782814],[-87.71617489406947,41.25392026117218],[-87.70111065534951,41.29029053834515]]]}},{"type":"Feature","properties":{"rain":0.0,"period":"3day","row":8,"col":26,"distance_miles":41.99,"normal":null,"departure":null,"percent_normal":null},"geometry":{"type":"Polygon","coordinates":[[[-87.65271352900837,41.27894721363584],[-87.60434192896793,41.26757420264307],[-87.61947986317097,41.23122961643323],[-87.66781464670312,41.24258976782814],[-87.65271352900837,41.27894721363584]]]}},{"type":"Feature","properties":{"rain":0.004,"period":"3day","row":8,"col":27,"distance_miles":42.54,"normal":null,"departure":null,"percent_normal":null},"geometry":{"type":"Polygon","coordinates":[[[-87.60434192896793,41.26757420264307],[-87.55599590393719,41.25617153804796],[-87.57117059210826,41.2198398395932],[-87.61947986317097,41.23122961643323],[-87.60434192896793,41.26757420264307]]]}},{"type":"Feature","properties":{"rain":0.055,"period":"3day","row":8,"col":28,"distance_miles":43.25,"normal":null,"departure":null,"percent_normal":null},"geometry":{"type":"Polygon","coordinates":[[[-87.55599590393719,41.25617153804796],[-87.50767550242801,41.24473925258631],[-87.52288688195385,41.208420469968445],[-87.57117059210826,41.2198398395932],[-87.55599590393719,41.25617153804796]]]}},{"type":"Feature","properties":{"rain":0.094,"period":"3day","row":8,"col":29,"distance_miles":44.09,"normal":null,"departure":null,"percent_normal":null},"geometry":{"type":"Polygon","coordinates":[[[-87.50767550242801,41.24473925258631],[-87.45938077275503,41.2332773790483],[-87.47462878095011,41.19697154027369],[-87.52288688195385,41.208420469968445],[-87.50767550242801,41.24473925258631]]]}},{"type":"Feature","properties":{"rain":0.079,"period":"3day","row":8,"col":30,"distance_miles":45.08,"normal":null,"departure":null,"percent_normal":null},"geometry":{"type":"Polygon","coordinates":[[[-87.45938077275503,41.2332773790483],[-87.41111176303562,41.22178595027822],[-87.4263963371429,41.18549308327767],[-87.47462878095011,41.19697154027369],[-87.45938077275503,41.2332773790483]]]}},{"type":"Feature","properties":{"rain":0.043,"period":"3day","row":8,"col":31,"distance_miles":46.19,"normal":null,"departure":null,"percent_normal":null},"geometry":{"type":"Polygon","coordinates":[[[-87.41111176303562,41.22178595027822],[-87.36286852118991,41.21026499917412],[-87.37818959838155,41.1739851318029],[-87.4263963371429,41.18549308327767],[-87.41111176303562,41.22178595027822]]]}},{"type":"Feature","properties":{"rain":0.012,"period":"3day","row":8,"col":32,"distance_miles":47.43,"normal":null,"departure":null,"percent_normal":null},"geometry":{"type":"Polygon","coordinates":[[[-87.36286852118991,41.21026499917412],[-87.31465109494073,41.19871455868757],[-87.33000861231886,41.162447718725254],[-87.37818959838155,41.1739851318029],[-87.36286852118991,41.21026499917412]]]}},{"type":"Feature","properties":{"rain":0.0,"period":"3day","row":8,"col":33,"distance_miles":48.77,"normal":null,"departure":null,"percent_normal":null},"geometry":{"type":"Polygon","coordinates":[[[-87.31465109494073,41.19871455868757],[-87.26645953181358,41.18713466182327],[-87.28185342641103,41.150880876973815],[-87.33000861231886,41.162447718725254],[-87.31465109494073,41.19871455868757]]]}},{"type":"Feature","properties":{"rain":0.039,"period":"3day","row":9,"col":12,"distance_miles":48.57,"normal":null,"departure":null,"percent_normal":null},"geometry":{"type":"Polygon","coordinates":[[[-88.34715283250436,41.39850305763899],[-88.29846607038576,41.38756106068781],[-88.31305810312212,41.35104675595846],[-88.36170723263034,41.361976314739465],[-88.34715283250436,41.39850305763899]]]}},{"type":"Feature","properties":{"rain":0.016,"period":"3day","row":9,"col":13,"distance_miles":47.03,"normal":null,"departure":null,"percent_normal":null},"geometry":{"type":"Polygon","coordinates":[[[-88.29846607038576,41.38756106068781],[-88.24980412199159,41.37658898691652],[-88.26443372609391,41.34008714953371],[-88.31305810312212,41.35104675595846],[-88.29846607038576,41.38756106068781]]]}},{"type":"Feature","properties":{"rain":0.016,"period":"3day","row":9,"col":14,"distance_miles":45.58,"normal":null,"departure":null,"percent_normal":null},"geometry":{"type":"Polygon","coordinates":[[[-88.24980412199159,41.37658898691652],[-88.20116703850572,41.36558686819378],[-88.21583415264618,41.32909752725957],[-88.26443372609391,41.34008714953371],[-88.24980412199159,41.37658898691652]]]}},{"type":"Feature","properties":{"rain":0.016,"period":"3day","row":9,"col":15,"distance_miles":44.24,"normal":null,"departure":null,"percent_normal":null},"geometry":{"type":"Polygon","coordinates":[[[-88.20116703850572,41.36558686819378],[-88.15255487091632,41.35455473644671],[-88.16725943368449,41.3180779209888],[-88.21583415264618,41.32909752725957],[-88.20116703850572,41.36558686819378]]]}},{"type":"Feature","properties":{"rain":0.004,"period":"3day","row":9,"col":16,"distance_miles":43.03,"normal":null,"departure":null,"percent_normal":null},"geometry":{"type":"Polygon","coordinates":[[[-88.15255487091632,41.35455473644671],[-88.10396767001588,41.34349262366062],[-88.11870961991947,41.3070283626323],[-88.16725943368449,41.3180779209888],[-88.15255487091632,41.35455473644671]]]}},{"type":"Feature","properties":{"rain":0.0,"period":"3day","row":9,"col":17,"distance_miles":41.94,"normal":null,"departure":null,"percent_normal":null},"geometry":{"type":"Polygon","coordinates":[[[-88.10396767001588,41.34349262366062],[-88.0554054864011,41.332400561878735],[-88.07018476186667,41.29594888415876],[-88.11870961991947,41.3070283626323],[-88.10396767001588,41.34349262366062]]]}},{"type":"Feature","properties":{"rain":0.004,"period":"3day","row":9,"col":18,"distance_miles":41.0,"normal":null,"departure":null,"percent_normal":null},"geometry":{"type":"Polygon","coordinates":[[[-88.0554054864011,41.332400561878735],[-88.00686837047279,41.32127858320185],[-88.02168490984651,41.28483951759443],[-88.07018476186667,41.29594888415876],[-88.0554054864011,41.332400561878735]]]}},{"type":"Feature","properties":{"rain":0.012,"period":"3day","row":9,"col":19,"distance_miles":40.2,"normal":null,"departure":null,"percent_normal":null},"geometry":{"type":"Polygon","coordinates":[[[-88.00686837047279,41.32127858320185],[-87.95835637243587,41.31012671978805],[-87.97321011398428,41.27370029502275],[-88.02168490984651,41.28483951759443],[-88.00686837047279,41.32127858320185]]]}},{"type":"Feature","properties":{"rain":0.02,"period":"3day","row":9,"col":20,"distance_miles":39.57,"normal":null,"departure":null,"percent_normal":null},"geometry":{"type":"Polygon","coordinates":[[[-87.95835637243587,41.31012671978805],[-87.9098695422992,41.29894500385244],[-87.92476042420996,41.262531248584125],[-87.97321011398428,41.27370029502275],[-87.95835637243587,41.31012671978805]]]}},{"type":"Feature","properties":{"rain":0.024,"period":"3day","row":9,"col":21,"distance_miles":39.1,"normal":null,"departure":null,"percent_normal":null},"geometry":{"type":"Polygon","coordinates":[[[-87.9098695422992,41.29894500385244],[-87.86140792987564,41.287733467666826],[-87.87633589025822,41.2513324104756],[-87.92476042420996,41.262531248584125],[-87.9098695422992,41.29894500385244]]]}},{"type":"Feature","properties":{"rain":0.051,"period":"3day","row":9,"col":22,"distance_miles":38.81,"normal":null,"departure":null,"percent_normal":null},"geometry":{"type":"Polygon","coordinates":[[[-87.86140792987564,41.287733467666826],[-87.81297158478186,41.276492143559395],[-87.82793656166837,41.24010381295053],[-87.87633589025822,41.2513324104756],[-87.86140792987564,41.287733467666826]]]}},{"type":"Feature","properties":{"rain":0.043,"period":"3day","row":9,"col":23,"distance_miles":38.69,"normal":null,"departure":null,"percent_normal":null},"geometry":{"type":"Polygon","coordinates":[[[-87.81297158478186,41.276492143559395],[-87.76456055643837,41.26522106391449],[-87.77956248778422,41.22884548831835],[-87.82793656166837,41.24010381295053],[-87.81297158478186,41.276492143559395]]]}},{"type":"Feature","properties":{"rain":0.024,"period":"3day","row":9,"col":24,"distance_miles":38.75,"normal":null,"departure":null,"percent_normal":null},"geometry":{"type":"Polygon","coordinates":[[[-87.76456055643837,41.26522106391449],[-87.71617489406947,41.25392026117218],[-87.73121371775414,41.2175574689442],[-87.77956248778422,41.22884548831835],[-87.76456055643837,41.26522106391449]]]}},{"type":"Feature","properties":{"rain":0.0,"period":"3day","row":9,"col":25,"distance_miles":38.99,"normal":null,"departure":null,"percent_normal":null},"geometry":{"type":"Polygon","coordinates":[[[-87.71617489406947,41.25392026117218],[-87.66781464670312,41.24258976782814],[-87.68289030053094,41.2062397872487],[-87.73121371775414,41.2175574689442],[-87.71617489406947,41.25392026117218]]]}},{"type":"Feature","properties":{"rain":0.02,"period":"3day","row":9,"col":26,"distance_miles":39.41,"normal":null,"departure":null,"percent_normal":null},"geometry":{"type":"Polygon","coordinates":[[[-87.66781464670312,41.24258976782814],[-87.61947986317097,41.23122961643323],[-87.63459228487181,41.194892475707654],[-87.68289030053094,41.2062397872487],[-87.66781464670312,41.24258976782814]]]}},{"type":"Feature","properties":{"rain":0.142,"period":"3day","row":9,"col":27,"distance_miles":39.99,"normal":null,"departure":null,"percent_normal":null},"geometry":{"type":"Polygon","coordinates":[[[-87.61947986317097,41.23122961643323],[-87.57117059210826,41.2198398395932],[-87.5863197193383,41.183515566851675],[-87.63459228487181,41.194892475707654],[-87.61947986317097,41.23122961643323]]]}},{"type":"Feature","properties":{"rain":0.177,"period":"3day","row":9,"col":28,"distance_miles":40.74,"normal":null,"departure":null,"percent_normal":null},"geometry":{"type":"Polygon","coordinates":[[[-87.57117059210826,41.2198398395932],[-87.52288688195385,41.208420469968445],[-87.53807265229628,41.17210909326595],[-87.5863197193383,41.183515566851675],[-87.57117059210826,41.2198398395932]]]}},{"type":"Feature","properties":{"rain":0.075,"period":"3day","row":9,"col":29,"distance_miles":41.64,"normal":null,"departure":null,"percent_normal":null},"geometry":{"type":"Polygon","coordinates":[[[-87.52288688195385,41.208420469968445],[-87.47462878095011,41.19697154027369],[-87.4898511319159,41.16067308758998],[-87.53807265229628,41.17210909326595],[-87.52288688195385,41.208420469968445]]]}},{"type":"Feature","properties":{"rain":0.02,"period":"3day","row":9,"col":30,"distance_miles":42.68,"normal":null,"departure":null,"percent_normal":null},"geometry":{"type":"Polygon","coordinates":[[[-87.47462878095011,41.19697154027369],[-87.4263963371429,41.18549308327767],[-87.44165520617153,41.149207582517164],[-87.4898511319159,41.16067308758998],[-87.47462878095011,41.19697154027369]]]}},{"type":"Feature","properties":{"rain":0.0,"period":"3day","row":9,"col":31,"distance_miles":43.85,"normal":null,"departure":null,"percent_normal":null},"geometry":{"type":"Polygon","coordinates":[[[-87.4263963371429,41.18549308327767],[-87.37818959838155,41.1739851318029],[-87.39348492284178,41.13771261079465],[-87.44165520617153,41.149207582517164],[-87.4263963371429,41.18549308327767]]]}},{"type":"Feature","properties":{"rain":0.004,"period":"3day","row":9,"col":32,"distance_miles":45.15,"normal":null,"departure":null,"percent_normal":null},"geometry":{"type":"Polygon","coordinates":[[[-87.37818959838155,41.1739851318029],[-87.33000861231886,41.162447718725254],[-87.34534032950938,41.12618820522293],[-87.39348492284178,41.13771261079465],[-87.37818959838155,41.1739851318029]]]}},{"type":"Feature","properties":{"rain":0.004,"period":"3day","row":9,"col":33,"distance_miles":46.56,"normal":null,"departure":null,"percent_normal":null},"geometry":{"type":"Polygon","coordinates":[[[-87.33000861231886,41.162447718725254],[-87.28185342641103,41.150880876973815],[-87.29722147356125,41.114634398655596],[-87.34534032950938,41.12618820522293],[-87.33000861231886,41.162447718725254]]]}},{"type":"Feature","properties":{"rain":0.004,"period":"3day","row":9,"col":34,"distance_miles":48.08,"normal":null,"departure":null,"percent_normal":null},"geometry":{"type":"Polygon","coordinates":[[[-87.28185342641103,41.150880876973815],[-87.23372408791762,41.139284639530445],[-87.24912840218843,41.103051223998996],[-87.29722147356125,41.114634398655596],[-87.28185342641103,41.150880876973815]]]}},{"type":"Feature","properties":{"rain":0.016,"period":"3day","row":9,"col":35,"distance_miles":49.68,"normal":null,"departure":null,"percent_normal":null},"geometry":{"type":"Polygon","coordinates":[[[-87.23372408791762,41.139284639530445],[-87.18562064390161,41.12765903942962],[-87.20106116238607,41.09143871421203],[-87.24912840218843,41.103051223998996],[-87.23372408791762,41.139284639530445]]]}},{"type":"Feature","properties":{"rain":0.327,"period":"3day","row":10,"col":10,"distance_miles":50.0,"normal":null,"departure":null,"percent_normal":null},"geometry":{"type":"Polygon","coordinates":[[[-88.45907954371104,41.38374516248666],[-88.4103810633233,41.37287579414107],[-88.42487311995134,41.33634441262207],[-88.47353389717755,41.34720142061299],[-88.45907954371104,41.38374516248666]]]}},{"type":"Feature","properties":{"rain":0.134,"period":"3day","row":10,"col":11,"distance_miles":48.21,"normal":null,"departure":null,"percent_normal":null},"geometry":{"type":"Polygon","coordinates":[[[-88.4103810633233,41.37287579414107],[-88.36170723263034,41.361976314739465],[-88.37623693153908,41.32545732286933],[-88.42487311995134,41.33634441262207],[-88.4103810633233,41.37287579414107]]]}},{"type":"Feature","properties":{"rain":0.039,"period":"3day","row":10,"col":12,"distance_miles":46.5,"normal":null,"departure":null,"percent_normal":null},"geometry":{"type":"Polygon","coordinates":[[[-88.36170723263034,41.361976314739465],[-88.31305810312212,41.35104675595846],[-88.327625383346,41.31454018295748],[-88.37623693153908,41.32545732286933],[-88.36170723263034,41.361976314739465]]]}},{"type":"Feature","properties":{"rain":0.043,"period":"3day","row":10,"col":13,"distance_miles":44.89,"normal":null,"departure":null,"percent_normal":null},"geometry":{"type":"Polygon","coordinates":[[[-88.31305810312212,41.35104675595846],[-88.26443372609391,41.34008714953371],[-88.27903852658328,41.30359302454814],[-88.327625383346,41.31454018295748],[-88.31305810312212,41.35104675595846]]]}},{"type":"Feature","properties":{"rain":0.063,"period":"3day","row":10,"col":14,"distance_miles":43.37,"normal":null,"departure":null,"percent_normal":null},"geometry":{"type":"Polygon","coordinates":[[[-88.26443372609391,41.34008714953371],[-88.21583415264618,41.32909752725957],[-88.2304764122681,41.29261587936164],[-88.27903852658328,41.30359302454814],[-88.26443372609391,41.34008714953371]]]}},{"type":"Feature","properties":{"rain":0.079,"period":"3day","row":10,"col":15,"distance_miles":41.96,"normal":null,"departure":null,"percent_normal":null},"geometry":{"type":"Polygon","coordinates":[[[-88.21583415264618,41.32909752725957],[-88.16725943368449,41.3180779209888],[-88.18193909122351,41.28160877917656],[-88.2304764122681,41.29261587936164],[-88.21583415264618,41.32909752725957]]]}},{"type":"Feature","properties":{"rain":0.059,"period":"3day","row":10,"col":16,"distance_miles":40.68,"normal":null,"departure":null,"percent_normal":null},"geometry":{"type":"Polygon","coordinates":[[[-88.16725943368449,41.3180779209888],[-88.11870961991947,41.3070283626323],[-88.13342661407833,41.2705717558296],[-88.18193909122351,41.28160877917656],[-88.16725943368449,41.3180779209888]]]}},{"type":"Feature","properties":{"rain":0.043,"period":"3day","row":10,"col":17,"distance_miles":39.53,"normal":null,"departure":null,"percent_normal":null},"geometry":{"type":"Polygon","coordinates":[[[-88.11870961991947,41.3070283626323],[-88.07018476186667,41.29594888415876],[-88.08493903126704,41.25950484121517],[-88.13342661407833,41.2705717558296],[-88.11870961991947,41.3070283626323]]]}},{"type":"Feature","properties":{"rain":0.031,"period":"3day","row":10,"col":18,"distance_miles":38.53,"normal":null,"departure":null,"percent_normal":null},"geometry":{"type":"Polygon","coordinates":[[[-88.07018476186667,41.29594888415876],[-88.02168490984651,41.28483951759443],[-88.03647639302977,41.24840806728515],[-88.08493903126704,41.25950484121517],[-88.07018476186667,41.29594888415876]]]}},{"type":"Feature","properties":{"rain":0.012,"period":"3day","row":10,"col":19,"distance_miles":37.68,"normal":null,"departure":null,"percent_normal":null},"geometry":{"type":"Polygon","coordinates":[[[-88.02168490984651,41.28483951759443],[-87.97321011398428,41.27370029502275],[-87.98803874941223,41.23728146604859],[-88.03647639302977,41.24840806728515],[-88.02168490984651,41.28483951759443]]]}},{"type":"Feature","properties":{"rain":0.004,"period":"3day","row":10,"col":20,"distance_miles":37.0,"normal":null,"departure":null,"percent_normal":null},"geometry":{"type":"Polygon","coordinates":[[[-87.97321011398428,41.27370029502275],[-87.92476042420996,41.262531248584125],[-87.93962615026555,41.2261250695714],[-87.98803874941223,41.23728146604859],[-87.97321011398428,41.27370029502275]]]}},{"type":"Feature","properties":{"rain":0.031,"period":"3day","row":10,"col":21,"distance_miles":36.5,"normal":null,"departure":null,"percent_normal":null},"geometry":{"type":"Polygon","coordinates":[[[-87.92476042420996,41.262531248584125],[-87.87633589025822,41.2513324104756],[-87.89123864524636,41.214938909976055],[-87.93962615026555,41.2261250695714],[-87.92476042420996,41.262531248584125]]]}},{"type":"Feature","properties":{"rain":0.114,"period":"3day","row":10,"col":22,"distance_miles":36.19,"normal":null,"departure":null,"percent_normal":null},"geometry":{"type":"Polygon","coordinates":[[[-87.87633589025822,41.2513324104756],[-87.82793656166837,41.24010381295053],[-87.84287628381657,41.20372301944131],[-87.89123864524636,41.214938909976055],[-87.87633589025822,41.2513324104756]]]}},{"type":"Feature","properties":{"rain":0.031,"period":"3day","row":10,"col":23,"distance_miles":36.06,"normal":null,"departure":null,"percent_normal":null},"geometry":{"type":"Polygon","coordinates":[[[-87.82793656166837,41.24010381295053],[-87.77956248778422,41.22884548831835],[-87.7945391152434,41.19247743020192],[-87.84287628381657,41.20372301944131],[-87.82793656166837,41.24010381295053]]]}},{"type":"Feature","properties":{"rain":0.024,"period":"3day","row":10,"col":24,"distance_miles":36.13,"normal":null,"departure":null,"percent_normal":null},"geometry":{"type":"Polygon","coordinates":[[[-87.77956248778422,41.22884548831835],[-87.73121371775414,41.2175574689442],[-87.74622718859935,41.1812021745483],[-87.7945391152434,41.19247743020192],[-87.77956248778422,41.22884548831835]]]}},{"type":"Feature","properties":{"rain":0.075,"period":"3day","row":10,"col":25,"distance_miles":36.39,"normal":null,"departure":null,"percent_normal":null},"geometry":{"type":"Polygon","coordinates":[[[-87.73121371775414,41.2175574689442],[-87.68289030053094,41.2062397872487],[-87.69794055276209,41.169897284826256],[-87.74622718859935,41.1812021745483],[-87.73121371775414,41.2175574689442]]]}},{"type":"Feature","properties":{"rain":0.157,"period":"3day","row":10,"col":26,"distance_miles":36.83,"normal":null,"departure":null,"percent_normal":null},"geometry":{"type":"Polygon","coordinates":[[[-87.68289030053094,41.2062397872487],[-87.63459228487181,41.194892475707654],[-87.64967925641442,41.158562793436715],[-87.69794055276209,41.169897284826256],[-87.68289030053094,41.2062397872487]]]}},{"type":"Feature","properties":{"rain":0.134,"period":"3day","row":10,"col":27,"distance_miles":37.46,"normal":null,"departure":null,"percent_normal":null},"geometry":{"type":"Polygon","coordinates":[[[-87.63459228487181,41.194892475707654],[-87.5863197193383,41.183515566851675],[-87.60144334804423,41.147198732835385],[-87.64967925641442,41.158562793436715],[-87.63459228487181,41.194892475707654]]]}},{"type":"Feature","properties":{"rain":0.075,"period":"3day","row":10,"col":28,"distance_miles":38.25,"normal":null,"departure":null,"percent_normal":null},"geometry":{"type":"Polygon","coordinates":[[[-87.5863197193383,41.183515566851675],[-87.53807265229628,41.17210909326595],[-87.55323287594445,41.13580513553247],[-87.60144334804423,41.147198732835385],[-87.5863197193383,41.183515566851675]]]}},{"type":"Feature","properties":{"rain":0.043,"period":"3day","row":10,"col":29,"distance_miles":39.21,"normal":null,"departure":null,"percent_normal":null},"geometry":{"type":"Polygon","coordinates":[[[-87.53807265229628,41.17210909326595],[-87.4898511319159,41.16067308758998],[-87.50504788821303,41.12438203409243],[-87.55323287594445,41.13580513553247],[-87.53807265229628,41.17210909326595]]]}},{"type":"Feature","properties":{"rain":0.02,"period":"3day","row":10,"col":30,"distance_miles":40.31,"normal":null,"departure":null,"percent_normal":null},"geometry":{"type":"Polygon","coordinates":[[[-87.4898511319159,41.16067308758998],[-87.44165520617153,41.149207582517164],[-87.45688843275293,41.1129294611336],[-87.50504788821303,41.12438203409243],[-87.4898511319159,41.16067308758998]]]}},{"type":"Feature","properties":{"rain":0.02,"period":"3day","row":10,"col":31,"distance_miles":41.55,"normal":null,"departure":null,"percent_normal":null},"geometry":{"type":"Polygon","coordinates":[[[-87.44165520617153,41.149207582517164],[-87.39348492284178,41.13771261079465],[-87.40875455727199,41.10144744932795],[-87.45688843275293,41.1129294611336],[-87.44165520617153,41.149207582517164]]]}},{"type":"Feature","properties":{"rain":0.016,"period":"3day","row":10,"col":32,"distance_miles":42.92,"normal":null,"departure":null,"percent_normal":null},"geometry":{"type":"Polygon","coordinates":[[[-87.39348492284178,41.13771261079465],[-87.34534032950938,41.12618820522293],[-87.36064630928296,41.08993603140078],[-87.40875455727199,41.10144744932795],[-87.39348492284178,41.13771261079465]]]}},{"type":"Feature","properties":{"rain":0.012,"period":"3day","row":10,"col":33,"distance_miles":44.4,"normal":null,"departure":null,"percent_normal":null},"geometry":{"type":"Polygon","coordinates":[[[-87.34534032950938,41.12618820522293],[-87.29722147356125,41.114634398655596],[-87.31256373610353,41.078395240130426],[-87.36064630928296,41.08993603140078],[-87.34534032950938,41.12618820522293]]]}},{"type":"Feature","properties":{"rain":0.004,"period":"3day","row":10,"col":34,"distance_miles":45.98,"normal":null,"departure":null,"percent_normal":null},"geometry":{"type":"Polygon","coordinates":[[[-87.29722147356125,41.114634398655596],[-87.24912840218843,41.103051223998996],[-87.26450688485616,41.06682510834795],[-87.31256373610353,41.078395240130426],[-87.29722147356125,41.114634398655596]]]}},{"type":"Feature","properties":{"rain":0.012,"period":"3day","row":10,"col":35,"distance_miles":47.66,"normal":null,"departure":null,"percent_normal":null},"geometry":{"type":"Polygon","coordinates":[[[-87.24912840218843,41.103051223998996],[-87.20106116238607,41.09143871421203],[-87.21647580246821,41.055225668936856],[-87.26450688485616,41.06682510834795],[-87.24912840218843,41.103051223998996]]]}},{"type":"Feature","properties":{"rain":0.016,"period":"3day","row":10,"col":36,"distance_miles":49.42,"normal":null,"departure":null,"percent_normal":null},"geometry":{"type":"Polygon","coordinates":[[[-87.20106116238607,41.09143871421203],[-87.15301980095337,41.079796902305766],[-87.16847053567182,41.04359695483283],[-87.21647580246821,41.055225668936856],[-87.20106116238607,41.09143871421203]]]}},{"type":"Feature","properties":{"rain":0.335,"period":"3day","row":11,"col":10,"distance_miles":48.13,"normal":null,"departure":null,"percent_normal":null},"geometry":{"type":"Polygon","coordinates":[[[-88.47353389717755,41.34720142061299],[-88.42487311995134,41.33634441262207],[-88.4393405877331,41.29982081366784],[-88.48796371339687,41.31066548050291],[-88.47353389717755,41.34720142061299]]]}},{"type":"Feature","properties":{"rain":0.161,"period":"3day","row":11,"col":11,"distance_miles":46.28,"normal":null,"departure":null,"percent_normal":null},"geometry":{"type":"Polygon","coordinates":[[[-88.42487311995134,41.33634441262207],[-88.37623693153908,41.32545732286933],[-88.39074199019636,41.288946094334655],[-88.4393405877331,41.29982081366784],[-88.42487311995134,41.33634441262207]]]}},{"type":"Feature","properties":{"rain":0.075,"period":"3day","row":11,"col":12,"distance_miles":44.5,"normal":null,"departure":null,"percent_normal":null},"geometry":{"type":"Polygon","coordinates":[[[-88.37623693153908,41.32545732286933],[-88.327625383346,41.31454018295748],[-88.34216797210715,41.27804135403233],[-88.39074199019636,41.288946094334655],[-88.37623693153908,41.32545732286933]]]}},{"type":"Feature","properties":{"rain":0.067,"period":"3day","row":11,"col":13,"distance_miles":42.8,"normal":null,"departure":null,"percent_normal":null},"geometry":{"type":"Polygon","coordinates":[[[-88.327625383346,41.31454018295748],[-88.27903852658328,41.30359302454814],[-88.29361858459272,41.26710662434876],[-88.34216797210715,41.27804135403233],[-88.327625383346,41.31454018295748]]]}},{"type":"Feature","properties":{"rain":0.075,"period":"3day","row":11,"col":14,"distance_miles":41.21,"normal":null,"departure":null,"percent_normal":null},"geometry":{"type":"Polygon","coordinates":[[[-88.27903852658328,41.30359302454814],[-88.2304764122681,41.29261587936164],[-88.24509387858707,41.25614193693037],[-88.29361858459272,41.26710662434876],[-88.27903852658328,41.30359302454814]]]}},{"type":"Feature","properties":{"rain":0.071,"period":"3day","row":11,"col":15,"distance_miles":39.73,"normal":null,"departure":null,"percent_normal":null},"geometry":{"type":"Polygon","coordinates":[[[-88.2304764122681,41.29261587936164],[-88.18193909122351,41.28160877917656],[-88.19659390483076,41.24514732348184],[-88.24509387858707,41.25614193693037],[-88.2304764122681,41.29261587936164]]]}},{"type":"Feature","properties":{"rain":0.091,"period":"3day","row":11,"col":16,"distance_miles":38.37,"normal":null,"departure":null,"percent_normal":null},"geometry":{"type":"Polygon","coordinates":[[[-88.18193909122351,41.28160877917656],[-88.13342661407833,41.2705717558296],[-88.1481187138709,41.23412281576585],[-88.19659390483076,41.24514732348184],[-88.18193909122351,41.28160877917656]]]}},{"type":"Feature","properties":{"rain":0.063,"period":"3day","row":11,"col":17,"distance_miles":37.15,"normal":null,"departure":null,"percent_normal":null},"geometry":{"type":"Polygon","coordinates":[[[-88.13342661407833,41.2705717558296],[-88.08493903126704,41.25950484121517],[-88.09966835606097,41.22306844560276],[-88.1481187138709,41.23412281576585],[-88.13342661407833,41.2705717558296]]]}},{"type":"Feature","properties":{"rain":0.031,"period":"3day","row":11,"col":18,"distance_miles":36.08,"normal":null,"departure":null,"percent_normal":null},"geometry":{"type":"Polygon","coordinates":[[[-88.08493903126704,41.25950484121517],[-88.03647639302977,41.24840806728515],[-88.0512428815609,41.21198424487033],[-88.09966835606097,41.22306844560276],[-88.08493903126704,41.25950484121517]]]}},{"type":"Feature","properties":{"rain":0.016,"period":"3day","row":11,"col":19,"distance_miles":35.17,"normal":null,"departure":null,"percent_normal":null},"geometry":{"type":"Polygon","coordinates":[[[-88.03647639302977,41.24840806728515],[-87.98803874941223,41.23728146604859],[-88.00284234033687,41.200870245503374],[-88.0512428815609,41.21198424487033],[-88.03647639302977,41.24840806728515]]]}},{"type":"Feature","properties":{"rain":0.004,"period":"3day","row":11,"col":20,"distance_miles":34.45,"normal":null,"departure":null,"percent_normal":null},"geometry":{"type":"Polygon","coordinates":[[[-87.98803874941223,41.23728146604859],[-87.93962615026555,41.2261250695714],[-87.95446678216126,41.189726479493544],[-88.00284234033687,41.200870245503374],[-87.98803874941223,41.23728146604859]]]}},{"type":"Feature","properties":{"rain":0.012,"period":"3day","row":11,"col":21,"distance_miles":33.91,"normal":null,"departure":null,"percent_normal":null},"geometry":{"type":"Polygon","coordinates":[[[-87.93962615026555,41.2261250695714],[-87.89123864524636,41.214938909976055],[-87.90611625661263,41.178552978888995],[-87.95446678216126,41.189726479493544],[-87.93962615026555,41.2261250695714]]]}},{"type":"Feature","properties":{"rain":0.012,"period":"3day","row":11,"col":22,"distance_miles":33.57,"normal":null,"departure":null,"percent_normal":null},"geometry":{"type":"Polygon","coordinates":[[[-87.89123864524636,41.214938909976055],[-87.84287628381657,41.20372301944131],[-87.85779081307565,41.167349775794065],[-87.90611625661263,41.178552978888995],[-87.89123864524636,41.214938909976055]]]}},{"type":"Feature","properties":{"rain":0.012,"period":"3day","row":11,"col":23,"distance_miles":33.44,"normal":null,"departure":null,"percent_normal":null},"geometry":{"type":"Polygon","coordinates":[[[-87.84287628381657,41.20372301944131],[-87.7945391152434,41.19247743020192],[-87.80949050074098,41.15611690236904],[-87.85779081307565,41.167349775794065],[-87.84287628381657,41.20372301944131]]]}},{"type":"Feature","properties":{"rain":0.071,"period":"3day","row":11,"col":24,"distance_miles":33.51,"normal":null,"departure":null,"percent_normal":null},"geometry":{"type":"Polygon","coordinates":[[[-87.7945391152434,41.19247743020192],[-87.74622718859935,41.1812021745483],[-87.7612153686053,41.14485439082984],[-87.80949050074098,41.15611690236904],[-87.7945391152434,41.19247743020192]]]}},{"type":"Feature","properties":{"rain":0.201,"period":"3day","row":11,"col":25,"distance_miles":33.78,"normal":null,"departure":null,"percent_normal":null},"geometry":{"type":"Polygon","coordinates":[[[-87.74622718859935,41.1812021745483],[-87.69794055276209,41.169897284826256],[-87.71296546547117,41.13356227344766],[-87.7612153686053,41.14485439082984],[-87.74622718859935,41.1812021745483]]]}},{"type":"Feature","properties":{"rain":0.26,"period":"3day","row":11,"col":26,"distance_miles":34.26,"normal":null,"departure":null,"percent_normal":null},"geometry":{"type":"Polygon","coordinates":[[[-87.69794055276209,41.169897284826256],[-87.64967925641442,41.158562793436715],[-87.66474083994706,41.12224058254879],[-87.71296546547117,41.13356227344766],[-87.69794055276209,41.169897284826256]]]}},{"type":"Feature","properties":{"rain":0.138,"period":"3day","row":11,"col":27,"distance_miles":34.93,"normal":null,"departure":null,"percent_normal":null},"geometry":{"type":"Polygon","coordinates":[[[-87.64967925641442,41.158562793436715],[-87.60144334804423,41.147198732835385],[-87.61654154044722,41.11088935051422],[-87.66474083994706,41.12224058254879],[-87.64967925641442,41.158562793436715]]]}},{"type":"Feature","properties":{"rain":0.118,"period":"3day","row":11,"col":28,"distance_miles":35.78,"normal":null,"departure":null,"percent_normal":null},"geometry":{"type":"Polygon","coordinates":[[[-87.60144334804423,41.147198732835385],[-87.55323287594445,41.13580513553247],[-87.56836761519172,41.099508609779434],[-87.61654154044722,41.11088935051422],[-87.60144334804423,41.147198732835385]]]}},{"type":"Feature","properties":{"rain":0.083,"period":"3day","row":11,"col":29,"distance_miles":36.8,"normal":null,"departure":null,"percent_normal":null},"geometry":{"type":"Polygon","coordinates":[[[-87.55323287594445,41.13580513553247],[-87.50504788821303,41.12438203409243],[-87.52021911220638,41.08809839283402],[-87.56836761519172,41.099508609779434],[-87.55323287594445,41.13580513553247]]]}},{"type":"Feature","properties":{"rain":0.071,"period":"3day","row":11,"col":30,"distance_miles":37.97,"normal":null,"departure":null,"percent_normal":null},"geometry":{"type":"Polygon","coordinates":[[[-87.50504788821303,41.12438203409243],[-87.45688843275293,41.1129294611336],[-87.47209607932265,41.076658732221446],[-87.52021911220638,41.08809839283402],[-87.50504788821303,41.12438203409243]]]}},{"type":"Feature","properties":{"rain":0.051,"period":"3day","row":11,"col":31,"distance_miles":39.29,"normal":null,"departure":null,"percent_normal":null},"geometry":{"type":"Polygon","coordinates":[[[-87.45688843275293,41.1129294611336],[-87.40875455727199,41.10144744932795],[-87.42399856417775,41.06518966053877],[-87.47209607932265,41.076658732221446],[-87.45688843275293,41.1129294611336]]]}},{"type":"Feature","properties":{"rain":0.02,"period":"3day","row":11,"col":32,"distance_miles":40.73,"normal":null,"departure":null,"percent_normal":null},"geometry":{"type":"Polygon","coordinates":[[[-87.40875455727199,41.10144744932795],[-87.36064630928296,41.08993603140078],[-87.37592661421445,41.053691210436284],[-87.42399856417775,41.06518966053877],[-87.40875455727199,41.10144744932795]]]}},{"type":"Feature","properties":{"rain":0.012,"period":"3day","row":11,"col":33,"distance_miles":42.29,"normal":null,"departure":null,"percent_normal":null},"geometry":{"type":"Polygon","coordinates":[[[-87.36064630928296,41.08993603140078],[-87.31256373610353,41.078395240130426],[-87.32788027668119,41.0421634146173],[-87.37592661421445,41.053691210436284],[-87.36064630928296,41.08993603140078]]]}},{"type":"Feature","properties":{"rain":0.004,"period":"3day","row":11,"col":34,"distance_miles":43.95,"normal":null,"departure":null,"percent_normal":null},"geometry":{"type":"Polygon","coordinates":[[[-87.31256373610353,41.078395240130426],[-87.26450688485616,41.06682510834795],[-87.27985959863192,41.03060630583778],[-87.32788027668119,41.0421634146173],[-87.31256373610353,41.078395240130426]]]}},{"type":"Feature","properties":{"rain":0.004,"period":"3day","row":11,"col":35,"distance_miles":45.7,"normal":null,"departure":null,"percent_normal":null},"geometry":{"type":"Polygon","coordinates":[[[-87.26450688485616,41.06682510834795],[-87.21647580246821,41.055225668936856],[-87.23186462692624,41.0190199169061],[-87.27985959863192,41.03060630583778],[-87.26450688485616,41.06682510834795]]]}},{"type":"Feature","properties":{"rain":0.012,"period":"3day","row":11,"col":36,"distance_miles":47.53,"normal":null,"departure":null,"percent_normal":null},"geometry":{"type":"Polygon","coordinates":[[[-87.21647580246821,41.055225668936856],[-87.16847053567182,41.04359695483283],[-87.1838954082292,41.00740428068274],[-87.23186462692624,41.0190199169061],[-87.21647580246821,41.055225668936856]]]}},{"type":"Feature","properties":{"rain":0.016,"period":"3day","row":11,"col":37,"distance_miles":49.43,"normal":null,"departure":null,"percent_normal":null},"geometry":{"type":"Polygon","coordinates":[[[-87.16847053567182,41.04359695483283],[-87.12049113100396,41.03193899902339],[-87.13595198901149,40.995759430079964],[-87.1838954082292,41.00740428068274],[-87.16847053567182,41.04359695483283]]]}},{"type":"Feature","properties":{"rain":0.594,"period":"3day","row":12,"col":9,"distance_miles":48.35,"normal":null,"departure":null,"percent_normal":null},"geometry":{"type":"Polygon","coordinates":[[[-88.53661131567398,41.32148006337],[-88.48796371339687,41.31066548050291],[-88.50236905297065,41.27413735433969],[-88.55097899479048,41.284939644515106],[-88.53661131567398,41.32148006337]]]}},{"type":"Feature","properties":{"rain":0.453,"period":"3day","row":12,"col":10,"distance_miles":46.35,"normal":null,"departure":null,"percent_normal":null},"geometry":{"type":"Polygon","coordinates":[[[-88.48796371339687,41.31066548050291],[-88.4393405877331,41.29982081366784],[-88.45378352735568,41.263305009502936],[-88.50236905297065,41.27413735433969],[-88.48796371339687,41.31066548050291]]]}},{"type":"Feature","properties":{"rain":0.386,"period":"3day","row":12,"col":11,"distance_miles":44.41,"normal":null,"departure":null,"percent_normal":null},"geometry":{"type":"Polygon","coordinates":[[[-88.4393405877331,41.29982081366784],[-88.39074199019636,41.288946094334655],[-88.40522246937392,41.25244264140128],[-88.45378352735568,41.263305009502936],[-88.4393405877331,41.29982081366784]]]}},{"type":"Feature","properties":{"rain":0.323,"period":"3day","row":12,"col":12,"distance_miles":42.56,"normal":null,"departure":null,"percent_normal":null},"geometry":{"type":"Polygon","coordinates":[[[-88.39074199019636,41.288946094334655],[-88.34216797210715,41.27804135403233],[-88.35668593026128,41.24155028149023],[-88.40522246937392,41.25244264140128],[-88.39074199019636,41.288946094334655]]]}},{"type":"Feature","properties":{"rain":0.291,"period":"3day","row":12,"col":13,"distance_miles":40.78,"normal":null,"departure":null,"percent_normal":null},"geometry":{"type":"Polygon","coordinates":[[[-88.34216797210715,41.27804135403233],[-88.29361858459272,41.26710662434876],[-88.30817396106117,41.23062796128408],[-88.35668593026128,41.24155028149023],[-88.34216797210715,41.27804135403233]]]}},{"type":"Feature","properties":{"rain":0.244,"period":"3day","row":12,"col":14,"distance_miles":39.11,"normal":null,"departure":null,"percent_normal":null},"geometry":{"type":"Polygon","coordinates":[[[-88.29361858459272,41.26710662434876],[-88.24509387858707,41.25614193693037],[-88.25968661262445,41.21967571235561],[-88.30817396106117,41.23062796128408],[-88.29361858459272,41.26710662434876]]]}},{"type":"Feature","properties":{"rain":0.189,"period":"3day","row":12,"col":15,"distance_miles":37.54,"normal":null,"departure":null,"percent_normal":null},"geometry":{"type":"Polygon","coordinates":[[[-88.24509387858707,41.25614193693037],[-88.19659390483076,41.24514732348184],[-88.21122393560931,41.20869356633582],[-88.25968661262445,41.21967571235561],[-88.24509387858707,41.25614193693037]]]}},{"type":"Feature","properties":{"rain":0.118,"period":"3day","row":12,"col":16,"distance_miles":36.1,"normal":null,"departure":null,"percent_normal":null},"geometry":{"type":"Polygon","coordinates":[[[-88.19659390483076,41.24514732348184],[-88.1481187138709,41.23412281576585],[-88.16278598048122,41.197681554913615],[-88.21122393560931,41.20869356633582],[-88.19659390483076,41.24514732348184]]]}},{"type":"Feature","properties":{"rain":0.071,"period":"3day","row":12,"col":17,"distance_miles":34.8,"normal":null,"departure":null,"percent_normal":null},"geometry":{"type":"Polygon","coordinates":[[[-88.1481187138709,41.23412281576585],[-88.09966835606097,41.22306844560276],[-88.11437279751277,41.186639709835475],[-88.16278598048122,41.197681554913615],[-88.1481187138709,41.23412281576585]]]}},{"type":"Feature","properties":{"rain":0.051,"period":"3day","row":12,"col":18,"distance_miles":33.66,"normal":null,"departure":null,"percent_normal":null},"geometry":{"type":"Polygon","coordinates":[[[-88.09966835606097,41.22306844560276],[-88.0512428815609,41.21198424487033],[-88.06598443678371,41.17556806290524],[-88.11437279751277,41.186639709835475],[-88.09966835606097,41.22306844560276]]]}},{"type":"Feature","properties":{"rain":0.051,"period":"3day","row":12,"col":19,"distance_miles":32.69,"normal":null,"departure":null,"percent_normal":null},"geometry":{"type":"Polygon","coordinates":[[[-88.0512428815609,41.21198424487033],[-88.00284234033687,41.200870245503374],[-88.01762094818076,41.164466645983765],[-88.06598443678371,41.17556806290524],[-88.0512428815609,41.21198424487033]]]}},{"type":"Feature","properties":{"rain":0.035,"period":"3day","row":12,"col":20,"distance_miles":31.9,"normal":null,"departure":null,"percent_normal":null},"geometry":{"type":"Polygon","coordinates":[[[-88.00284234033687,41.200870245503374],[-87.95446678216126,41.189726479493544],[-87.96928238139765,41.15333549098862],[-88.01762094818076,41.164466645983765],[-88.00284234033687,41.200870245503374]]]}},{"type":"Feature","properties":{"rain":0.016,"period":"3day","row":12,"col":21,"distance_miles":31.32,"normal":null,"departure":null,"percent_normal":null},"geometry":{"type":"Polygon","coordinates":[[[-87.95446678216126,41.189726479493544],[-87.90611625661263,41.178552978888995],[-87.92096878593495,41.14217462989385],[-87.96928238139765,41.15333549098862],[-87.95446678216126,41.189726479493544]]]}},{"type":"Feature","properties":{"rain":0.004,"period":"3day","row":12,"col":22,"distance_miles":30.96,"normal":null,"departure":null,"percent_normal":null},"geometry":{"type":"Polygon","coordinates":[[[-87.90611625661263,41.178552978888995],[-87.85779081307565,41.167349775794065],[-87.8726802111001,41.13098409472962],[-87.92096878593495,41.14217462989385],[-87.90611625661263,41.178552978888995]]]}},{"type":"Feature","properties":{"rain":0.024,"period":"3day","row":12,"col":23,"distance_miles":30.81,"normal":null,"departure":null,"percent_normal":null},"geometry":{"type":"Polygon","coordinates":[[[-87.85779081307565,41.167349775794065],[-87.80949050074098,41.15611690236904],[-87.82441670600726,41.119763917581956],[-87.8726802111001,41.13098409472962],[-87.85779081307565,41.167349775794065]]]}},{"type":"Feature","properties":{"rain":0.154,"period":"3day","row":12,"col":24,"distance_miles":30.89,"normal":null,"departure":null,"percent_normal":null},"geometry":{"type":"Polygon","coordinates":[[[-87.80949050074098,41.15611690236904],[-87.7612153686053,41.14485439082984],[-87.77617831957734,41.10851413059246],[-87.82441670600726,41.119763917581956],[-87.80949050074098,41.15611690236904]]]}},{"type":"Feature","properties":{"rain":0.366,"period":"3day","row":12,"col":25,"distance_miles":31.19,"normal":null,"departure":null,"percent_normal":null},"geometry":{"type":"Polygon","coordinates":[[[-87.7612153686053,41.14485439082984],[-87.71296546547117,41.13356227344766],[-87.72796510053789,41.09723476595798],[-87.77617831957734,41.10851413059246],[-87.7612153686053,41.14485439082984]]]}},{"type":"Feature","properties":{"rain":0.374,"period":"3day","row":12,"col":26,"distance_miles":31.7,"normal":null,"departure":null,"percent_normal":null},"geometry":{"type":"Polygon","coordinates":[[[-87.71296546547117,41.13356227344766],[-87.66474083994706,41.12224058254879],[-87.67977709742304,41.08592585593035],[-87.72796510053789,41.09723476595798],[-87.71296546547117,41.13356227344766]]]}},{"type":"Feature","properties":{"rain":0.319,"period":"3day","row":12,"col":27,"distance_miles":32.42,"normal":null,"departure":null,"percent_normal":null},"geometry":{"type":"Polygon","coordinates":[[[-87.66474083994706,41.12224058254879],[-87.61654154044722,41.11088935051422],[-87.6316143585735,41.07458743281608],[-87.67977709742304,41.08592585593035],[-87.66474083994706,41.12224058254879]]]}},{"type":"Feature","properties":{"rain":0.248,"period":"3day","row":12,"col":28,"distance_miles":33.34,"normal":null,"departure":null,"percent_normal":null},"geometry":{"type":"Polygon","coordinates":[[[-87.61654154044722,41.11088935051422],[-87.56836761519172,41.099508609779434],[-87.58347693213649,41.06321952897611],[-87.6316143585735,41.07458743281608],[-87.61654154044722,41.11088935051422]]]}},{"type":"Feature","properties":{"rain":0.134,"period":"3day","row":12,"col":29,"distance_miles":34.43,"normal":null,"departure":null,"percent_normal":null},"geometry":{"type":"Polygon","coordinates":[[[-87.56836761519172,41.099508609779434],[-87.52021911220638,41.08809839283402],[-87.53536486606568,41.051822176825404],[-87.58347693213649,41.06321952897611],[-87.56836761519172,41.099508609779434]]]}},{"type":"Feature","properties":{"rain":0.063,"period":"3day","row":12,"col":30,"distance_miles":35.68,"normal":null,"departure":null,"percent_normal":null},"geometry":{"type":"Polygon","coordinates":[[[-87.52021911220638,41.08809839283402],[-87.47209607932265,41.076658732221446],[-87.48727820812118,41.04039540883279],[-87.53536486606568,41.051822176825404],[-87.52021911220638,41.08809839283402]]]}},{"type":"Feature","properties":{"rain":0.02,"period":"3day","row":12,"col":31,"distance_miles":37.08,"normal":null,"departure":null,"percent_normal":null},"geometry":{"type":"Polygon","coordinates":[[[-87.47209607932265,41.076658732221446],[-87.42399856417775,41.06518966053877],[-87.43921700586951,41.0289392575206],[-87.48727820812118,41.04039540883279],[-87.47209607932265,41.076658732221446]]]}},{"type":"Feature","properties":{"rain":0.0,"period":"3day","row":12,"col":32,"distance_miles":38.6,"normal":null,"departure":null,"percent_normal":null},"geometry":{"type":"Polygon","coordinates":[[[-87.42399856417775,41.06518966053877],[-87.37592661421445,41.053691210436284],[-87.39118130668352,41.01745375546434],[-87.43921700586951,41.0289392575206],[-87.42399856417775,41.06518966053877]]]}},{"type":"Feature","properties":{"rain":0.0,"period":"3day","row":12,"col":33,"distance_miles":40.24,"normal":null,"departure":null,"percent_normal":null},"geometry":{"type":"Polygon","coordinates":[[[-87.37592661421445,41.053691210436284],[-87.32788027668119,41.0421634146173],[-87.34317115774242,41.00593893529252],[-87.39118130668352,41.01745375546434],[-87.37592661421445,41.053691210436284]]]}},{"type":"Feature","properties":{"rain":0.0,"period":"3day","row":12,"col":34,"distance_miles":41.98,"normal":null,"departure":null,"percent_normal":null},"geometry":{"type":"Polygon","coordinates":[[[-87.32788027668119,41.0421634146173],[-87.27985959863192,41.03060630583778],[-87.29518660603172,40.99439482968619],[-87.34317115774242,41.00593893529252],[-87.32788027668119,41.0421634146173]]]}},{"type":"Feature","properties":{"rain":0.0,"period":"3day","row":12,"col":35,"distance_miles":43.81,"normal":null,"departure":null,"percent_normal":null},"geometry":{"type":"Polygon","coordinates":[[[-87.27985959863192,41.03060630583778],[-87.23186462692624,41.0190199169061],[-87.2472276983432,40.98282147137884],[-87.29518660603172,40.99439482968619],[-87.27985959863192,41.03060630583778]]]}},{"type":"Feature","properties":{"rain":0.012,"period":"3day","row":12,"col":36,"distance_miles":45.71,"normal":null,"departure":null,"percent_normal":null},"geometry":{"type":"Polygon","coordinates":[[[-87.23186462692624,41.0190199169061],[-87.1838954082292,41.00740428068274],[-87.1992944812749,40.97121889315594],[-87.2472276983432,40.98282147137884],[-87.23186462692624,41.0190199169061]]]}},{"type":"Feature","properties":{"rain":0.016,"period":"3day","row":12,"col":37,"distance_miles":47.69,"normal":null,"departure":null,"percent_normal":null},"geometry":{"type":"Polygon","coordinates":[[[-87.1838954082292,41.00740428068274],[-87.13595198901149,40.995759430079964],[-87.15138700123117,40.95958712785476],[-87.1992944812749,40.97121889315594],[-87.1838954082292,41.00740428068274]]]}},{"type":"Feature","properties":{"rain":0.016,"period":"3day","row":12,"col":38,"distance_miles":49.72,"normal":null,"departure":null,"percent_normal":null},"geometry":{"type":"Polygon","coordinates":[[[-87.13595198901149,40.995759430079964],[-87.08803441554916,40.98408539806157],[-87.10350530442248,40.94792620836397],[-87.15138700123117,40.95958712785476],[-87.13595198901149,40.995759430079964]]]}},{"type":"Feature","properties":{"rain":1.677,"period":"3day","row":13,"col":8,"distance_miles":48.84,"normal":null,"departure":null,"percent_normal":null},"geometry":{"type":"Polygon","coordinates":[[[-88.59961330119462,41.29571184869212],[-88.55097899479048,41.284939644515106],[-88.56532230929069,41.248407070836215],[-88.61391894672795,41.259167030756295],[-88.59961330119462,41.29571184869212]]]}},{"type":"Feature","properties":{"rain":1.512,"period":"3day","row":13,"col":9,"distance_miles":46.71,"normal":null,"departure":null,"percent_normal":null},"geometry":{"type":"Polygon","coordinates":[[[-88.55097899479048,41.284939644515106],[-88.50236905297065,41.27413735433969],[-88.5167499763075,41.23761705426682],[-88.56532230929069,41.248407070836215],[-88.55097899479048,41.284939644515106]]]}},{"type":"Feature","properties":{"rain":1.39,"period":"3day","row":13,"col":10,"distance_miles":44.64,"normal":null,"departure":null,"percent_normal":null},"geometry":{"type":"Polygon","coordinates":[[[-88.50236905297065,41.27413735433969],[-88.45378352735568,41.263305009502936],[-88.468201999313,41.22679701231201],[-88.5167499763075,41.23761705426682],[-88.50236905297065,41.27413735433969]]]}},{"type":"Feature","properties":{"rain":1.248,"period":"3day","row":13,"col":11,"distance_miles":42.63,"normal":null,"departure":null,"percent_normal":null},"geometry":{"type":"Polygon","coordinates":[[[-88.45378352735568,41.263305009502936],[-88.40522246937392,41.25244264140128],[-88.41967842965029,41.215946976295065],[-88.468201999313,41.22679701231201],[-88.45378352735568,41.263305009502936]]]}},{"type":"Feature","properties":{"rain":1.177,"period":"3day","row":13,"col":12,"distance_miles":40.69,"normal":null,"departure":null,"percent_normal":null},"geometry":{"type":"Polygon","coordinates":[[[-88.40522246937392,41.25244264140128],[-88.35668593026128,41.24155028149023],[-88.37117931847077,41.20506697759817],[-88.41967842965029,41.215946976295065],[-88.40522246937392,41.25244264140128]]]}},{"type":"Feature","properties":{"rain":1.102,"period":"3day","row":13,"col":13,"distance_miles":38.84,"normal":null,"departure":null,"percent_normal":null},"geometry":{"type":"Polygon","coordinates":[[[-88.35668593026128,41.24155028149023],[-88.30817396106117,41.23062796128408],[-88.3227047167341,41.19415704766231],[-88.37117931847077,41.20506697759817],[-88.35668593026128,41.24155028149023]]]}},{"type":"Feature","properties":{"rain":0.913,"period":"3day","row":13,"col":14,"distance_miles":37.07,"normal":null,"departure":null,"percent_normal":null},"geometry":{"type":"Polygon","coordinates":[[[-88.30817396106117,41.23062796128408],[-88.25968661262445,41.21967571235561],[-88.27425467520811,41.18321721798682],[-88.3227047167341,41.19415704766231],[-88.30817396106117,41.23062796128408]]]}},{"type":"Feature","properties":{"rain":0.528,"period":"3day","row":13,"col":15,"distance_miles":35.42,"normal":null,"departure":null,"percent_normal":null},"geometry":{"type":"Polygon","coordinates":[[[-88.25968661262445,41.21967571235561],[-88.21122393560931,41.20869356633582],[-88.2258292444687,41.17224752012922],[-88.27425467520811,41.18321721798682],[-88.25968661262445,41.21967571235561]]]}},{"type":"Feature","properties":{"rain":0.354,"period":"3day","row":13,"col":16,"distance_miles":33.89,"normal":null,"departure":null,"percent_normal":null},"geometry":{"type":"Polygon","coordinates":[[[-88.21122393560931,41.20869356633582],[-88.16278598048122,41.197681554913615],[-88.17742847489974,41.16124798570481],[-88.2258292444687,41.17224752012922],[-88.21122393560931,41.20869356633582]]]}},{"type":"Feature","properties":{"rain":0.189,"period":"3day","row":13,"col":17,"distance_miles":32.5,"normal":null,"departure":null,"percent_normal":null},"geometry":{"type":"Polygon","coordinates":[[[-88.16278598048122,41.197681554913615],[-88.11437279751277,41.186639709835475],[-88.12905241669304,41.150218646386485],[-88.17742847489974,41.16124798570481],[-88.16278598048122,41.197681554913615]]]}},{"type":"Feature","properties":{"rain":0.142,"period":"3day","row":13,"col":18,"distance_miles":31.27,"normal":null,"departure":null,"percent_normal":null},"geometry":{"type":"Polygon","coordinates":[[[-88.11437279751277,41.186639709835475],[-88.06598443678371,41.17556806290524],[-88.08070111984821,41.13915953390433],[-88.12905241669304,41.150218646386485],[-88.11437279751277,41.186639709835475]]]}},{"type":"Feature","properties":{"rain":0.165,"period":"3day","row":13,"col":19,"distance_miles":30.23,"normal":null,"departure":null,"percent_normal":null},"geometry":{"type":"Polygon","coordinates":[[[-88.06598443678371,41.17556806290524],[-88.01762094818076,41.164466645983765],[-88.03237463417265,41.128070680045475],[-88.08070111984821,41.13915953390433],[-88.06598443678371,41.17556806290524]]]}},{"type":"Feature","properties":{"rain":0.126,"period":"3day","row":13,"col":20,"distance_miles":29.38,"normal":null,"departure":null,"percent_normal":null},"geometry":{"type":"Polygon","coordinates":[[[-88.01762094818076,41.164466645983765],[-87.96928238139765,41.15333549098862],[-87.98407300928142,41.11695211665361],[-88.03237463417265,41.128070680045475],[-88.01762094818076,41.164466645983765]]]}},{"type":"Feature","properties":{"rain":0.091,"period":"3day","row":13,"col":21,"distance_miles":28.74,"normal":null,"departure":null,"percent_normal":null},"geometry":{"type":"Polygon","coordinates":[[[-87.96928238139765,41.15333549098862],[-87.92096878593495,41.14217462989385],[-87.93579629459721,41.1058038756289],[-87.98407300928142,41.11695211665361],[-87.96928238139765,41.15333549098862]]]}},{"type":"Feature","properties":{"rain":0.142,"period":"3day","row":13,"col":22,"distance_miles":28.34,"normal":null,"departure":null,"percent_normal":null},"geometry":{"type":"Polygon","coordinates":[[[-87.92096878593495,41.14217462989385],[-87.8726802111001,41.13098409472962],[-87.8875445393503,41.09462598892752],[-87.93579629459721,41.1058038756289],[-87.92096878593495,41.14217462989385]]]}},{"type":"Feature","properties":{"rain":0.386,"period":"3day","row":13,"col":23,"distance_miles":28.18,"normal":null,"departure":null,"percent_normal":null},"geometry":{"type":"Polygon","coordinates":[[[-87.8726802111001,41.13098409472962],[-87.82441670600726,41.119763917581956],[-87.83931779257838,41.083418488561485],[-87.8875445393503,41.09462598892752],[-87.8726802111001,41.13098409472962]]]}},{"type":"Feature","properties":{"rain":0.366,"period":"3day","row":13,"col":24,"distance_miles":28.27,"normal":null,"departure":null,"percent_normal":null},"geometry":{"type":"Polygon","coordinates":[[[-87.82441670600726,41.119763917581956],[-87.77617831957734,41.10851413059246],[-87.79111610312668,41.07218140659827],[-87.83931779257838,41.083418488561485],[-87.82441670600726,41.119763917581956]]]}},{"type":"Feature","properties":{"rain":0.339,"period":"3day","row":13,"col":25,"distance_miles":28.59,"normal":null,"departure":null,"percent_normal":null},"geometry":{"type":"Polygon","coordinates":[[[-87.77617831957734,41.10851413059246],[-87.72796510053789,41.09723476595798],[-87.74293951964775,41.06091477516061],[-87.79111610312668,41.07218140659827],[-87.77617831957734,41.10851413059246]]]}},{"type":"Feature","properties":{"rain":0.335,"period":"3day","row":13,"col":26,"distance_miles":29.16,"normal":null,"departure":null,"percent_normal":null},"geometry":{"type":"Polygon","coordinates":[[[-87.72796510053789,41.09723476595798],[-87.67977709742304,41.08592585593035],[-87.69478809060146,41.04961862642608],[-87.74293951964775,41.06091477516061],[-87.72796510053789,41.09723476595798]]]}},{"type":"Feature","properties":{"rain":0.291,"period":"3day","row":13,"col":27,"distance_miles":29.94,"normal":null,"departure":null,"percent_normal":null},"geometry":{"type":"Polygon","coordinates":[[[-87.67977709742304,41.08592585593035],[-87.6316143585735,41.07458743281608],[-87.646661864255,41.03829299262696],[-87.69478809060146,41.04961862642608],[-87.67977709742304,41.08592585593035]]]}},{"type":"Feature","properties":{"rain":0.161,"period":"3day","row":13,"col":28,"distance_miles":30.93,"normal":null,"departure":null,"percent_normal":null},"geometry":{"type":"Polygon","coordinates":[[[-87.6316143585735,41.07458743281608],[-87.58347693213649,41.06321952897611],[-87.59856088868278,41.02693790604978],[-87.646661864255,41.03829299262696],[-87.6316143585735,41.07458743281608]]]}},{"type":"Feature","properties":{"rain":0.059,"period":"3day","row":13,"col":29,"distance_miles":32.1,"normal":null,"departure":null,"percent_normal":null},"geometry":{"type":"Polygon","coordinates":[[[-87.58347693213649,41.06321952897611],[-87.53536486606568,41.051822176825404],[-87.55048521176639,41.015553399035184],[-87.59856088868278,41.02693790604978],[-87.58347693213649,41.06321952897611]]]}},{"type":"Feature","properties":{"rain":0.012,"period":"3day","row":13,"col":30,"distance_miles":33.44,"normal":null,"departure":null,"percent_normal":null},"geometry":{"type":"Polygon","coordinates":[[[-87.53536486606568,41.051822176825404],[-87.48727820812118,41.04039540883279],[-87.5024348811946,41.00413950397752],[-87.55048521176639,41.015553399035184],[-87.53536486606568,41.051822176825404]]]}},{"type":"Feature","properties":{"rain":0.0,"period":"3day","row":13,"col":31,"distance_miles":34.92,"normal":null,"departure":null,"percent_normal":null},"geometry":{"type":"Polygon","coordinates":[[[-87.48727820812118,41.04039540883279],[-87.43921700586951,41.0289392575206],[-87.4544099444633,40.99269625332461],[-87.5024348811946,41.00413950397752],[-87.48727820812118,41.04039540883279]]]}},{"type":"Feature","properties":{"rain":0.004,"period":"3day","row":13,"col":32,"distance_miles":36.54,"normal":null,"departure":null,"percent_normal":null},"geometry":{"type":"Polygon","coordinates":[[[-87.43921700586951,41.0289392575206],[-87.39118130668352,41.01745375546434],[-87.4064104488754,40.981223679577425],[-87.4544099444633,40.99269625332461],[-87.43921700586951,41.0289392575206]]]}},{"type":"Feature","properties":{"rain":0.004,"period":"3day","row":13,"col":33,"distance_miles":38.26,"normal":null,"departure":null,"percent_normal":null},"geometry":{"type":"Polygon","coordinates":[[[-87.39118130668352,41.01745375546434],[-87.34317115774242,41.00593893529252],[-87.35843644154097,40.96972181528981],[-87.4064104488754,40.981223679577425],[-87.39118130668352,41.01745375546434]]]}},{"type":"Feature","properties":{"rain":0.0,"period":"3day","row":13,"col":34,"distance_miles":40.09,"normal":null,"departure":null,"percent_normal":null},"geometry":{"type":"Polygon","coordinates":[[[-87.34317115774242,41.00593893529252],[-87.29518660603172,40.99439482968619],[-87.31048796937704,40.95819069306823],[-87.35843644154097,40.96972181528981],[-87.34317115774242,41.00593893529252]]]}},{"type":"Feature","properties":{"rain":0.0,"period":"3day","row":13,"col":35,"distance_miles":41.99,"normal":null,"departure":null,"percent_normal":null},"geometry":{"type":"Polygon","coordinates":[[[-87.29518660603172,40.99439482968619],[-87.2472276983432,40.98282147137884],[-87.26256507910763,40.94663034557139],[-87.31048796937704,40.95819069306823],[-87.29518660603172,40.99439482968619]]]}},{"type":"Feature","properties":{"rain":0.004,"period":"3day","row":13,"col":36,"distance_miles":43.98,"normal":null,"departure":null,"percent_normal":null},"geometry":{"type":"Polygon","coordinates":[[[-87.2472276983432,40.98282147137884],[-87.1992944812749,40.97121889315594],[-87.21466781726377,40.93504080551002],[-87.26256507910763,40.94663034557139],[-87.2472276983432,40.98282147137884]]]}},{"type":"Feature","properties":{"rain":0.004,"period":"3day","row":13,"col":37,"distance_miles":46.03,"normal":null,"departure":null,"percent_normal":null},"geometry":{"type":"Polygon","coordinates":[[[-87.1992944812749,40.97121889315594],[-87.15138700123117,40.95958712785476],[-87.16679623018348,40.92342210564657],[-87.21466781726377,40.93504080551002],[-87.1992944812749,40.97121889315594]]]}},{"type":"Feature","properties":{"rain":0.0,"period":"3day","row":13,"col":38,"distance_miles":48.13,"normal":null,"departure":null,"percent_normal":null},"geometry":{"type":"Polygon","coordinates":[[[-87.15138700123117,40.95958712785476],[-87.10350530442248,40.94792620836397],[-87.1189503640117,40.91177427879486],[-87.16679623018348,40.92342210564657],[-87.15138700123117,40.95958712785476]]]}},{"type":"Feature","properties":{"rain":2.681,"period":"3day","row":14,"col":7,"distance_miles":49.61,"normal":null,"departure":null,"percent_normal":null},"geometry":{"type":"Polygon","coordinates":[[[-88.66253983689319,41.26989690282269],[-88.61391894672795,41.259167030756295],[-88.62820033950142,41.22263008907293],[-88.67678355257378,41.23334776528714],[-88.66253983689319,41.26989690282269]]]}},{"type":"Feature","properties":{"rain":2.654,"period":"3day","row":14,"col":8,"distance_miles":47.37,"normal":null,"departure":null,"percent_normal":null},"geometry":{"type":"Polygon","coordinates":[[[-88.61391894672795,41.259167030756295],[-88.56532230929069,41.248407070836215],[-88.5796413193049,41.21188235439604],[-88.62820033950142,41.22263008907293],[-88.61391894672795,41.259167030756295]]]}},{"type":"Feature","properties":{"rain":2.618,"period":"3day","row":14,"col":9,"distance_miles":45.18,"normal":null,"departure":null,"percent_normal":null},"geometry":{"type":"Polygon","coordinates":[[[-88.56532230929069,41.248407070836215],[-88.5167499763075,41.23761705426682],[-88.5311065436237,41.20110459238803],[-88.5796413193049,41.21188235439604],[-88.56532230929069,41.248407070836215]]]}},{"type":"Feature","properties":{"rain":2.449,"period":"3day","row":14,"col":10,"distance_miles":43.03,"normal":null,"departure":null,"percent_normal":null},"geometry":{"type":"Polygon","coordinates":[[[-88.5167499763075,41.23761705426682],[-88.468201999313,41.22679701231201],[-88.4825960639066,41.19029683423988],[-88.5311065436237,41.20110459238803],[-88.5167499763075,41.23761705426682]]]}},{"type":"Feature","properties":{"rain":2.205,"period":"3day","row":14,"col":11,"distance_miles":40.94,"normal":null,"departure":null,"percent_normal":null},"geometry":{"type":"Polygon","coordinates":[[[-88.468201999313,41.22679701231201],[-88.41967842965029,41.215946976295065],[-88.4341099314115,41.179459111201865],[-88.4825960639066,41.19029683423988],[-88.468201999313,41.22679701231201]]]}},{"type":"Feature","properties":{"rain":2.047,"period":"3day","row":14,"col":12,"distance_miles":38.92,"normal":null,"departure":null,"percent_normal":null},"geometry":{"type":"Polygon","coordinates":[[[-88.41967842965029,41.215946976295065],[-88.37117931847077,41.20506697759817],[-88.38564819720544,41.168591454583165],[-88.4341099314115,41.179459111201865],[-88.41967842965029,41.215946976295065]]]}},{"type":"Feature","properties":{"rain":1.681,"period":"3day","row":14,"col":13,"distance_miles":36.98,"normal":null,"departure":null,"percent_normal":null},"geometry":{"type":"Polygon","coordinates":[[[-88.37117931847077,41.20506697759817],[-88.3227047167341,41.19415704766231],[-88.33721091216437,41.15769389575156],[-88.38564819720544,41.168591454583165],[-88.37117931847077,41.20506697759817]]]}},{"type":"Feature","properties":{"rain":1.516,"period":"3day","row":14,"col":14,"distance_miles":35.12,"normal":null,"departure":null,"percent_normal":null},"geometry":{"type":"Polygon","coordinates":[[[-88.3227047167341,41.19415704766231],[-88.27425467520811,41.18321721798682],[-88.28879812697319,41.1467664661332],[-88.33721091216437,41.15769389575156],[-88.3227047167341,41.19415704766231]]]}},{"type":"Feature","properties":{"rain":1.24,"period":"3day","row":14,"col":15,"distance_miles":33.37,"normal":null,"departure":null,"percent_normal":null},"geometry":{"type":"Polygon","coordinates":[[[-88.27425467520811,41.18321721798682],[-88.2258292444687,41.17224752012922],[-88.24040989212561,41.13580919721233],[-88.28879812697319,41.1467664661332],[-88.27425467520811,41.18321721798682]]]}},{"type":"Feature","properties":{"rain":0.839,"period":"3day","row":14,"col":16,"distance_miles":31.74,"normal":null,"departure":null,"percent_normal":null},"geometry":{"type":"Polygon","coordinates":[[[-88.2258292444687,41.17224752012922],[-88.17742847489974,41.16124798570481],[-88.19204625792399,41.1248221205309],[-88.24040989212561,41.13580919721233],[-88.2258292444687,41.17224752012922]]]}},{"type":"Feature","properties":{"rain":0.437,"period":"3day","row":14,"col":17,"distance_miles":30.25,"normal":null,"departure":null,"percent_normal":null},"geometry":{"type":"Polygon","coordinates":[[[-88.17742847489974,41.16124798570481],[-88.12905241669304,41.150218646386485],[-88.14370727447938,41.113805267688356],[-88.19204625792399,41.1248221205309],[-88.17742847489974,41.16124798570481]]]}},{"type":"Feature","properties":{"rain":0.252,"period":"3day","row":14,"col":18,"distance_miles":28.93,"normal":null,"departure":null,"percent_normal":null},"geometry":{"type":"Polygon","coordinates":[[[-88.12905241669304,41.150218646386485],[-88.08070111984821,41.13915953390433],[-88.0953929917114,41.10275867034134],[-88.14370727447938,41.113805267688356],[-88.12905241669304,41.150218646386485]]]}},{"type":"Feature","properties":{"rain":0.193,"period":"3day","row":14,"col":19,"distance_miles":27.8,"normal":null,"departure":null,"percent_normal":null},"geometry":{"type":"Polygon","coordinates":[[[-88.08070111984821,41.13915953390433],[-88.03237463417265,41.128070680045475],[-88.04710345934814,41.091682360203365],[-88.0953929917114,41.10275867034134],[-88.08070111984821,41.13915953390433]]]}},{"type":"Feature","properties":{"rain":0.205,"period":"3day","row":14,"col":20,"distance_miles":26.87,"normal":null,"departure":null,"percent_normal":null},"geometry":{"type":"Polygon","coordinates":[[[-88.03237463417265,41.128070680045475],[-87.98407300928142,41.11695211665361],[-87.99883872692608,41.080576369044536],[-88.04710345934814,41.091682360203365],[-88.03237463417265,41.128070680045475]]]}},{"type":"Feature","properties":{"rain":0.331,"period":"3day","row":14,"col":21,"distance_miles":26.18,"normal":null,"departure":null,"percent_normal":null},"geometry":{"type":"Polygon","coordinates":[[[-87.98407300928142,41.11695211665361],[-87.93579629459721,41.1058038756289],[-87.95059884379012,41.069440728691305],[-87.99883872692608,41.080576369044536],[-87.98407300928142,41.11695211665361]]]}},{"type":"Feature","properties":{"rain":0.232,"period":"3day","row":14,"col":22,"distance_miles":25.73,"normal":null,"departure":null,"percent_normal":null},"geometry":{"type":"Polygon","coordinates":[[[-87.93579629459721,41.1058038756289],[-87.8875445393503,41.09462598892752],[-87.90238385909338,41.058275471026114],[-87.95059884379012,41.069440728691305],[-87.93579629459721,41.1058038756289]]]}},{"type":"Feature","properties":{"rain":0.283,"period":"3day","row":14,"col":23,"distance_miles":25.56,"normal":null,"departure":null,"percent_normal":null},"geometry":{"type":"Polygon","coordinates":[[[-87.8875445393503,41.09462598892752],[-87.83931779257838,41.083418488561485],[-87.85419382179721,41.04708062798714],[-87.90238385909338,41.058275471026114],[-87.8875445393503,41.09462598892752]]]}},{"type":"Feature","properties":{"rain":0.264,"period":"3day","row":14,"col":24,"distance_miles":25.65,"normal":null,"departure":null,"percent_normal":null},"geometry":{"type":"Polygon","coordinates":[[[-87.83931779257838,41.083418488561485],[-87.79111610312668,41.07218140659827],[-87.80602878067116,41.035856231567976],[-87.85419382179721,41.04708062798714],[-87.83931779257838,41.083418488561485]]]}},{"type":"Feature","properties":{"rain":0.35,"period":"3day","row":14,"col":25,"distance_miles":26.01,"normal":null,"departure":null,"percent_normal":null},"geometry":{"type":"Polygon","coordinates":[[[-87.79111610312668,41.07218140659827],[-87.74293951964775,41.06091477516061],[-87.75788878429283,41.02460231381742],[-87.80602878067116,41.035856231567976],[-87.79111610312668,41.07218140659827]]]}},{"type":"Feature","properties":{"rain":0.228,"period":"3day","row":14,"col":26,"distance_miles":26.63,"normal":null,"departure":null,"percent_normal":null},"geometry":{"type":"Polygon","coordinates":[[[-87.74293951964775,41.06091477516061],[-87.69478809060146,41.04961862642608],[-87.70977388104792,41.01331890683905],[-87.75788878429283,41.02460231381742],[-87.74293951964775,41.06091477516061]]]}},{"type":"Feature","properties":{"rain":0.11,"period":"3day","row":14,"col":27,"distance_miles":27.48,"normal":null,"departure":null,"percent_normal":null},"geometry":{"type":"Polygon","coordinates":[[[-87.69478809060146,41.04961862642608],[-87.646661864255,41.03829299262696],[-87.66168411913013,41.002006042791045],[-87.70977388104792,41.01331890683905],[-87.69478809060146,41.04961862642608]]]}},{"type":"Feature","properties":{"rain":0.051,"period":"3day","row":14,"col":28,"distance_miles":28.55,"normal":null,"departure":null,"percent_normal":null},"geometry":{"type":"Polygon","coordinates":[[[-87.646661864255,41.03829299262696],[-87.59856088868278,41.02693790604978],[-87.61361954654109,40.990663753885876],[-87.66168411913013,41.002006042791045],[-87.646661864255,41.03829299262696]]]}},{"type":"Feature","properties":{"rain":0.024,"period":"3day","row":14,"col":29,"distance_miles":29.82,"normal":null,"departure":null,"percent_normal":null},"geometry":{"type":"Polygon","coordinates":[[[-87.59856088868278,41.02693790604978],[-87.55048521176639,41.015553399035184],[-87.56558021109036,40.979292072389946],[-87.61361954654109,40.990663753885876],[-87.59856088868278,41.02693790604978]]]}},{"type":"Feature","properties":{"rain":0.031,"period":"3day","row":14,"col":30,"distance_miles":31.25,"normal":null,"departure":null,"percent_normal":null},"geometry":{"type":"Polygon","coordinates":[[[-87.55048521176639,41.015553399035184],[-87.5024348811946,41.00413950397752],[-87.5175661603954,40.9678910306234],[-87.56558021109036,40.979292072389946],[-87.55048521176639,41.015553399035184]]]}},{"type":"Feature","properties":{"rain":0.031,"period":"3day","row":14,"col":31,"distance_miles":32.84,"normal":null,"departure":null,"percent_normal":null},"geometry":{"type":"Polygon","coordinates":[[[-87.5024348811946,41.00413950397752],[-87.4544099444633,40.99269625332461],[-87.4695774418815,40.95646066095974],[-87.5175661603954,40.9678910306234],[-87.5024348811946,41.00413950397752]]]}},{"type":"Feature","properties":{"rain":0.024,"period":"3day","row":14,"col":32,"distance_miles":34.55,"normal":null,"departure":null,"percent_normal":null},"geometry":{"type":"Polygon","coordinates":[[[-87.4544099444633,40.99269625332461],[-87.4064104488754,40.981223679577425],[-87.4216141027817,40.94500099582563],[-87.4695774418815,40.95646066095974],[-87.4544099444633,40.99269625332461]]]}},{"type":"Feature","properties":{"rain":0.02,"period":"3day","row":14,"col":33,"distance_miles":36.37,"normal":null,"departure":null,"percent_normal":null},"geometry":{"type":"Polygon","coordinates":[[[-87.4064104488754,40.981223679577425],[-87.35843644154097,40.96972181528981],[-87.37367619013688,40.933512067700505],[-87.4216141027817,40.94500099582563],[-87.4064104488754,40.981223679577425]]]}},{"type":"Feature","properties":{"rain":0.004,"period":"3day","row":14,"col":34,"distance_miles":38.28,"normal":null,"departure":null,"percent_normal":null},"geometry":{"type":"Polygon","coordinates":[[[-87.35843644154097,40.96972181528981],[-87.31048796937704,40.95819069306823],[-87.32576375079564,40.92199390911634],[-87.37367619013688,40.933512067700505],[-87.35843644154097,40.96972181528981]]]}},{"type":"Feature","properties":{"rain":0.0,"period":"3day","row":14,"col":35,"distance_miles":40.27,"normal":null,"departure":null,"percent_normal":null},"geometry":{"type":"Polygon","coordinates":[[[-87.31048796937704,40.95819069306823],[-87.26256507910763,40.94663034557139],[-87.2778768314143,40.91044655265736],[-87.32576375079564,40.92199390911634],[-87.31048796937704,40.95819069306823]]]}},{"type":"Feature","properties":{"rain":0.0,"period":"3day","row":14,"col":36,"distance_miles":42.34,"normal":null,"departure":null,"percent_normal":null},"geometry":{"type":"Polygon","coordinates":[[[-87.26256507910763,40.94663034557139],[-87.21466781726377,40.93504080551002],[-87.2300154784569,40.898870030959756],[-87.2778768314143,40.91044655265736],[-87.26256507910763,40.94663034557139]]]}},{"type":"Feature","properties":{"rain":0.0,"period":"3day","row":14,"col":37,"distance_miles":44.46,"normal":null,"departure":null,"percent_normal":null},"geometry":{"type":"Polygon","coordinates":[[[-87.21466781726377,40.93504080551002],[-87.16679623018348,40.92342210564657],[-87.18217973819515,40.887264376711364],[-87.2300154784569,40.898870030959756],[-87.21466781726377,40.93504080551002]]]}},{"type":"Feature","properties":{"rain":0.0,"period":"3day","row":14,"col":38,"distance_miles":46.63,"normal":null,"departure":null,"percent_normal":null},"geometry":{"type":"Polygon","coordinates":[[[-87.16679623018348,40.92342210564657],[-87.1189503640117,40.91177427879486],[-87.13436965670834,40.875629622651346],[-87.18217973819515,40.887264376711364],[-87.16679623018348,40.92342210564657]]]}},{"type":"Feature","properties":{"rain":0.0,"period":"3day","row":14,"col":39,"distance_miles":48.85,"normal":null,"departure":null,"percent_normal":null},"geometry":{"type":"Polygon","coordinates":[[[-87.1189503640117,40.91177427879486],[-87.07113026470029,40.90009735781988],[-87.08658527988358,40.863965801570004],[-87.13436965670834,40.875629622651346],[-87.1189503640117,40.91177427879486]]]}},{"type":"Feature","properties":{"rain":2.85,"period":"3day","row":15,"col":7,"distance_miles":48.31,"normal":null,"departure":null,"percent_normal":null},"geometry":{"type":"Polygon","coordinates":[[[-88.67678355257378,41.23334776528714],[-88.62820033950142,41.22263008907293],[-88.64245753936727,41.186101035624326],[-88.6910031271769,41.19680653492812],[-88.67678355257378,41.23334776528714]]]}},{"type":"Feature","properties":{"rain":2.673,"period":"3day","row":15,"col":8,"distance_miles":46.01,"normal":null,"departure":null,"percent_normal":null},"geometry":{"type":"Polygon","coordinates":[[[-88.62820033950142,41.22263008907293],[-88.5796413193049,41.21188235439604],[-88.59393608477198,41.175365507217826],[-88.64245753936727,41.186101035624326],[-88.62820033950142,41.22263008907293]]]}},{"type":"Feature","properties":{"rain":2.787,"period":"3day","row":15,"col":9,"distance_miles":43.74,"normal":null,"departure":null,"percent_normal":null},"geometry":{"type":"Polygon","coordinates":[[[-88.5796413193049,41.21188235439604],[-88.5311065436237,41.20110459238803],[-88.54543881494402,41.1645999807675],[-88.59393608477198,41.175365507217826],[-88.5796413193049,41.21188235439604]]]}},{"type":"Feature","properties":{"rain":2.811,"period":"3day","row":15,"col":10,"distance_miles":41.52,"normal":null,"departure":null,"percent_normal":null},"geometry":{"type":"Polygon","coordinates":[[[-88.5311065436237,41.20110459238803],[-88.4825960639066,41.19029683423988],[-88.49696578124635,41.15380448739167],[-88.54543881494402,41.1645999807675],[-88.5311065436237,41.20110459238803]]]}},{"type":"Feature","properties":{"rain":2.689,"period":"3day","row":15,"col":11,"distance_miles":39.36,"normal":null,"departure":null,"percent_normal":null},"geometry":{"type":"Polygon","coordinates":[[[-88.4825960639066,41.19029683423988],[-88.4341099314115,41.179459111201865],[-88.44851703485185,41.142979058267805],[-88.49696578124635,41.15380448739167],[-88.4825960639066,41.19029683423988]]]}},{"type":"Feature","properties":{"rain":2.78,"period":"3day","row":15,"col":12,"distance_miles":37.25,"normal":null,"departure":null,"percent_normal":null},"geometry":{"type":"Polygon","coordinates":[[[-88.4341099314115,41.179459111201865],[-88.38564819720544,41.168591454583165],[-88.40009262674324,41.132123724632216],[-88.44851703485185,41.142979058267805],[-88.4341099314115,41.179459111201865]]]}},{"type":"Feature","properties":{"rain":2.614,"period":"3day","row":15,"col":13,"distance_miles":35.21,"normal":null,"departure":null,"percent_normal":null},"geometry":{"type":"Polygon","coordinates":[[[-88.38564819720544,41.168591454583165],[-88.33721091216437,41.15769389575156],[-88.35169260771289,41.12123851777982],[-88.40009262674324,41.132123724632216],[-88.38564819720544,41.168591454583165]]]}},{"type":"Feature","properties":{"rain":2.236,"period":"3day","row":15,"col":14,"distance_miles":33.26,"normal":null,"departure":null,"percent_normal":null},"geometry":{"type":"Polygon","coordinates":[[[-88.33721091216437,41.15769389575156],[-88.28879812697319,41.1467664661332],[-88.30331702836286,41.11032346906376],[-88.35169260771289,41.12123851777982],[-88.33721091216437,41.15769389575156]]]}},{"type":"Feature","properties":{"rain":1.854,"period":"3day","row":15,"col":15,"distance_miles":31.41,"normal":null,"departure":null,"percent_normal":null},"geometry":{"type":"Polygon","coordinates":[[[-88.28879812697319,41.1467664661332],[-88.24040989212561,41.13580919721233],[-88.25496593910465,41.09937860989516],[-88.30331702836286,41.11032346906376],[-88.28879812697319,41.1467664661332]]]}},{"type":"Feature","properties":{"rain":1.374,"period":"3day","row":15,"col":16,"distance_miles":29.67,"normal":null,"departure":null,"percent_normal":null},"geometry":{"type":"Polygon","coordinates":[[[-88.24040989212561,41.13580919721233],[-88.19204625792399,41.1248221205309],[-88.20663939015931,41.08840397174287],[-88.25496593910465,41.09937860989516],[-88.24040989212561,41.13580919721233]]]}},{"type":"Feature","properties":{"rain":0.921,"period":"3day","row":15,"col":17,"distance_miles":28.07,"normal":null,"departure":null,"percent_normal":null},"geometry":{"type":"Polygon","coordinates":[[[-88.19204625792399,41.1248221205309],[-88.14370727447938,41.113805267688356],[-88.15833743155719,41.07739958613314],[-88.20663939015931,41.08840397174287],[-88.19204625792399,41.1248221205309]]]}},{"type":"Feature","properties":{"rain":0.614,"period":"3day","row":15,"col":18,"distance_miles":26.64,"normal":null,"departure":null,"percent_normal":null},"geometry":{"type":"Polygon","coordinates":[[[-88.14370727447938,41.113805267688356],[-88.0953929917114,41.10275867034134],[-88.11006011313795,41.066365484649296],[-88.15833743155719,41.07739958613314],[-88.14370727447938,41.113805267688356]]]}},{"type":"Feature","properties":{"rain":0.331,"period":"3day","row":15,"col":19,"distance_miles":25.4,"normal":null,"departure":null,"percent_normal":null},"geometry":{"type":"Polygon","coordinates":[[[-88.0953929917114,41.10275867034134],[-88.04710345934814,41.091682360203365],[-88.06180748455046,41.05530169893153],[-88.11006011313795,41.066365484649296],[-88.0953929917114,41.10275867034134]]]}},{"type":"Feature","properties":{"rain":0.209,"period":"3day","row":15,"col":20,"distance_miles":24.39,"normal":null,"departure":null,"percent_normal":null},"geometry":{"type":"Polygon","coordinates":[[[-88.04710345934814,41.091682360203365],[-87.99883872692608,41.080576369044536],[-88.01357959525274,41.04420826067654],[-88.06180748455046,41.05530169893153],[-88.04710345934814,41.091682360203365]]]}},{"type":"Feature","properties":{"rain":0.236,"period":"3day","row":15,"col":21,"distance_miles":23.62,"normal":null,"departure":null,"percent_normal":null},"geometry":{"type":"Polygon","coordinates":[[[-87.99883872692608,41.080576369044536],[-87.95059884379012,41.069440728691305],[-87.96537649451184,41.03308520163728],[-88.01357959525274,41.04420826067654],[-87.99883872692608,41.080576369044536]]]}},{"type":"Feature","properties":{"rain":0.256,"period":"3day","row":15,"col":22,"distance_miles":23.13,"normal":null,"departure":null,"percent_normal":null},"geometry":{"type":"Polygon","coordinates":[[[-87.95059884379012,41.069440728691305],[-87.90238385909338,41.058275471026114],[-87.91719823140392,41.021932553622655],[-87.96537649451184,41.03308520163728],[-87.95059884379012,41.069440728691305]]]}},{"type":"Feature","properties":{"rain":0.425,"period":"3day","row":15,"col":23,"distance_miles":22.93,"normal":null,"departure":null,"percent_normal":null},"geometry":{"type":"Polygon","coordinates":[[[-87.90238385909338,41.058275471026114],[-87.85419382179721,41.04708062798714],[-87.86904485481396,41.01075034849723],[-87.91719823140392,41.021932553622655],[-87.90238385909338,41.058275471026114]]]}},{"type":"Feature","properties":{"rain":0.429,"period":"3day","row":15,"col":24,"distance_miles":23.04,"normal":null,"departure":null,"percent_normal":null},"geometry":{"type":"Polygon","coordinates":[[[-87.85419382179721,41.04708062798714],[-87.80602878067116,41.035856231567976],[-87.82091641343591,40.999538618180964],[-87.86904485481396,41.01075034849723],[-87.85419382179721,41.04708062798714]]]}},{"type":"Feature","properties":{"rain":0.252,"period":"3day","row":15,"col":25,"distance_miles":23.44,"normal":null,"departure":null,"percent_normal":null},"geometry":{"type":"Polygon","coordinates":[[[-87.80602878067116,41.035856231567976],[-87.75788878429283,41.02460231381742],[-87.7728129557725,40.98829739464887],[-87.82091641343591,40.999538618180964],[-87.80602878067116,41.035856231567976]]]}},{"type":"Feature","properties":{"rain":0.205,"period":"3day","row":15,"col":26,"distance_miles":24.12,"normal":null,"departure":null,"percent_normal":null},"geometry":{"type":"Polygon","coordinates":[[[-87.75788878429283,41.02460231381742],[-87.70977388104792,41.01331890683905],[-87.72473453013528,40.97702670993076],[-87.7728129557725,40.98829739464887],[-87.75788878429283,41.02460231381742]]]}},{"type":"Feature","properties":{"rain":0.173,"period":"3day","row":15,"col":27,"distance_miles":25.06,"normal":null,"departure":null,"percent_normal":null},"geometry":{"type":"Polygon","coordinates":[[[-87.70977388104792,41.01331890683905],[-87.66168411913013,41.002006042791045],[-87.67668118464448,40.96572659611096],[-87.72473453013528,40.97702670993076],[-87.70977388104792,41.01331890683905]]]}},{"type":"Feature","properties":{"rain":0.118,"period":"3day","row":15,"col":28,"distance_miles":26.23,"normal":null,"departure":null,"percent_normal":null},"geometry":{"type":"Polygon","coordinates":[[[-87.66168411913013,41.002006042791045],[-87.61361954654109,40.990663753885876],[-87.62865296722906,40.95439708532803],[-87.67668118464448,40.96572659611096],[-87.66168411913013,41.002006042791045]]]}},{"type":"Feature","properties":{"rain":0.118,"period":"3day","row":15,"col":29,"distance_miles":27.6,"normal":null,"departure":null,"percent_normal":null},"geometry":{"type":"Polygon","coordinates":[[[-87.61361954654109,40.990663753885876],[-87.56558021109036,40.979292072389946],[-87.58064992562656,40.943038209774414],[-87.62865296722906,40.95439708532803],[-87.61361954654109,40.990663753885876]]]}},{"type":"Feature","properties":{"rain":0.098,"period":"3day","row":15,"col":30,"distance_miles":29.14,"normal":null,"departure":null,"percent_normal":null},"geometry":{"type":"Polygon","coordinates":[[[-87.56558021109036,40.979292072389946],[-87.5175661603954,40.9678910306234],[-87.53267210738314,40.93165000169623],[-87.58064992562656,40.943038209774414],[-87.56558021109036,40.979292072389946]]]}},{"type":"Feature","properties":{"rain":0.075,"period":"3day","row":15,"col":31,"distance_miles":30.83,"normal":null,"departure":null,"percent_normal":null},"geometry":{"type":"Polygon","coordinates":[[[-87.5175661603954,40.9678910306234],[-87.4695774418815,40.95646066095974],[-87.48471955985353,40.92023249339288],[-87.53267210738314,40.93165000169623],[-87.5175661603954,40.9678910306234]]]}},{"type":"Feature","properties":{"rain":0.055,"period":"3day","row":15,"col":32,"distance_miles":32.65,"normal":null,"departure":null,"percent_normal":null},"geometry":{"type":"Polygon","coordinates":[[[-87.4695774418815,40.95646066095974],[-87.4216141027817,40.94500099582563],[-87.43679233020096,40.90878571721691],[-87.48471955985353,40.92023249339288],[-87.4695774418815,40.95646066095974]]]}},{"type":"Feature","properties":{"rain":0.039,"period":"3day","row":15,"col":33,"distance_miles":34.57,"normal":null,"departure":null,"percent_normal":null},"geometry":{"type":"Polygon","coordinates":[[[-87.4216141027817,40.94500099582563],[-87.37367619013688,40.933512067700505],[-87.38889046539715,40.897309705573555],[-87.43679233020096,40.90878571721691],[-87.4216141027817,40.94500099582563]]]}},{"type":"Feature","properties":{"rain":0.024,"period":"3day","row":15,"col":34,"distance_miles":36.57,"normal":null,"departure":null,"percent_normal":null},"geometry":{"type":"Polygon","coordinates":[[[-87.37367619013688,40.933512067700505],[-87.32576375079564,40.92199390911634],[-87.34101401222232,40.88580449092057],[-87.38889046539715,40.897309705573555],[-87.37367619013688,40.933512067700505]]]}},{"type":"Feature","properties":{"rain":0.016,"period":"3day","row":15,"col":35,"distance_miles":38.66,"normal":null,"departure":null,"percent_normal":null},"geometry":{"type":"Polygon","coordinates":[[[-87.32576375079564,40.92199390911634],[-87.2778768314143,40.91044655265736],[-87.29316301726503,40.87427010576788],[-87.34101401222232,40.88580449092057],[-87.32576375079564,40.92199390911634]]]}},{"type":"Feature","properties":{"rain":0.012,"period":"3day","row":15,"col":36,"distance_miles":40.8,"normal":null,"departure":null,"percent_normal":null},"geometry":{"type":"Polygon","coordinates":[[[-87.2778768314143,40.91044655265736],[-87.2300154784569,40.898870030959756],[-87.24533752692237,40.86270658267734],[-87.29316301726503,40.87427010576788],[-87.2778768314143,40.91044655265736]]]}},{"type":"Feature","properties":{"rain":0.02,"period":"3day","row":15,"col":37,"distance_miles":43.0,"normal":null,"departure":null,"percent_normal":null},"geometry":{"type":"Polygon","coordinates":[[[-87.2300154784569,40.898870030959756],[-87.18217973819515,40.887264376711364],[-87.19753758739972,40.85111395426234],[-87.24533752692237,40.86270658267734],[-87.2300154784569,40.898870030959756]]]}},{"type":"Feature","properties":{"rain":0.024,"period":"3day","row":15,"col":38,"distance_miles":45.24,"normal":null,"departure":null,"percent_normal":null},"geometry":{"type":"Polygon","coordinates":[[[-87.18217973819515,40.887264376711364],[-87.13436965670834,40.875629622651346],[-87.14976324471094,40.839492253187665],[-87.19753758739972,40.85111395426234],[-87.18217973819515,40.887264376711364]]]}},{"type":"Feature","properties":{"rain":0.024,"period":"3day","row":15,"col":39,"distance_miles":47.52,"normal":null,"departure":null,"percent_normal":null},"geometry":{"type":"Polygon","coordinates":[[[-87.13436965670834,40.875629622651346],[-87.08658527988358,40.863965801570004],[-87.10201454467813,40.82784151216911],[-87.14976324471094,40.839492253187665],[-87.13436965670834,40.875629622651346]]]}},{"type":"Feature","properties":{"rain":0.02,"period":"3day","row":15,"col":40,"distance_miles":49.84,"normal":null,"departure":null,"percent_normal":null},"geometry":{"type":"Polygon","coordinates":[[[-87.08658527988358,40.863965801570004],[-87.03882665341547,40.85227294630838],[-87.05429153293186,40.81616176397318],[-87.10201454467813,40.82784151216911],[-87.08658527988358,40.863965801570004]]]}},{"type":"Feature","properties":{"rain":2.638,"period":"3day","row":16,"col":6,"distance_miles":49.51,"normal":null,"departure":null,"percent_normal":null},"geometry":{"type":"Polygon","coordinates":[[[-88.73957279645798,41.20748197413001],[-88.6910031271769,41.19680653492812],[-88.70519862027692,41.16027322364795],[-88.75373065665364,41.17093653424155],[-88.73957279645798,41.20748197413001]]]}},{"type":"Feature","properties":{"rain":2.425,"period":"3day","row":16,"col":7,"distance_miles":47.12,"normal":null,"departure":null,"percent_normal":null},"geometry":{"type":"Polygon","coordinates":[[[-88.6910031271769,41.19680653492812],[-88.64245753936727,41.186101035624326],[-88.65669060598715,41.149579882353656],[-88.70519862027692,41.16027322364795],[-88.6910031271769,41.19680653492812]]]}},{"type":"Feature","properties":{"rain":2.425,"period":"3day","row":16,"col":8,"distance_miles":44.76,"normal":null,"departure":null,"percent_normal":null},"geometry":{"type":"Polygon","coordinates":[[[-88.64245753936727,41.186101035624326],[-88.59393608477198,41.175365507217826],[-88.60820666544011,41.13885654128549],[-88.65669060598715,41.149579882353656],[-88.64245753936727,41.186101035624326]]]}},{"type":"Feature","properties":{"rain":2.831,"period":"3day","row":16,"col":9,"distance_miles":42.43,"normal":null,"departure":null,"percent_normal":null},"geometry":{"type":"Polygon","coordinates":[[[-88.59393608477198,41.175365507217826],[-88.54543881494402,41.1645999807675],[-88.55974685010236,41.12810323142996],[-88.60820666544011,41.13885654128549],[-88.59393608477198,41.175365507217826]]]}},{"type":"Feature","properties":{"rain":3.118,"period":"3day","row":16,"col":10,"distance_miles":40.13,"normal":null,"departure":null,"percent_normal":null},"geometry":{"type":"Polygon","coordinates":[[[-88.54543881494402,41.1645999807675],[-88.49696578124635,41.15380448739167],[-88.51131121125121,41.117319983832914],[-88.55974685010236,41.12810323142996],[-88.54543881494402,41.1645999807675]]]}},{"type":"Feature","properties":{"rain":3.087,"period":"3day","row":16,"col":11,"distance_miles":37.89,"normal":null,"departure":null,"percent_normal":null},"geometry":{"type":"Polygon","coordinates":[[[-88.49696578124635,41.15380448739167],[-88.44851703485185,41.142979058267805],[-88.46289979997462,41.10650682959923],[-88.51131121125121,41.117319983832914],[-88.49696578124635,41.15380448739167]]]}},{"type":"Feature","properties":{"rain":2.996,"period":"3day","row":16,"col":12,"distance_miles":35.69,"normal":null,"departure":null,"percent_normal":null},"geometry":{"type":"Polygon","coordinates":[[[-88.44851703485185,41.142979058267805],[-88.40009262674324,41.132123724632216],[-88.41451266717104,41.09566379989261],[-88.46289979997462,41.10650682959923],[-88.44851703485185,41.142979058267805]]]}},{"type":"Feature","properties":{"rain":2.776,"period":"3day","row":16,"col":13,"distance_miles":33.56,"normal":null,"departure":null,"percent_normal":null},"geometry":{"type":"Polygon","coordinates":[[[-88.40009262674324,41.132123724632216],[-88.35169260771289,41.12123851777982],[-88.36614986354938,41.08479092593524],[-88.41451266717104,41.09566379989261],[-88.40009262674324,41.132123724632216]]]}},{"type":"Feature","properties":{"rain":2.74,"period":"3day","row":16,"col":14,"distance_miles":31.51,"normal":null,"departure":null,"percent_normal":null},"geometry":{"type":"Polygon","coordinates":[[[-88.35169260771289,41.12123851777982],[-88.30331702836286,41.11032346906376],[-88.31781143962887,41.07388823900747],[-88.36614986354938,41.08479092593524],[-88.35169260771289,41.12123851777982]]]}},{"type":"Feature","properties":{"rain":2.614,"period":"3day","row":16,"col":15,"distance_miles":29.54,"normal":null,"departure":null,"percent_normal":null},"geometry":{"type":"Polygon","coordinates":[[[-88.30331702836286,41.11032346906376],[-88.25496593910465,41.09937860989516],[-88.26949744573906,41.0629557704476],[-88.31781143962887,41.07388823900747],[-88.30331702836286,41.11032346906376]]]}},{"type":"Feature","properties":{"rain":2.346,"period":"3day","row":16,"col":16,"distance_miles":27.69,"normal":null,"departure":null,"percent_normal":null},"geometry":{"type":"Polygon","coordinates":[[[-88.25496593910465,41.09937860989516],[-88.20663939015931,41.08840397174287],[-88.22120793201961,41.05199355165154],[-88.26949744573906,41.0629557704476],[-88.25496593910465,41.09937860989516]]]}},{"type":"Feature","properties":{"rain":1.764,"period":"3day","row":16,"col":17,"distance_miles":25.98,"normal":null,"departure":null,"percent_normal":null},"geometry":{"type":"Polygon","coordinates":[[[-88.20663939015931,41.08840397174287],[-88.15833743155719,41.07739958613314],[-88.1729429484203,41.04100161407253],[-88.22120793201961,41.05199355165154],[-88.20663939015931,41.08840397174287]]]}},{"type":"Feature","properties":{"rain":1.457,"period":"3day","row":16,"col":18,"distance_miles":24.42,"normal":null,"departure":null,"percent_normal":null},"geometry":{"type":"Polygon","coordinates":[[[-88.15833743155719,41.07739958613314],[-88.11006011313795,41.066365484649296],[-88.12470254470092,41.02997998922084],[-88.1729429484203,41.04100161407253],[-88.15833743155719,41.07739958613314]]]}},{"type":"Feature","properties":{"rain":1.063,"period":"3day","row":16,"col":19,"distance_miles":23.06,"normal":null,"departure":null,"percent_normal":null},"geometry":{"type":"Polygon","coordinates":[[[-88.11006011313795,41.066365484649296],[-88.06180748455046,41.05530169893153],[-88.0764867704312,41.01892870866352],[-88.12470254470092,41.02997998922084],[-88.11006011313795,41.066365484649296]]]}},{"type":"Feature","properties":{"rain":0.886,"period":"3day","row":16,"col":20,"distance_miles":21.94,"normal":null,"departure":null,"percent_normal":null},"geometry":{"type":"Polygon","coordinates":[[[-88.06180748455046,41.05530169893153],[-88.01357959525274,41.04420826067654],[-88.02829567499069,41.00784780402409],[-88.0764867704312,41.01892870866352],[-88.06180748455046,41.05530169893153]]]}},{"type":"Feature","properties":{"rain":0.862,"period":"3day","row":16,"col":21,"distance_miles":21.08,"normal":null,"departure":null,"percent_normal":null},"geometry":{"type":"Polygon","coordinates":[[[-88.01357959525274,41.04420826067654],[-87.96537649451184,41.03308520163728],[-87.9801293075688,40.996737306982226],[-88.02829567499069,41.00784780402409],[-88.01357959525274,41.04420826067654]]]}},{"type":"Feature","properties":{"rain":0.768,"period":"3day","row":16,"col":22,"distance_miles":20.53,"normal":null,"departure":null,"percent_normal":null},"geometry":{"type":"Polygon","coordinates":[[[-87.96537649451184,41.03308520163728],[-87.91719823140392,41.021932553622655],[-87.93198771716462,40.98559724927349],[-87.9801293075688,40.996737306982226],[-87.96537649451184,41.03308520163728]]]}},{"type":"Feature","properties":{"rain":0.803,"period":"3day","row":16,"col":23,"distance_miles":20.31,"normal":null,"departure":null,"percent_normal":null},"geometry":{"type":"Polygon","coordinates":[[[-87.91719823140392,41.021932553622655],[-87.86904485481396,41.01075034849723],[-87.88387095258693,40.97442766268907],[-87.93198771716462,40.98559724927349],[-87.91719823140392,41.021932553622655]]]}},{"type":"Feature","properties":{"rain":0.717,"period":"3day","row":16,"col":24,"distance_miles":20.43,"normal":null,"departure":null,"percent_normal":null},"geometry":{"type":"Polygon","coordinates":[[[-87.86904485481396,41.01075034849723],[-87.82091641343591,40.999538618180964],[-87.83577906245412,40.96322857907544],[-87.88387095258693,40.97442766268907],[-87.86904485481396,41.01075034849723]]]}},{"type":"Feature","properties":{"rain":0.614,"period":"3day","row":16,"col":25,"distance_miles":20.87,"normal":null,"departure":null,"percent_normal":null},"geometry":{"type":"Polygon","coordinates":[[[-87.82091641343591,40.999538618180964],[-87.7728129557725,40.98829739464887],[-87.78771209519411,40.95200003033412],[-87.83577906245412,40.96322857907544],[-87.82091641343591,40.999538618180964]]]}},{"type":"Feature","properties":{"rain":0.512,"period":"3day","row":16,"col":26,"distance_miles":21.63,"normal":null,"departure":null,"percent_normal":null},"geometry":{"type":"Polygon","coordinates":[[[-87.7728129557725,40.98829739464887],[-87.72473453013528,40.97702670993076],[-87.7396700990443,40.94074204842135],[-87.78771209519411,40.95200003033412],[-87.7728129557725,40.98829739464887]]]}},{"type":"Feature","properties":{"rain":0.484,"period":"3day","row":16,"col":27,"distance_miles":22.68,"normal":null,"departure":null,"percent_normal":null},"geometry":{"type":"Polygon","coordinates":[[[-87.72473453013528,40.97702670993076],[-87.67668118464448,40.96572659611096],[-87.69165312205159,40.9294546653478],[-87.7396700990443,40.94074204842135],[-87.72473453013528,40.97702670993076]]]}},{"type":"Feature","properties":{"rain":0.394,"period":"3day","row":16,"col":28,"distance_miles":23.96,"normal":null,"departure":null,"percent_normal":null},"geometry":{"type":"Polygon","coordinates":[[[-87.67668118464448,40.96572659611096],[-87.62865296722906,40.95439708532803],[-87.64366121207219,40.91813791317831],[-87.69165312205159,40.9294546653478],[-87.67668118464448,40.96572659611096]]]}},{"type":"Feature","properties":{"rain":0.331,"period":"3day","row":16,"col":29,"distance_miles":25.45,"normal":null,"departure":null,"percent_normal":null},"geometry":{"type":"Polygon","coordinates":[[[-87.62865296722906,40.95439708532803],[-87.58064992562656,40.943038209774414],[-87.59569441677175,40.90679182403161],[-87.64366121207219,40.91813791317831],[-87.62865296722906,40.95439708532803]]]}},{"type":"Feature","properties":{"rain":0.248,"period":"3day","row":16,"col":30,"distance_miles":27.12,"normal":null,"departure":null,"percent_normal":null},"geometry":{"type":"Polygon","coordinates":[[[-87.58064992562656,40.943038209774414],[-87.53267210738314,40.93165000169623],[-87.54775278362516,40.895416430079955],[-87.59569441677175,40.90679182403161],[-87.58064992562656,40.943038209774414]]]}},{"type":"Feature","properties":{"rain":0.217,"period":"3day","row":16,"col":31,"distance_miles":28.93,"normal":null,"departure":null,"percent_normal":null},"geometry":{"type":"Polygon","coordinates":[[[-87.53267210738314,40.93165000169623],[-87.48471955985353,40.92023249339288],[-87.49983635991661,40.88401176354895],[-87.54775278362516,40.895416430079955],[-87.53267210738314,40.93165000169623]]]}},{"type":"Feature","properties":{"rain":0.157,"period":"3day","row":16,"col":32,"distance_miles":30.86,"normal":null,"departure":null,"percent_normal":null},"geometry":{"type":"Polygon","coordinates":[[[-87.48471955985353,40.92023249339288],[-87.43679233020096,40.90878571721691],[-87.45194519273954,40.87257785671713],[-87.49983635991661,40.88401176354895],[-87.48471955985353,40.92023249339288]]]}},{"type":"Feature","properties":{"rain":0.098,"period":"3day","row":16,"col":33,"distance_miles":32.88,"normal":null,"departure":null,"percent_normal":null},"geometry":{"type":"Polygon","coordinates":[[[-87.43679233020096,40.90878571721691],[-87.38889046539715,40.897309705573555],[-87.40407932899656,40.86111474191582],[-87.45194519273954,40.87257785671713],[-87.43679233020096,40.90878571721691]]]}},{"type":"Feature","properties":{"rain":0.063,"period":"3day","row":16,"col":34,"distance_miles":34.98,"normal":null,"departure":null,"percent_normal":null},"geometry":{"type":"Polygon","coordinates":[[[-87.38889046539715,40.897309705573555],[-87.34101401222232,40.88580449092057],[-87.35623881539946,40.84962245152873],[-87.40407932899656,40.86111474191582],[-87.38889046539715,40.897309705573555]]]}},{"type":"Feature","properties":{"rain":0.051,"period":"3day","row":16,"col":35,"distance_miles":37.15,"normal":null,"departure":null,"percent_normal":null},"geometry":{"type":"Polygon","coordinates":[[[-87.34101401222232,40.88580449092057],[-87.29316301726503,40.87427010576788],[-87.30842369846921,40.83810101799168],[-87.35623881539946,40.84962245152873],[-87.34101401222232,40.88580449092057]]]}},{"type":"Feature","properties":{"rain":0.079,"period":"3day","row":16,"col":36,"distance_miles":39.38,"normal":null,"departure":null,"percent_normal":null},"geometry":{"type":"Polygon","coordinates":[[[-87.29316301726503,40.87427010576788],[-87.24533752692237,40.86270658267734],[-87.26063402453585,40.8265504737924],[-87.30842369846921,40.83810101799168],[-87.29316301726503,40.87427010576788]]]}},{"type":"Feature","properties":{"rain":0.114,"period":"3day","row":16,"col":37,"distance_miles":41.65,"normal":null,"departure":null,"percent_normal":null},"geometry":{"type":"Polygon","coordinates":[[[-87.24533752692237,40.86270658267734],[-87.19753758739972,40.85111395426234],[-87.21286983973854,40.814970851470115],[-87.26063402453585,40.8265504737924],[-87.24533752692237,40.86270658267734]]]}},{"type":"Feature","properties":{"rain":0.094,"period":"3day","row":16,"col":38,"distance_miles":43.96,"normal":null,"departure":null,"percent_normal":null},"geometry":{"type":"Polygon","coordinates":[[[-87.19753758739972,40.85111395426234],[-87.14976324471094,40.839492253187665],[-87.16513119002558,40.80336218361537],[-87.21286983973854,40.814970851470115],[-87.19753758739972,40.85111395426234]]]}},{"type":"Feature","properties":{"rain":0.079,"period":"3day","row":16,"col":39,"distance_miles":46.3,"normal":null,"departure":null,"percent_normal":null},"geometry":{"type":"Polygon","coordinates":[[[-87.14976324471094,40.839492253187665],[-87.10201454467813,40.82784151216911],[-87.11741812115424,40.79172450286966],[-87.16513119002558,40.80336218361537],[-87.14976324471094,40.839492253187665]]]}},{"type":"Feature","properties":{"rain":0.051,"period":"3day","row":16,"col":40,"distance_miles":48.68,"normal":null,"departure":null,"percent_normal":null},"geometry":{"type":"Polygon","coordinates":[[[-87.10201454467813,40.82784151216911],[-87.05429153293186,40.81616176397318],[-87.06973067869093,40.78005784192519],[-87.11741812115424,40.79172450286966],[-87.10201454467813,40.82784151216911]]]}},{"type":"Feature","properties":{"rain":2.205,"period":"3day","row":17,"col":6,"distance_miles":48.49,"normal":null,"departure":null,"percent_normal":null},"geometry":{"type":"Polygon","coordinates":[[[-88.75373065665364,41.17093653424155],[-88.70519862027692,41.16027322364795],[-88.71937009125844,41.12374784330997],[-88.76786454657565,41.1343990441243],[-88.75373065665364,41.17093653424155]]]}},{"type":"Feature","properties":{"rain":2.575,"period":"3day","row":17,"col":7,"distance_miles":46.04,"normal":null,"departure":null,"percent_normal":null},"geometry":{"type":"Polygon","coordinates":[[[-88.70519862027692,41.16027322364795],[-88.65669060598715,41.149579882353656],[-88.67089959883278,41.11306664116487],[-88.71937009125844,41.12374784330997],[-88.70519862027692,41.16027322364795]]]}},{"type":"Feature","properties":{"rain":2.957,"period":"3day","row":17,"col":8,"distance_miles":43.63,"normal":null,"departure":null,"percent_normal":null},"geometry":{"type":"Polygon","coordinates":[[[-88.65669060598715,41.149579882353656],[-88.60820666544011,41.13885654128549],[-88.62245312086738,41.10235546854371],[-88.67089959883278,41.11306664116487],[-88.65669060598715,41.149579882353656]]]}},{"type":"Feature","properties":{"rain":3.059,"period":"3day","row":17,"col":9,"distance_miles":41.23,"normal":null,"departure":null,"percent_normal":null},"geometry":{"type":"Polygon","coordinates":[[[-88.60820666544011,41.13885654128549],[-88.55974685010236,41.12810323142996],[-88.57403070874254,41.091614356360814],[-88.62245312086738,41.10235546854371],[-88.60820666544011,41.13885654128549]]]}},{"type":"Feature","properties":{"rain":3.067,"period":"3day","row":17,"col":10,"distance_miles":38.87,"normal":null,"departure":null,"percent_normal":null},"geometry":{"type":"Polygon","coordinates":[[[-88.55974685010236,41.12810323142996],[-88.51131121125121,41.117319983832914],[-88.52563241364997,41.08084333558972],[-88.57403070874254,41.091614356360814],[-88.55974685010236,41.12810323142996]]]}},{"type":"Feature","properties":{"rain":2.969,"period":"3day","row":17,"col":11,"distance_miles":36.55,"normal":null,"departure":null,"percent_normal":null},"geometry":{"type":"Polygon","coordinates":[[[-88.51131121125121,41.117319983832914],[-88.46289979997462,41.10650682959923],[-88.47725828659279,41.070042437263],[-88.52563241364997,41.08084333558972],[-88.51131121125121,41.117319983832914]]]}},{"type":"Feature","properties":{"rain":3.055,"period":"3day","row":17,"col":12,"distance_miles":34.27,"normal":null,"departure":null,"percent_normal":null},"geometry":{"type":"Polygon","coordinates":[[[-88.46289979997462,41.10650682959923],[-88.41451266717104,41.09566379989261],[-88.42890837838532,41.0592116924719],[-88.47725828659279,41.070042437263],[-88.46289979997462,41.10650682959923]]]}},{"type":"Feature","properties":{"rain":3.055,"period":"3day","row":17,"col":13,"distance_miles":32.04,"normal":null,"departure":null,"percent_normal":null},"geometry":{"type":"Polygon","coordinates":[[[-88.41451266717104,41.09566379989261],[-88.36614986354938,41.08479092593524],[-88.38058273965305,41.04835113236611],[-88.42890837838532,41.0592116924719],[-88.41451266717104,41.09566379989261]]]}},{"type":"Feature","properties":{"rain":2.791,"period":"3day","row":17,"col":14,"distance_miles":29.88,"normal":null,"departure":null,"percent_normal":null},"geometry":{"type":"Polygon","coordinates":[[[-88.36614986354938,41.08479092593524],[-88.31781143962887,41.07388823900747],[-88.33228142083259,41.03746078815344],[-88.38058273965305,41.04835113236611],[-88.36614986354938,41.08479092593524]]]}},{"type":"Feature","properties":{"rain":2.673,"period":"3day","row":17,"col":15,"distance_miles":27.81,"normal":null,"departure":null,"percent_normal":null},"geometry":{"type":"Polygon","coordinates":[[[-88.31781143962887,41.07388823900747],[-88.26949744573906,41.0629557704476],[-88.28400447217147,41.026540691099505],[-88.33228142083259,41.03746078815344],[-88.31781143962887,41.07388823900747]]]}},{"type":"Feature","properties":{"rain":2.618,"period":"3day","row":17,"col":16,"distance_miles":25.83,"normal":null,"departure":null,"percent_normal":null},"geometry":{"type":"Polygon","coordinates":[[[-88.26949744573906,41.0629557704476],[-88.22120793201961,41.05199355165154],[-88.23575194372813,41.01559087252752],[-88.28400447217147,41.026540691099505],[-88.26949744573906,41.0629557704476]]]}},{"type":"Feature","properties":{"rain":2.563,"period":"3day","row":17,"col":17,"distance_miles":23.98,"normal":null,"departure":null,"percent_normal":null},"geometry":{"type":"Polygon","coordinates":[[[-88.22120793201961,41.05199355165154],[-88.1729429484203,41.04100161407253],[-88.18752388537183,41.004611363817936],[-88.23575194372813,41.01559087252752],[-88.22120793201961,41.05199355165154]]]}},{"type":"Feature","properties":{"rain":2.283,"period":"3day","row":17,"col":18,"distance_miles":22.29,"normal":null,"departure":null,"percent_normal":null},"geometry":{"type":"Polygon","coordinates":[[[-88.1729429484203,41.04100161407253],[-88.12470254470092,41.02997998922084],[-88.13932034678258,40.99360219640817],[-88.18752388537183,41.004611363817936],[-88.1729429484203,41.04100161407253]]]}},{"type":"Feature","properties":{"rain":1.819,"period":"3day","row":17,"col":19,"distance_miles":20.79,"normal":null,"departure":null,"percent_normal":null},"geometry":{"type":"Polygon","coordinates":[[[-88.12470254470092,41.02997998922084],[-88.0764867704312,41.01892870866352],[-88.091141377451,40.982563401792376],[-88.13932034678258,40.99360219640817],[-88.12470254470092,41.02997998922084]]]}},{"type":"Feature","properties":{"rain":1.528,"period":"3day","row":17,"col":20,"distance_miles":19.54,"normal":null,"departure":null,"percent_normal":null},"geometry":{"type":"Polygon","coordinates":[[[-88.0764867704312,41.01892870866352],[-88.02829567499069,41.00784780402409],[-88.04298702667832,40.97149501152103],[-88.091141377451,40.982563401792376],[-88.0764867704312,41.01892870866352]]]}},{"type":"Feature","properties":{"rain":1.343,"period":"3day","row":17,"col":21,"distance_miles":18.57,"normal":null,"departure":null,"percent_normal":null},"geometry":{"type":"Polygon","coordinates":[[[-88.02829567499069,41.00784780402409],[-87.9801293075688,40.996737306982226],[-87.99485734357629,40.96039705720079],[-88.04298702667832,40.97149501152103],[-88.02829567499069,41.00784780402409]]]}},{"type":"Feature","properties":{"rain":1.22,"period":"3day","row":17,"col":22,"distance_miles":17.94,"normal":null,"departure":null,"percent_normal":null},"geometry":{"type":"Polygon","coordinates":[[[-87.9801293075688,40.996737306982226],[-87.93198771716462,40.98559724927349],[-87.94675237706709,40.949269570494096],[-87.99485734357629,40.96039705720079],[-87.9801293075688,40.996737306982226]]]}},{"type":"Feature","properties":{"rain":1.11,"period":"3day","row":17,"col":23,"distance_miles":17.69,"normal":null,"departure":null,"percent_normal":null},"geometry":{"type":"Polygon","coordinates":[[[-87.93198771716462,40.98559724927349],[-87.88387095258693,40.97442766268907],[-87.8986721758833,40.938112583118965],[-87.94675237706709,40.949269570494096],[-87.93198771716462,40.98559724927349]]]}},{"type":"Feature","properties":{"rain":1.102,"period":"3day","row":17,"col":24,"distance_miles":17.82,"normal":null,"departure":null,"percent_normal":null},"geometry":{"type":"Polygon","coordinates":[[[-87.88387095258693,40.97442766268907],[-87.83577906245412,40.96322857907544],[-87.85061678856779,40.92692612684859],[-87.8986721758833,40.938112583118965],[-87.88387095258693,40.97442766268907]]]}},{"type":"Feature","properties":{"rain":1.008,"period":"3day","row":17,"col":25,"distance_miles":18.33,"normal":null,"departure":null,"percent_normal":null},"geometry":{"type":"Polygon","coordinates":[[[-87.83577906245412,40.96322857907544],[-87.78771209519411,40.95200003033412],[-87.80258626347374,40.915710233511206],[-87.85061678856779,40.92692612684859],[-87.83577906245412,40.96322857907544]]]}},{"type":"Feature","properties":{"rain":0.858,"period":"3day","row":17,"col":26,"distance_miles":19.19,"normal":null,"departure":null,"percent_normal":null},"geometry":{"type":"Polygon","coordinates":[[[-87.78771209519411,40.95200003033412],[-87.7396700990443,40.94074204842135],[-87.7545806487645,40.904464934989676],[-87.80258626347374,40.915710233511206],[-87.78771209519411,40.95200003033412]]]}},{"type":"Feature","properties":{"rain":0.902,"period":"3day","row":17,"col":27,"distance_miles":20.36,"normal":null,"departure":null,"percent_normal":null},"geometry":{"type":"Polygon","coordinates":[[[-87.7396700990443,40.94074204842135],[-87.69165312205159,40.9294546653478],[-87.70659999241359,40.89319026322124],[-87.7545806487645,40.904464934989676],[-87.7396700990443,40.94074204842135]]]}},{"type":"Feature","properties":{"rain":0.768,"period":"3day","row":17,"col":28,"distance_miles":21.78,"normal":null,"departure":null,"percent_normal":null},"geometry":{"type":"Polygon","coordinates":[[[-87.69165312205159,40.9294546653478],[-87.64366121207219,40.91813791317831],[-87.65864434220461,40.88188625019726],[-87.70659999241359,40.89319026322124],[-87.69165312205159,40.9294546653478]]]}},{"type":"Feature","properties":{"rain":0.634,"period":"3day","row":17,"col":29,"distance_miles":23.41,"normal":null,"departure":null,"percent_normal":null},"geometry":{"type":"Polygon","coordinates":[[[-87.64366121207219,40.91813791317831],[-87.59569441677175,40.90679182403161],[-87.61071374573129,40.8705529279629],[-87.65864434220461,40.88188625019726],[-87.64366121207219,40.91813791317831]]]}},{"type":"Feature","properties":{"rain":0.457,"period":"3day","row":17,"col":30,"distance_miles":25.21,"normal":null,"departure":null,"percent_normal":null},"geometry":{"type":"Polygon","coordinates":[[[-87.59569441677175,40.90679182403161],[-87.54775278362516,40.895416430079955],[-87.56280825039732,40.85919032861684],[-87.61071374573129,40.8705529279629],[-87.59569441677175,40.90679182403161]]]}},{"type":"Feature","properties":{"rain":0.331,"period":"3day","row":17,"col":31,"distance_miles":27.15,"normal":null,"departure":null,"percent_normal":null},"geometry":{"type":"Polygon","coordinates":[[[-87.54775278362516,40.895416430079955],[-87.49983635991661,40.88401176354895],[-87.51492790341642,40.84779848431101],[-87.56280825039732,40.85919032861684],[-87.54775278362516,40.895416430079955]]]}},{"type":"Feature","properties":{"rain":0.272,"period":"3day","row":17,"col":32,"distance_miles":29.19,"normal":null,"departure":null,"percent_normal":null},"geometry":{"type":"Polygon","coordinates":[[[-87.49983635991661,40.88401176354895],[-87.45194519273954,40.87257785671713],[-87.46707275181221,40.836377427250234],[-87.51492790341642,40.84779848431101],[-87.49983635991661,40.88401176354895]]]}},{"type":"Feature","properties":{"rain":0.311,"period":"3day","row":17,"col":33,"distance_miles":31.32,"normal":null,"departure":null,"percent_normal":null},"geometry":{"type":"Polygon","coordinates":[[[-87.45194519273954,40.87257785671713],[-87.40407932899656,40.86111474191582],[-87.41924284241826,40.82492718969207],[-87.46707275181221,40.836377427250234],[-87.45194519273954,40.87257785671713]]]}},{"type":"Feature","properties":{"rain":0.299,"period":"3day","row":17,"col":34,"distance_miles":33.52,"normal":null,"departure":null,"percent_normal":null},"geometry":{"type":"Polygon","coordinates":[[[-87.40407932899656,40.86111474191582],[-87.35623881539946,40.84962245152873],[-87.37143822187797,40.81344780394639],[-87.41924284241826,40.82492718969207],[-87.40407932899656,40.86111474191582]]]}},{"type":"Feature","properties":{"rain":0.287,"period":"3day","row":17,"col":35,"distance_miles":35.78,"normal":null,"departure":null,"percent_normal":null},"geometry":{"type":"Polygon","coordinates":[[[-87.35623881539946,40.84962245152873],[-87.30842369846921,40.83810101799168],[-87.32365893664466,40.80193930237519],[-87.37143822187797,40.81344780394639],[-87.35623881539946,40.84962245152873]]]}},{"type":"Feature","properties":{"rain":0.299,"period":"3day","row":17,"col":36,"distance_miles":38.08,"normal":null,"departure":null,"percent_normal":null},"geometry":{"type":"Polygon","coordinates":[[[-87.30842369846921,40.83810101799168],[-87.26063402453585,40.8265504737924],[-87.27590503298144,40.79040171739222],[-87.32365893664466,40.80193930237519],[-87.30842369846921,40.83810101799168]]]}},{"type":"Feature","properties":{"rain":0.287,"period":"3day","row":17,"col":37,"distance_miles":40.43,"normal":null,"departure":null,"percent_normal":null},"geometry":{"type":"Polygon","coordinates":[[[-87.26063402453585,40.8265504737924],[-87.21286983973854,40.814970851470115],[-87.22817655696124,40.778835081462766],[-87.27590503298144,40.79040171739222],[-87.26063402453585,40.8265504737924]]]}},{"type":"Feature","properties":{"rain":0.24,"period":"3day","row":17,"col":38,"distance_miles":42.8,"normal":null,"departure":null,"percent_normal":null},"geometry":{"type":"Polygon","coordinates":[[[-87.21286983973854,40.814970851470115],[-87.16513119002558,40.80336218361537],[-87.18047355446676,40.76723942710334],[-87.22817655696124,40.778835081462766],[-87.21286983973854,40.814970851470115]]]}},{"type":"Feature","properties":{"rain":0.193,"period":"3day","row":17,"col":39,"distance_miles":45.21,"normal":null,"departure":null,"percent_normal":null},"geometry":{"type":"Polygon","coordinates":[[[-87.16513119002558,40.80336218361537],[-87.11741812115424,40.79172450286966],[-87.1327960711905,40.75561478688138],[-87.18047355446676,40.76723942710334],[-87.16513119002558,40.80336218361537]]]}},{"type":"Feature","properties":{"rain":0.13,"period":"3day","row":17,"col":40,"distance_miles":47.63,"normal":null,"departure":null,"percent_normal":null},"geometry":{"type":"Polygon","coordinates":[[[-87.11741812115424,40.79172450286966],[-87.06973067869093,40.78005784192519],[-87.08514415263473,40.743961193414975],[-87.1327960711905,40.75561478688138],[-87.11741812115424,40.79172450286966]]]}},{"type":"Feature","properties":{"rain":2.024,"period":"3day","row":18,"col":6,"distance_miles":47.59,"normal":null,"departure":null,"percent_normal":null},"geometry":{"type":"Polygon","coordinates":[[[-88.76786454657565,41.1343990441243],[-88.71937009125844,41.12374784330997],[-88.73351759931703,41.08723040573863],[-88.78197452533179,41.097869515562195],[-88.76786454657565,41.1343990441243]]]}},{"type":"Feature","properties":{"rain":2.37,"period":"3day","row":18,"col":7,"distance_miles":45.1,"normal":null,"departure":null,"percent_normal":null},"geometry":{"type":"Polygon","coordinates":[[[-88.71937009125844,41.12374784330997],[-88.67089959883278,41.11306664116487],[-88.68508457718671,41.07656132392299],[-88.73351759931703,41.08723040573863],[-88.71937009125844,41.12374784330997]]]}},{"type":"Feature","properties":{"rain":2.591,"period":"3day","row":18,"col":8,"distance_miles":42.63,"normal":null,"departure":null,"percent_normal":null},"geometry":{"type":"Polygon","coordinates":[[[-88.67089959883278,41.11306664116487],[-88.62245312086738,41.10235546854371],[-88.63667551042268,41.065862300898075],[-88.68508457718671,41.07656132392299],[-88.67089959883278,41.11306664116487]]]}},{"type":"Feature","properties":{"rain":2.823,"period":"3day","row":18,"col":9,"distance_miles":40.18,"normal":null,"departure":null,"percent_normal":null},"geometry":{"type":"Polygon","coordinates":[[[-88.62245312086738,41.10235546854371],[-88.57403070874254,41.091614356360814],[-88.58829045031898,41.0551333675062],[-88.63667551042268,41.065862300898075],[-88.62245312086738,41.10235546854371]]]}},{"type":"Feature","properties":{"rain":2.913,"period":"3day","row":18,"col":10,"distance_miles":37.75,"normal":null,"departure":null,"percent_normal":null},"geometry":{"type":"Polygon","coordinates":[[[-88.57403070874254,41.091614356360814],[-88.52563241364997,41.08084333558972],[-88.5399294479819,41.04437455464885],[-88.58829045031898,41.0551333675062],[-88.57403070874254,41.091614356360814]]]}},{"type":"Feature","properties":{"rain":2.969,"period":"3day","row":18,"col":11,"distance_miles":35.35,"normal":null,"departure":null,"percent_normal":null},"geometry":{"type":"Polygon","coordinates":[[[-88.52563241364997,41.08084333558972],[-88.47725828659279,41.070042437263],[-88.49159255432976,41.033585893286464],[-88.5399294479819,41.04437455464885],[-88.52563241364997,41.08084333558972]]]}},{"type":"Feature","properties":{"rain":2.697,"period":"3day","row":18,"col":12,"distance_miles":32.99,"normal":null,"departure":null,"percent_normal":null},"geometry":{"type":"Polygon","coordinates":[[[-88.47725828659279,41.070042437263],[-88.42890837838532,41.0592116924719],[-88.44327982009288,41.02276741443807],[-88.49159255432976,41.033585893286464],[-88.47725828659279,41.070042437263]]]}},{"type":"Feature","properties":{"rain":2.669,"period":"3day","row":18,"col":13,"distance_miles":30.67,"normal":null,"departure":null,"percent_normal":null},"geometry":{"type":"Polygon","coordinates":[[[-88.42890837838532,41.0592116924719],[-88.38058273965305,41.04835113236611],[-88.39499129581344,41.01191914918108],[-88.44327982009288,41.02276741443807],[-88.42890837838532,41.0592116924719]]]}},{"type":"Feature","properties":{"rain":2.539,"period":"3day","row":18,"col":14,"distance_miles":28.41,"normal":null,"departure":null,"percent_normal":null},"geometry":{"type":"Polygon","coordinates":[[[-88.38058273965305,41.04835113236611],[-88.33228142083259,41.03746078815344],[-88.34672703184545,41.00104112865092],[-88.39499129581344,41.01191914918108],[-88.38058273965305,41.04835113236611]]]}},{"type":"Feature","properties":{"rain":2.614,"period":"3day","row":18,"col":15,"distance_miles":26.22,"normal":null,"departure":null,"percent_normal":null},"geometry":{"type":"Polygon","coordinates":[[[-88.33228142083259,41.03746078815344],[-88.28400447217147,41.026540691099505],[-88.29848707835454,40.99013338404081],[-88.34672703184545,41.00104112865092],[-88.33228142083259,41.03746078815344]]]}},{"type":"Feature","properties":{"rain":2.634,"period":"3day","row":18,"col":16,"distance_miles":24.11,"normal":null,"departure":null,"percent_normal":null},"geometry":{"type":"Polygon","coordinates":[[[-88.28400447217147,41.026540691099505],[-88.23575194372813,41.01559087252752],[-88.25027148531805,40.97919594660142],[-88.29848707835454,40.99013338404081],[-88.28400447217147,41.026540691099505]]]}},{"type":"Feature","properties":{"rain":2.319,"period":"3day","row":18,"col":17,"distance_miles":22.12,"normal":null,"departure":null,"percent_normal":null},"geometry":{"type":"Polygon","coordinates":[[[-88.23575194372813,41.01559087252752],[-88.18752388537183,41.004611363817936],[-88.20208030252476,40.96822884764067],[-88.25027148531805,40.97919594660142],[-88.23575194372813,41.01559087252752]]]}},{"type":"Feature","properties":{"rain":2.098,"period":"3day","row":18,"col":18,"distance_miles":20.27,"normal":null,"departure":null,"percent_normal":null},"geometry":{"type":"Polygon","coordinates":[[[-88.18752388537183,41.004611363817936],[-88.13932034678258,40.99360219640817],[-88.15391357957496,40.957232118523294],[-88.20208030252476,40.96822884764067],[-88.18752388537183,41.004611363817936]]]}},{"type":"Feature","properties":{"rain":1.976,"period":"3day","row":18,"col":19,"distance_miles":18.62,"normal":null,"departure":null,"percent_normal":null},"geometry":{"type":"Polygon","coordinates":[[[-88.13932034678258,40.99360219640817],[-88.091141377451,40.982563401792376],[-88.10577136588032,40.946205790670746],[-88.15391357957496,40.957232118523294],[-88.13932034678258,40.99360219640817]]]}},{"type":"Feature","properties":{"rain":1.811,"period":"3day","row":18,"col":20,"distance_miles":17.2,"normal":null,"departure":null,"percent_normal":null},"geometry":{"type":"Polygon","coordinates":[[[-88.091141377451,40.982563401792376],[-88.04298702667832,40.97149501152103],[-88.05765371066371,40.93514989556075],[-88.10577136588032,40.946205790670746],[-88.091141377451,40.982563401792376]]]}},{"type":"Feature","properties":{"rain":1.728,"period":"3day","row":18,"col":21,"distance_miles":16.1,"normal":null,"departure":null,"percent_normal":null},"geometry":{"type":"Polygon","coordinates":[[[-88.04298702667832,40.97149501152103],[-87.99485734357629,40.96039705720079],[-88.00956066295934,40.92406446472709],[-88.05765371066371,40.93514989556075],[-88.04298702667832,40.97149501152103]]]}},{"type":"Feature","properties":{"rain":1.65,"period":"3day","row":18,"col":22,"distance_miles":15.37,"normal":null,"departure":null,"percent_normal":null},"geometry":{"type":"Polygon","coordinates":[[[-87.99485734357629,40.96039705720079],[-87.94675237706709,40.949269570494096],[-87.96149227161256,40.91294952975931],[-88.00956066295934,40.92406446472709],[-87.99485734357629,40.96039705720079]]]}},{"type":"Feature","properties":{"rain":1.531,"period":"3day","row":18,"col":23,"distance_miles":15.07,"normal":null,"departure":null,"percent_normal":null},"geometry":{"type":"Polygon","coordinates":[[[-87.94675237706709,40.949269570494096],[-87.8986721758833,40.938112583118965],[-87.91344858527975,40.901805122302434],[-87.96149227161256,40.91294952975931],[-87.94675237706709,40.949269570494096]]]}},{"type":"Feature","properties":{"rain":1.512,"period":"3day","row":18,"col":24,"distance_miles":15.22,"normal":null,"departure":null,"percent_normal":null},"geometry":{"type":"Polygon","coordinates":[[[-87.8986721758833,40.938112583118965],[-87.85061678856779,40.92692612684859],[-87.8654296524284,40.890631274056666],[-87.91344858527975,40.901805122302434],[-87.8986721758833,40.938112583118965]]]}},{"type":"Feature","properties":{"rain":1.469,"period":"3day","row":18,"col":25,"distance_miles":15.81,"normal":null,"departure":null,"percent_normal":null},"geometry":{"type":"Polygon","coordinates":[[[-87.85061678856779,40.92692612684859],[-87.80258626347374,40.915710233511206],[-87.81743552133693,40.87942801677709],[-87.8654296524284,40.890631274056666],[-87.85061678856779,40.92692612684859]]]}},{"type":"Feature","properties":{"rain":1.374,"period":"3day","row":18,"col":26,"distance_miles":16.8,"normal":null,"departure":null,"percent_normal":null},"geometry":{"type":"Polygon","coordinates":[[[-87.80258626347374,40.915710233511206],[-87.7545806487645,40.904464934989676],[-87.76946624009472,40.868195382273434],[-87.81743552133693,40.87942801677709],[-87.80258626347374,40.915710233511206]]]}},{"type":"Feature","properties":{"rain":1.244,"period":"3day","row":18,"col":27,"distance_miles":18.12,"normal":null,"departure":null,"percent_normal":null},"geometry":{"type":"Polygon","coordinates":[[[-87.7545806487645,40.904464934989676],[-87.70659999241359,40.89319026322124],[-87.72152185660195,40.85693340240973],[-87.76946624009472,40.868195382273434],[-87.7545806487645,40.904464934989676]]]}},{"type":"Feature","properties":{"rain":1.197,"period":"3day","row":18,"col":28,"distance_miles":19.71,"normal":null,"departure":null,"percent_normal":null},"geometry":{"type":"Polygon","coordinates":[[[-87.70659999241359,40.89319026322124],[-87.65864434220461,40.88188625019726],[-87.67360241856971,40.845642109104055],[-87.72152185660195,40.85693340240973],[-87.70659999241359,40.89319026322124]]]}},{"type":"Feature","properties":{"rain":0.945,"period":"3day","row":18,"col":29,"distance_miles":21.49,"normal":null,"departure":null,"percent_normal":null},"geometry":{"type":"Polygon","coordinates":[[[-87.65864434220461,40.88188625019726],[-87.61071374573129,40.8705529279629],[-87.62570797351981,40.83432153432823],[-87.67360241856971,40.845642109104055],[-87.65864434220461,40.88188625019726]]]}},{"type":"Feature","properties":{"rain":0.681,"period":"3day","row":18,"col":30,"distance_miles":23.44,"normal":null,"departure":null,"percent_normal":null},"geometry":{"type":"Polygon","coordinates":[[[-87.61071374573129,40.8705529279629],[-87.56280825039732,40.85919032861684],[-87.57783856878477,40.82297171010754],[-87.62570797351981,40.83432153432823],[-87.61071374573129,40.8705529279629]]]}},{"type":"Feature","properties":{"rain":0.689,"period":"3day","row":18,"col":31,"distance_miles":25.51,"normal":null,"departure":null,"percent_normal":null},"geometry":{"type":"Polygon","coordinates":[[[-87.56280825039732,40.85919032861684],[-87.51492790341642,40.84779848431101],[-87.52999425150786,40.81159266852044],[-87.57783856878477,40.82297171010754],[-87.56280825039732,40.85919032861684]]]}},{"type":"Feature","properties":{"rain":0.665,"period":"3day","row":18,"col":32,"distance_miles":27.67,"normal":null,"departure":null,"percent_normal":null},"geometry":{"type":"Polygon","coordinates":[[[-87.51492790341642,40.84779848431101],[-87.46707275181221,40.836377427250234],[-87.48217506864296,40.800184441698335],[-87.52999425150786,40.81159266852044],[-87.51492790341642,40.84779848431101]]]}},{"type":"Feature","properties":{"rain":0.622,"period":"3day","row":18,"col":33,"distance_miles":29.91,"normal":null,"departure":null,"percent_normal":null},"geometry":{"type":"Polygon","coordinates":[[[-87.46707275181221,40.836377427250234],[-87.41924284241826,40.82492718969207],[-87.43438106695457,40.78874706182514],[-87.48217506864296,40.800184441698335],[-87.46707275181221,40.836377427250234]]]}},{"type":"Feature","properties":{"rain":0.646,"period":"3day","row":18,"col":34,"distance_miles":32.21,"normal":null,"departure":null,"percent_normal":null},"geometry":{"type":"Polygon","coordinates":[[[-87.41924284241826,40.82492718969207],[-87.37143822187797,40.81344780394639],[-87.3866122930178,40.77728056113716],[-87.43438106695457,40.78874706182514],[-87.41924284241826,40.82492718969207]]]}},{"type":"Feature","properties":{"rain":0.63,"period":"3day","row":18,"col":35,"distance_miles":34.55,"normal":null,"departure":null,"percent_normal":null},"geometry":{"type":"Polygon","coordinates":[[[-87.37143822187797,40.81344780394639],[-87.32365893664466,40.80193930237519],[-87.33886879321832,40.76578497192269],[-87.3866122930178,40.77728056113716],[-87.37143822187797,40.81344780394639]]]}},{"type":"Feature","properties":{"rain":0.551,"period":"3day","row":18,"col":36,"distance_miles":36.93,"normal":null,"departure":null,"percent_normal":null},"geometry":{"type":"Polygon","coordinates":[[[-87.32365893664466,40.80193930237519],[-87.27590503298144,40.79040171739222],[-87.29115061375232,40.75426032652183],[-87.33886879321832,40.76578497192269],[-87.32365893664466,40.80193930237519]]]}},{"type":"Feature","properties":{"rain":0.472,"period":"3day","row":18,"col":37,"distance_miles":39.34,"normal":null,"departure":null,"percent_normal":null},"geometry":{"type":"Polygon","coordinates":[[[-87.27590503298144,40.79040171739222],[-87.22817655696124,40.778835081462766],[-87.24345780062647,40.74270665732604],[-87.29115061375232,40.75426032652183],[-87.27590503298144,40.79040171739222]]]}},{"type":"Feature","properties":{"rain":0.346,"period":"3day","row":18,"col":38,"distance_miles":41.78,"normal":null,"departure":null,"percent_normal":null},"geometry":{"type":"Polygon","coordinates":[[[-87.22817655696124,40.778835081462766],[-87.18047355446676,40.76723942710334],[-87.19579039965801,40.73112399677806],[-87.24345780062647,40.74270665732604],[-87.22817655696124,40.778835081462766]]]}},{"type":"Feature","properties":{"rain":0.232,"period":"3day","row":18,"col":39,"distance_miles":44.24,"normal":null,"departure":null,"percent_normal":null},"geometry":{"type":"Polygon","coordinates":[[[-87.18047355446676,40.76723942710334],[-87.1327960711905,40.75561478688138],[-87.14814845647457,40.71951237737144],[-87.19579039965801,40.73112399677806],[-87.18047355446676,40.76723942710334]]]}},{"type":"Feature","properties":{"rain":0.181,"period":"3day","row":18,"col":40,"distance_miles":46.71,"normal":null,"departure":null,"percent_normal":null},"geometry":{"type":"Polygon","coordinates":[[[-87.1327960711905,40.75561478688138],[-87.08514415263473,40.743961193414975],[-87.10053201651432,40.70787183165036],[-87.14814845647457,40.71951237737144],[-87.1327960711905,40.75561478688138]]]}},{"type":"Feature","properties":{"rain":0.157,"period":"3day","row":18,"col":41,"distance_miles":49.2,"normal":null,"departure":null,"percent_normal":null},"geometry":{"type":"Polygon","coordinates":[[[-87.08514415263473,40.743961193414975],[-87.03751784411142,40.73227867937256],[-87.05294112502584,40.69620239220933],[-87.10053201651432,40.70787183165036],[-87.08514415263473,40.743961193414975]]]}},{"type":"Feature","properties":{"rain":1.772,"period":"3day","row":19,"col":5,"distance_miles":49.37,"normal":null,"departure":null,"percent_normal":null},"geometry":{"type":"Polygon","coordinates":[[[-88.83045530356159,41.1084786226706],[-88.78197452533179,41.097869515562195],[-88.79606065184161,41.06134796030047],[-88.84450389370646,41.071945024545236],[-88.83045530356159,41.1084786226706]]]}},{"type":"Feature","properties":{"rain":2.024,"period":"3day","row":19,"col":6,"distance_miles":46.82,"normal":null,"departure":null,"percent_normal":null},"geometry":{"type":"Polygon","coordinates":[[[-88.78197452533179,41.097869515562195],[-88.73351759931703,41.08723040573863],[-88.74764120345989,41.05072092271964],[-88.79606065184161,41.06134796030047],[-88.78197452533179,41.097869515562195]]]}},{"type":"Feature","properties":{"rain":2.244,"period":"3day","row":19,"col":7,"distance_miles":44.29,"normal":null,"departure":null,"percent_normal":null},"geometry":{"type":"Polygon","coordinates":[[[-88.73351759931703,41.08723040573863],[-88.68508457718671,41.07656132392299],[-88.69924560014312,41.04006394245416],[-88.74764120345989,41.05072092271964],[-88.73351759931703,41.08723040573863]]]}},{"type":"Feature","properties":{"rain":2.335,"period":"3day","row":19,"col":8,"distance_miles":41.77,"normal":null,"departure":null,"percent_normal":null},"geometry":{"type":"Polygon","coordinates":[[[-88.68508457718671,41.07656132392299],[-88.63667551042268,41.065862300898075],[-88.65087389328633,41.02937705021515],[-88.69924560014312,41.04006394245416],[-88.68508457718671,41.07656132392299]]]}},{"type":"Feature","properties":{"rain":2.343,"period":"3day","row":19,"col":9,"distance_miles":39.27,"normal":null,"departure":null,"percent_normal":null},"geometry":{"type":"Polygon","coordinates":[[[-88.63667551042268,41.065862300898075],[-88.58829045031898,41.0551333675062],[-88.6025261340975,41.01866027677316],[-88.65087389328633,41.02937705021515],[-88.63667551042268,41.065862300898075]]]}},{"type":"Feature","properties":{"rain":2.417,"period":"3day","row":19,"col":10,"distance_miles":36.78,"normal":null,"departure":null,"percent_normal":null},"geometry":{"type":"Polygon","coordinates":[[[-88.58829045031898,41.0551333675062],[-88.5399294479819,41.04437455464885],[-88.55420237359755,41.00791365295783],[-88.6025261340975,41.01866027677316],[-88.58829045031898,41.0551333675062]]]}},{"type":"Feature","properties":{"rain":2.469,"period":"3day","row":19,"col":11,"distance_miles":34.32,"normal":null,"departure":null,"percent_normal":null},"geometry":{"type":"Polygon","coordinates":[[[-88.5399294479819,41.04437455464885],[-88.49159255432976,41.033585893286464],[-88.50590266262012,40.997137209657645],[-88.55420237359755,41.00791365295783],[-88.5399294479819,41.04437455464885]]]}},{"type":"Feature","properties":{"rain":2.535,"period":"3day","row":19,"col":12,"distance_miles":31.88,"normal":null,"departure":null,"percent_normal":null},"geometry":{"type":"Polygon","coordinates":[[[-88.49159255432976,41.033585893286464],[-88.44327982009288,41.02276741443807],[-88.45762705181163,40.98633097781966],[-88.50590266262012,40.997137209657645],[-88.49159255432976,41.033585893286464]]]}},{"type":"Feature","properties":{"rain":2.24,"period":"3day","row":19,"col":13,"distance_miles":29.48,"normal":null,"departure":null,"percent_normal":null},"geometry":{"type":"Polygon","coordinates":[[[-88.44327982009288,41.02276741443807],[-88.39499129581344,41.01191914918108],[-88.40937559163102,40.97549498844919],[-88.45762705181163,40.98633097781966],[-88.44327982009288,41.02276741443807]]]}},{"type":"Feature","properties":{"rain":2.185,"period":"3day","row":19,"col":14,"distance_miles":27.11,"normal":null,"departure":null,"percent_normal":null},"geometry":{"type":"Polygon","coordinates":[[[-88.39499129581344,41.01191914918108],[-88.34672703184545,41.00104112865092],[-88.36114833234979,40.96462927260952],[-88.40937559163102,40.97549498844919],[-88.39499129581344,41.01191914918108]]]}},{"type":"Feature","properties":{"rain":2.177,"period":"3day","row":19,"col":15,"distance_miles":24.81,"normal":null,"departure":null,"percent_normal":null},"geometry":{"type":"Polygon","coordinates":[[[-88.34672703184545,41.00104112865092],[-88.29848707835454,40.99013338404081],[-88.31294532405181,40.953733861421654],[-88.36114833234979,40.96462927260952],[-88.34672703184545,41.00104112865092]]]}},{"type":"Feature","properties":{"rain":1.909,"period":"3day","row":19,"col":16,"distance_miles":22.57,"normal":null,"departure":null,"percent_normal":null},"geometry":{"type":"Polygon","coordinates":[[[-88.29848707835454,40.99013338404081],[-88.25027148531805,40.97919594660142],[-88.26476661663332,40.94280878606394],[-88.31294532405181,40.953733861421654],[-88.29848707835454,40.99013338404081]]]}},{"type":"Feature","properties":{"rain":1.764,"period":"3day","row":19,"col":17,"distance_miles":20.43,"normal":null,"departure":null,"percent_normal":null},"geometry":{"type":"Polygon","coordinates":[[[-88.25027148531805,40.97919594660142],[-88.20208030252476,40.96822884764067],[-88.21661225980277,40.93185407777195],[-88.26476661663332,40.94280878606394],[-88.25027148531805,40.97919594660142]]]}},{"type":"Feature","properties":{"rain":1.732,"period":"3day","row":19,"col":18,"distance_miles":18.41,"normal":null,"departure":null,"percent_normal":null},"geometry":{"type":"Polygon","coordinates":[[[-88.20208030252476,40.96822884764067],[-88.15391357957496,40.957232118523294],[-88.1684823030808,40.92086976783802],[-88.21661225980277,40.93185407777195],[-88.20208030252476,40.96822884764067]]]}},{"type":"Feature","properties":{"rain":1.764,"period":"3day","row":19,"col":19,"distance_miles":16.57,"normal":null,"departure":null,"percent_normal":null},"geometry":{"type":"Polygon","coordinates":[[[-88.15391357957496,40.957232118523294],[-88.10577136588032,40.946205790670746],[-88.12037679580008,40.90985588761108],[-88.1684823030808,40.92086976783802],[-88.15391357957496,40.957232118523294]]]}},{"type":"Feature","properties":{"rain":1.614,"period":"3day","row":19,"col":20,"distance_miles":14.96,"normal":null,"departure":null,"percent_normal":null},"geometry":{"type":"Polygon","coordinates":[[[-88.10577136588032,40.946205790670746],[-88.05765371066371,40.93514989556075],[-88.07229578710539,40.898812468496246],[-88.12037679580008,40.90985588761108],[-88.10577136588032,40.946205790670746]]]}},{"type":"Feature","properties":{"rain":1.748,"period":"3day","row":19,"col":21,"distance_miles":13.68,"normal":null,"departure":null,"percent_normal":null},"geometry":{"type":"Polygon","coordinates":[[[-88.05765371066371,40.93514989556075],[-88.00956066295934,40.92406446472709],[-88.02423932595336,40.887739541954716],[-88.07229578710539,40.898812468496246],[-88.05765371066371,40.93514989556075]]]}},{"type":"Feature","properties":{"rain":1.787,"period":"3day","row":19,"col":22,"distance_miles":12.81,"normal":null,"departure":null,"percent_normal":null},"geometry":{"type":"Polygon","coordinates":[[[-88.00956066295934,40.92406446472709],[-87.96149227161256,40.91294952975931],[-87.97620746111254,40.87663713950332],[-88.02423932595336,40.887739541954716],[-88.00956066295934,40.92406446472709]]]}},{"type":"Feature","properties":{"rain":1.823,"period":"3day","row":19,"col":23,"distance_miles":12.45,"normal":null,"departure":null,"percent_normal":null},"geometry":{"type":"Polygon","coordinates":[[[-87.96149227161256,40.91294952975931],[-87.91344858527975,40.901805122302434],[-87.92820024116325,40.86550529271432],[-87.97620746111254,40.87663713950332],[-87.96149227161256,40.91294952975931]]]}},{"type":"Feature","properties":{"rain":1.717,"period":"3day","row":19,"col":24,"distance_miles":12.63,"normal":null,"departure":null,"percent_normal":null},"geometry":{"type":"Polygon","coordinates":[[[-87.91344858527975,40.901805122302434],[-87.8654296524284,40.890631274056666],[-87.8802177144976,40.854344033215085],[-87.92820024116325,40.86550529271432],[-87.91344858527975,40.901805122302434]]]}},{"type":"Feature","properties":{"rain":1.732,"period":"3day","row":19,"col":25,"distance_miles":13.34,"normal":null,"departure":null,"percent_normal":null},"geometry":{"type":"Polygon","coordinates":[[[-87.8654296524284,40.890631274056666],[-87.81743552133693,40.87942801677709],[-87.83225992931936,40.84315339268784],[-87.8802177144976,40.854344033215085],[-87.8654296524284,40.890631274056666]]]}},{"type":"Feature","properties":{"rain":1.764,"period":"3day","row":19,"col":26,"distance_miles":14.5,"normal":null,"departure":null,"percent_normal":null},"geometry":{"type":"Polygon","coordinates":[[[-87.81743552133693,40.87942801677709],[-87.76946624009472,40.868195382273434],[-87.78432693364392,40.83193340286932],[-87.83225992931936,40.84315339268784],[-87.81743552133693,40.87942801677709]]]}},{"type":"Feature","properties":{"rain":1.508,"period":"3day","row":19,"col":27,"distance_miles":16.01,"normal":null,"departure":null,"percent_normal":null},"geometry":{"type":"Polygon","coordinates":[[[-87.76946624009472,40.868195382273434],[-87.72152185660195,40.85693340240973],[-87.73641877529829,40.820684095550575],[-87.78432693364392,40.83193340286932],[-87.76946624009472,40.868195382273434]]]}},{"type":"Feature","properties":{"rain":1.469,"period":"3day","row":19,"col":28,"distance_miles":17.78,"normal":null,"departure":null,"percent_normal":null},"geometry":{"type":"Polygon","coordinates":[[[-87.72152185660195,40.85693340240973],[-87.67360241856971,40.845642109104055],[-87.68853550192094,40.8094055025766],[-87.73641877529829,40.820684095550575],[-87.72152185660195,40.85693340240973]]]}},{"type":"Feature","properties":{"rain":1.469,"period":"3day","row":19,"col":29,"distance_miles":19.74,"normal":null,"departure":null,"percent_normal":null},"geometry":{"type":"Polygon","coordinates":[[[-87.67360241856971,40.845642109104055],[-87.62570797351981,40.83432153432823],[-87.64067716096189,40.798097655846114],[-87.68853550192094,40.8094055025766],[-87.67360241856971,40.845642109104055]]]}},{"type":"Feature","properties":{"rain":1.303,"period":"3day","row":19,"col":30,"distance_miles":21.84,"normal":null,"departure":null,"percent_normal":null},"geometry":{"type":"Polygon","coordinates":[[[-87.62570797351981,40.83432153432823],[-87.57783856878477,40.82297171010754],[-87.59284379968253,40.78676058731119],[-87.64067716096189,40.798097655846114],[-87.62570797351981,40.83432153432823]]]}},{"type":"Feature","properties":{"rain":1.224,"period":"3day","row":19,"col":31,"distance_miles":24.05,"normal":null,"departure":null,"percent_normal":null},"geometry":{"type":"Polygon","coordinates":[[[-87.57783856878477,40.82297171010754],[-87.52999425150786,40.81159266852044],[-87.54503546515572,40.775394328977086],[-87.59284379968253,40.78676058731119],[-87.57783856878477,40.82297171010754]]]}},{"type":"Feature","properties":{"rain":1.075,"period":"3day","row":19,"col":32,"distance_miles":26.33,"normal":null,"departure":null,"percent_normal":null},"geometry":{"type":"Polygon","coordinates":[[[-87.52999425150786,40.81159266852044],[-87.48217506864296,40.800184441698335],[-87.4972522042656,40.76399891290183],[-87.54503546515572,40.775394328977086],[-87.52999425150786,40.81159266852044]]]}},{"type":"Feature","properties":{"rain":0.89,"period":"3day","row":19,"col":33,"distance_miles":28.67,"normal":null,"departure":null,"percent_normal":null},"geometry":{"type":"Polygon","coordinates":[[[-87.48217506864296,40.800184441698335],[-87.43438106695457,40.78874706182514],[-87.4494940637077,40.75257437119608],[-87.4972522042656,40.76399891290183],[-87.48217506864296,40.800184441698335]]]}},{"type":"Feature","properties":{"rain":0.76,"period":"3day","row":19,"col":34,"distance_miles":31.06,"normal":null,"departure":null,"percent_normal":null},"geometry":{"type":"Polygon","coordinates":[[[-87.43438106695457,40.78874706182514],[-87.3866122930178,40.77728056113716],[-87.40176108998881,40.74112073602268],[-87.4494940637077,40.75257437119608],[-87.43438106695457,40.78874706182514]]]}},{"type":"Feature","properties":{"rain":0.65,"period":"3day","row":19,"col":35,"distance_miles":33.48,"normal":null,"departure":null,"percent_normal":null},"geometry":{"type":"Polygon","coordinates":[[[-87.3866122930178,40.77728056113716],[-87.33886879321832,40.76578497192269],[-87.35405332942695,40.729638039596516],[-87.40176108998881,40.74112073602268],[-87.3866122930178,40.77728056113716]]]}},{"type":"Feature","properties":{"rain":0.492,"period":"3day","row":19,"col":36,"distance_miles":35.93,"normal":null,"departure":null,"percent_normal":null},"geometry":{"type":"Polygon","coordinates":[[[-87.33886879321832,40.76578497192269],[-87.29115061375232,40.75426032652183],[-87.30637082815144,40.71812631418411],[-87.35405332942695,40.729638039596516],[-87.33886879321832,40.76578497192269]]]}},{"type":"Feature","properties":{"rain":0.394,"period":"3day","row":19,"col":37,"distance_miles":38.4,"normal":null,"departure":null,"percent_normal":null},"geometry":{"type":"Polygon","coordinates":[[[-87.29115061375232,40.75426032652183],[-87.24345780062647,40.74270665732604],[-87.25871363210277,40.70658559210345],[-87.30637082815144,40.71812631418411],[-87.29115061375232,40.75426032652183]]]}},{"type":"Feature","properties":{"rain":0.374,"period":"3day","row":19,"col":38,"distance_miles":40.9,"normal":null,"departure":null,"percent_normal":null},"geometry":{"type":"Polygon","coordinates":[[[-87.24345780062647,40.74270665732604],[-87.19579039965801,40.73112399677806],[-87.21108178703263,40.69501590572361],[-87.25871363210277,40.70658559210345],[-87.24345780062647,40.74270665732604]]]}},{"type":"Feature","properties":{"rain":0.358,"period":"3day","row":19,"col":39,"distance_miles":43.4,"normal":null,"departure":null,"percent_normal":null},"geometry":{"type":"Polygon","coordinates":[[[-87.19579039965801,40.73112399677806],[-87.14814845647457,40.71951237737144],[-87.16347533850389,40.68341728746453],[-87.21108178703263,40.69501590572361],[-87.19579039965801,40.73112399677806]]]}},{"type":"Feature","properties":{"rain":0.409,"period":"3day","row":19,"col":40,"distance_miles":45.92,"normal":null,"departure":null,"percent_normal":null},"geometry":{"type":"Polygon","coordinates":[[[-87.14814845647457,40.71951237737144],[-87.10053201651432,40.70787183165036],[-87.11589433189057,40.671789769796646],[-87.16347533850389,40.68341728746453],[-87.14814845647457,40.71951237737144]]]}},{"type":"Feature","properties":{"rain":0.315,"period":"3day","row":19,"col":41,"distance_miles":48.45,"normal":null,"departure":null,"percent_normal":null},"geometry":{"type":"Polygon","coordinates":[[[-87.10053201651432,40.70787183165036],[-87.05294112502584,40.69620239220933],[-87.06833881237787,40.660133385240776],[-87.11589433189057,40.671789769796646],[-87.10053201651432,40.70787183165036]]]}},{"type":"Feature","properties":{"rain":1.48,"period":"3day","row":20,"col":5,"distance_miles":48.77,"normal":null,"departure":null,"percent_normal":null},"geometry":{"type":"Polygon","coordinates":[[[-88.84450389370646,41.071945024545236],[-88.79606065184161,41.06134796030047],[-88.81012298483725,41.02483439004592],[-88.85852874210579,41.03541943010336],[-88.84450389370646,41.071945024545236]]]}},{"type":"Feature","properties":{"rain":1.591,"period":"3day","row":20,"col":6,"distance_miles":46.2,"normal":null,"departure":null,"percent_normal":null},"geometry":{"type":"Polygon","coordinates":[[[-88.79606065184161,41.06134796030047],[-88.74764120345989,41.05072092271964],[-88.76174096250662,41.014219406000045],[-88.81012298483725,41.02483439004592],[-88.79606065184161,41.06134796030047]]]}},{"type":"Feature","properties":{"rain":1.492,"period":"3day","row":20,"col":7,"distance_miles":43.63,"normal":null,"departure":null,"percent_normal":null},"geometry":{"type":"Polygon","coordinates":[[[-88.74764120345989,41.05072092271964],[-88.69924560014312,41.04006394245416],[-88.71338272660837,41.003574508545746],[-88.76174096250662,41.014219406000045],[-88.74764120345989,41.05072092271964]]]}},{"type":"Feature","properties":{"rain":1.555,"period":"3day","row":20,"col":8,"distance_miles":41.07,"normal":null,"departure":null,"percent_normal":null},"geometry":{"type":"Polygon","coordinates":[[[-88.69924560014312,41.04006394245416],[-88.65087389328633,41.02937705021515],[-88.66504832845082,40.992899728322676],[-88.71338272660837,41.003574508545746],[-88.69924560014312,41.04006394245416]]]}},{"type":"Feature","properties":{"rain":1.583,"period":"3day","row":20,"col":9,"distance_miles":38.52,"normal":null,"departure":null,"percent_normal":null},"geometry":{"type":"Polygon","coordinates":[[[-88.65087389328633,41.02937705021515],[-88.6025261340975,41.01866027677316],[-88.61673781915596,40.982195096029784],[-88.66504832845082,40.992899728322676],[-88.65087389328633,41.02937705021515]]]}},{"type":"Feature","properties":{"rain":1.571,"period":"3day","row":20,"col":10,"distance_miles":35.98,"normal":null,"departure":null,"percent_normal":null},"geometry":{"type":"Polygon","coordinates":[[[-88.6025261340975,41.01866027677316],[-88.55420237359755,41.00791365295783],[-88.56845124965942,40.9714606424251],[-88.61673781915596,40.982195096029784],[-88.6025261340975,41.01866027677316]]]}},{"type":"Feature","properties":{"rain":1.524,"period":"3day","row":20,"col":11,"distance_miles":33.46,"normal":null,"departure":null,"percent_normal":null},"geometry":{"type":"Polygon","coordinates":[[[-88.55420237359755,41.00791365295783],[-88.50590266262012,40.997137209657645],[-88.52018867071033,40.96069639832538],[-88.56845124965942,40.9714606424251],[-88.55420237359755,41.00791365295783]]]}},{"type":"Feature","properties":{"rain":1.63,"period":"3day","row":20,"col":12,"distance_miles":30.95,"normal":null,"departure":null,"percent_normal":null},"geometry":{"type":"Polygon","coordinates":[[[-88.50590266262012,40.997137209657645],[-88.45762705181163,40.98633097781966],[-88.47195013287123,40.9499023946059],[-88.52018867071033,40.96069639832538],[-88.50590266262012,40.997137209657645]]]}},{"type":"Feature","properties":{"rain":1.689,"period":"3day","row":20,"col":13,"distance_miles":28.47,"normal":null,"departure":null,"percent_normal":null},"geometry":{"type":"Polygon","coordinates":[[[-88.45762705181163,40.98633097781966],[-88.40937559163102,40.97549498844919],[-88.42373568651796,40.939078662200096],[-88.47195013287123,40.9499023946059],[-88.45762705181163,40.98633097781966]]]}},{"type":"Feature","properties":{"rain":1.579,"period":"3day","row":20,"col":14,"distance_miles":26.02,"normal":null,"departure":null,"percent_normal":null},"geometry":{"type":"Polygon","coordinates":[[[-88.40937559163102,40.97549498844919],[-88.36114833234979,40.96462927260952],[-88.37554538183959,40.92822523209931],[-88.42373568651796,40.939078662200096],[-88.40937559163102,40.97549498844919]]]}},{"type":"Feature","properties":{"rain":1.492,"period":"3day","row":20,"col":15,"distance_miles":23.6,"normal":null,"departure":null,"percent_normal":null},"geometry":{"type":"Polygon","coordinates":[[[-88.36114833234979,40.96462927260952],[-88.31294532405181,40.953733861421654],[-88.32737926883831,40.91734213535252],[-88.37554538183959,40.92822523209931],[-88.36114833234979,40.96462927260952]]]}},{"type":"Feature","properties":{"rain":1.453,"period":"3day","row":20,"col":16,"distance_miles":21.24,"normal":null,"departure":null,"percent_normal":null},"geometry":{"type":"Polygon","coordinates":[[[-88.31294532405181,40.953733861421654],[-88.26476661663332,40.94280878606394],[-88.27923739732934,40.90642940306603],[-88.32737926883831,40.91734213535252],[-88.31294532405181,40.953733861421654]]]}},{"type":"Feature","properties":{"rain":1.618,"period":"3day","row":20,"col":17,"distance_miles":18.95,"normal":null,"departure":null,"percent_normal":null},"geometry":{"type":"Polygon","coordinates":[[[-88.26476661663332,40.94280878606394],[-88.21661225980277,40.93185407777195],[-88.23111981694089,40.89548706640324],[-88.27923739732934,40.90642940306603],[-88.26476661663332,40.94280878606394]]]}},{"type":"Feature","properties":{"rain":1.602,"period":"3day","row":20,"col":18,"distance_miles":16.76,"normal":null,"departure":null,"percent_normal":null},"geometry":{"type":"Polygon","coordinates":[[[-88.21661225980277,40.93185407777195],[-88.1684823030808,40.92086976783802],[-88.183026577114,40.88451515658424],[-88.23111981694089,40.89548706640324],[-88.21661225980277,40.93185407777195]]]}},{"type":"Feature","properties":{"rain":1.579,"period":"3day","row":20,"col":19,"distance_miles":14.71,"normal":null,"departure":null,"percent_normal":null},"geometry":{"type":"Polygon","coordinates":[[[-88.1684823030808,40.92086976783802],[-88.12037679580008,40.90985588761108],[-88.13495772710253,40.87351370488567],[-88.183026577114,40.88451515658424],[-88.1684823030808,40.92086976783802]]]}},{"type":"Feature","properties":{"rain":1.622,"period":"3day","row":20,"col":20,"distance_miles":12.87,"normal":null,"departure":null,"percent_normal":null},"geometry":{"type":"Polygon","coordinates":[[[-88.12037679580008,40.90985588761108],[-88.07229578710539,40.898812468496246],[-88.08691331597305,40.862482742640324],[-88.13495772710253,40.87351370488567],[-88.12037679580008,40.90985588761108]]]}},{"type":"Feature","properties":{"rain":1.654,"period":"3day","row":20,"col":21,"distance_miles":11.35,"normal":null,"departure":null,"percent_normal":null},"geometry":{"type":"Polygon","coordinates":[[[-88.07229578710539,40.898812468496246],[-88.02423932595336,40.887739541954716],[-88.0388933926048,40.85142230123696],[-88.08691331597305,40.862482742640324],[-88.07229578710539,40.898812468496246]]]}},{"type":"Feature","properties":{"rain":1.646,"period":"3day","row":20,"col":22,"distance_miles":10.28,"normal":null,"departure":null,"percent_normal":null},"geometry":{"type":"Polygon","coordinates":[[[-88.02423932595336,40.887739541954716],[-87.97620746111254,40.87663713950332],[-87.99089800568959,40.84033241211991],[-88.0388933926048,40.85142230123696],[-88.02423932595336,40.887739541954716]]]}},{"type":"Feature","properties":{"rain":1.606,"period":"3day","row":20,"col":23,"distance_miles":9.83,"normal":null,"departure":null,"percent_normal":null},"geometry":{"type":"Polygon","coordinates":[[[-87.97620746111254,40.87663713950332],[-87.92820024116325,40.86550529271432],[-87.94292720373173,40.82921310678889],[-87.99089800568959,40.84033241211991],[-87.97620746111254,40.87663713950332]]]}},{"type":"Feature","properties":{"rain":1.657,"period":"3day","row":20,"col":24,"distance_miles":10.06,"normal":null,"departure":null,"percent_normal":null},"geometry":{"type":"Polygon","coordinates":[[[-87.92820024116325,40.86550529271432],[-87.8802177144976,40.854344033215085],[-87.894981035048,40.81806441679864],[-87.94292720373173,40.82921310678889],[-87.92820024116325,40.86550529271432]]]}},{"type":"Feature","properties":{"rain":1.85,"period":"3day","row":20,"col":25,"distance_miles":10.94,"normal":null,"departure":null,"percent_normal":null},"geometry":{"type":"Polygon","coordinates":[[[-87.8802177144976,40.854344033215085],[-87.83225992931936,40.84315339268784],[-87.84705954776757,40.80688637375871],[-87.894981035048,40.81806441679864],[-87.8802177144976,40.854344033215085]]]}},{"type":"Feature","properties":{"rain":1.969,"period":"3day","row":20,"col":26,"distance_miles":12.32,"normal":null,"departure":null,"percent_normal":null},"geometry":{"type":"Polygon","coordinates":[[[-87.83225992931936,40.84315339268784],[-87.78432693364392,40.83193340286932],[-87.79916278983194,40.79567900933311],[-87.84705954776757,40.80688637375871],[-87.83225992931936,40.84315339268784]]]}},{"type":"Feature","properties":{"rain":2.02,"period":"3day","row":20,"col":27,"distance_miles":14.06,"normal":null,"departure":null,"percent_normal":null},"geometry":{"type":"Polygon","coordinates":[[[-87.78432693364392,40.83193340286932],[-87.73641877529829,40.820684095550575],[-87.7512908089949,40.78444235524007],[-87.79916278983194,40.79567900933311],[-87.78432693364392,40.83193340286932]]]}},{"type":"Feature","properties":{"rain":1.717,"period":"3day","row":20,"col":28,"distance_miles":16.05,"normal":null,"departure":null,"percent_normal":null},"geometry":{"type":"Polygon","coordinates":[[[-87.73641877529829,40.820684095550575],[-87.68853550192094,40.8094055025766],[-87.70344365282246,40.77317644325174],[-87.7512908089949,40.78444235524007],[-87.73641877529829,40.820684095550575]]]}},{"type":"Feature","properties":{"rain":1.591,"period":"3day","row":20,"col":29,"distance_miles":18.2,"normal":null,"departure":null,"percent_normal":null},"geometry":{"type":"Polygon","coordinates":[[[-87.68853550192094,40.8094055025766],[-87.64067716096189,40.798097655846114],[-87.65562136869282,40.761881305193896],[-87.70344365282246,40.77317644325174],[-87.68853550192094,40.8094055025766]]]}},{"type":"Feature","properties":{"rain":1.535,"period":"3day","row":20,"col":30,"distance_miles":20.46,"normal":null,"departure":null,"percent_normal":null},"geometry":{"type":"Polygon","coordinates":[[[-87.64067716096189,40.798097655846114],[-87.59284379968253,40.78676058731119],[-87.60782400379632,40.750556972945674],[-87.65562136869282,40.761881305193896],[-87.64067716096189,40.798097655846114]]]}},{"type":"Feature","properties":{"rain":1.441,"period":"3day","row":20,"col":31,"distance_miles":22.8,"normal":null,"departure":null,"percent_normal":null},"geometry":{"type":"Polygon","coordinates":[[[-87.59284379968253,40.78676058731119],[-87.54503546515572,40.775394328977086],[-87.56005160513543,40.73920347843925],[-87.60782400379632,40.750556972945674],[-87.59284379968253,40.78676058731119]]]}},{"type":"Feature","properties":{"rain":1.244,"period":"3day","row":20,"col":32,"distance_miles":25.19,"normal":null,"departure":null,"percent_normal":null},"geometry":{"type":"Polygon","coordinates":[[[-87.54503546515572,40.775394328977086],[-87.4972522042656,40.76399891290183],[-87.51230421952461,40.72782085365964],[-87.56005160513543,40.73920347843925],[-87.54503546515572,40.775394328977086]]]}},{"type":"Feature","properties":{"rain":1.106,"period":"3day","row":20,"col":33,"distance_miles":27.63,"normal":null,"departure":null,"percent_normal":null},"geometry":{"type":"Polygon","coordinates":[[[-87.4972522042656,40.76399891290183],[-87.4494940637077,40.75257437119608],[-87.46458189359038,40.71640913064427],[-87.51230421952461,40.72782085365964],[-87.4972522042656,40.76399891290183]]]}},{"type":"Feature","properties":{"rain":0.945,"period":"3day","row":20,"col":34,"distance_miles":30.1,"normal":null,"departure":null,"percent_normal":null},"geometry":{"type":"Polygon","coordinates":[[[-87.4494940637077,40.75257437119608],[-87.40176108998881,40.74112073602268],[-87.41688467377128,40.70496834148286],[-87.46458189359038,40.71640913064427],[-87.4494940637077,40.75257437119608]]]}},{"type":"Feature","properties":{"rain":0.701,"period":"3day","row":20,"col":35,"distance_miles":32.59,"normal":null,"departure":null,"percent_normal":null},"geometry":{"type":"Polygon","coordinates":[[[-87.40176108998881,40.74112073602268],[-87.35405332942695,40.729638039596516],[-87.36921260631776,40.693498518317014],[-87.41688467377128,40.70496834148286],[-87.40176108998881,40.74112073602268]]]}},{"type":"Feature","properties":{"rain":0.594,"period":"3day","row":20,"col":36,"distance_miles":35.1,"normal":null,"departure":null,"percent_normal":null},"geometry":{"type":"Polygon","coordinates":[[[-87.35405332942695,40.729638039596516],[-87.30637082815144,40.71812631418411],[-87.32156573729225,40.68199969333998],[-87.36921260631776,40.693498518317014],[-87.35405332942695,40.729638039596516]]]}},{"type":"Feature","properties":{"rain":0.583,"period":"3day","row":20,"col":37,"distance_miles":37.63,"normal":null,"departure":null,"percent_normal":null},"geometry":{"type":"Polygon","coordinates":[[[-87.30637082815144,40.71812631418411],[-87.25871363210277,40.70658559210345],[-87.27394411256905,40.670471898796386],[-87.32156573729225,40.68199969333998],[-87.30637082815144,40.71812631418411]]]}},{"type":"Feature","properties":{"rain":0.642,"period":"3day","row":20,"col":38,"distance_miles":40.17,"normal":null,"departure":null,"percent_normal":null},"geometry":{"type":"Polygon","coordinates":[[[-87.25871363210277,40.70658559210345],[-87.21108178703263,40.69501590572361],[-87.22634777783436,40.6589151669819],[-87.27394411256905,40.670471898796386],[-87.25871363210277,40.70658559210345]]]}},{"type":"Feature","properties":{"rain":0.72,"period":"3day","row":20,"col":39,"distance_miles":42.72,"normal":null,"departure":null,"percent_normal":null},"geometry":{"type":"Polygon","coordinates":[[[-87.21108178703263,40.69501590572361],[-87.16347533850389,40.68341728746453],[-87.17877677858628,40.64732953024301],[-87.22634777783436,40.6589151669819],[-87.21108178703263,40.69501590572361]]]}},{"type":"Feature","properties":{"rain":0.634,"period":"3day","row":20,"col":40,"distance_miles":45.27,"normal":null,"departure":null,"percent_normal":null},"geometry":{"type":"Polygon","coordinates":[[[-87.16347533850389,40.68341728746453],[-87.11589433189057,40.671789769796646],[-87.13123116013473,40.63571502097672],[-87.17877677858628,40.64732953024301],[-87.16347533850389,40.68341728746453]]]}},{"type":"Feature","properties":{"rain":0.453,"period":"3day","row":20,"col":41,"distance_miles":47.84,"normal":null,"departure":null,"percent_normal":null},"geometry":{"type":"Polygon","coordinates":[[[-87.11589433189057,40.671789769796646],[-87.06833881237787,40.660133385240776],[-87.08371096760149,40.624071671630205],[-87.13123116013473,40.63571502097672],[-87.11589433189057,40.671789769796646]]]}},{"type":"Feature","properties":{"rain":0.437,"period":"3day","row":21,"col":5,"distance_miles":48.31,"normal":null,"departure":null,"percent_normal":null},"geometry":{"type":"Polygon","coordinates":[[[-88.85852874210579,41.03541943010336],[-88.81012298483725,41.02483439004592],[-88.82416158286394,40.98832881646682],[-88.87252990721676,40.99890185097309],[-88.85852874210579,41.03541943010336]]]}},{"type":"Feature","properties":{"rain":0.476,"period":"3day","row":21,"col":6,"distance_miles":45.71,"normal":null,"departure":null,"percent_normal":null},"geometry":{"type":"Polygon","coordinates":[[[-88.81012298483725,41.02483439004592],[-88.76174096250662,41.014219406000045],[-88.77581693508994,40.97772586728833],[-88.82416158286394,40.98832881646682],[-88.81012298483725,41.02483439004592]]]}},{"type":"Feature","properties":{"rain":0.563,"period":"3day","row":21,"col":7,"distance_miles":43.11,"normal":null,"departure":null,"percent_normal":null},"geometry":{"type":"Polygon","coordinates":[[[-88.76174096250662,41.014219406000045],[-88.71338272660837,41.003574508545746],[-88.72749601530191,40.96709303394645],[-88.77581693508994,40.97772586728833],[-88.76174096250662,41.014219406000045]]]}},{"type":"Feature","properties":{"rain":0.606,"period":"3day","row":21,"col":8,"distance_miles":40.52,"normal":null,"departure":null,"percent_normal":null},"geometry":{"type":"Polygon","coordinates":[[[-88.71338272660837,41.003574508545746],[-88.66504832845082,40.992899728322676],[-88.67919887472156,40.95643034700955],[-88.72749601530191,40.96709303394645],[-88.71338272660837,41.003574508545746]]]}},{"type":"Feature","properties":{"rain":0.594,"period":"3day","row":21,"col":9,"distance_miles":37.93,"normal":null,"departure":null,"percent_normal":null},"geometry":{"type":"Polygon","coordinates":[[[-88.66504832845082,40.992899728322676],[-88.61673781915596,40.982195096029784],[-88.63092556438501,40.945737837105234],[-88.67919887472156,40.95643034700955],[-88.66504832845082,40.992899728322676]]]}},{"type":"Feature","properties":{"rain":0.531,"period":"3day","row":21,"col":10,"distance_miles":35.36,"normal":null,"departure":null,"percent_normal":null},"geometry":{"type":"Polygon","coordinates":[[[-88.61673781915596,40.982195096029784],[-88.56845124965942,40.9714606424251],[-88.58267613514276,40.93501553492009],[-88.63092556438501,40.945737837105234],[-88.61673781915596,40.982195096029784]]]}},{"type":"Feature","properties":{"rain":0.575,"period":"3day","row":21,"col":11,"distance_miles":32.78,"normal":null,"departure":null,"percent_normal":null},"geometry":{"type":"Polygon","coordinates":[[[-88.56845124965942,40.9714606424251],[-88.52018867071033,40.96069639832538],[-88.53445063765943,40.92426347119938],[-88.58267613514276,40.93501553492009],[-88.56845124965942,40.9714606424251]]]}},{"type":"Feature","properties":{"rain":0.681,"period":"3day","row":21,"col":12,"distance_miles":30.22,"normal":null,"departure":null,"percent_normal":null},"geometry":{"type":"Polygon","coordinates":[[[-88.52018867071033,40.96069639832538],[-88.47195013287123,40.9499023946059],[-88.48624912241387,40.91348167674677],[-88.53445063765943,40.92426347119938],[-88.52018867071033,40.96069639832538]]]}},{"type":"Feature","properties":{"rain":0.72,"period":"3day","row":21,"col":13,"distance_miles":27.68,"normal":null,"departure":null,"percent_normal":null},"geometry":{"type":"Polygon","coordinates":[[[-88.47195013287123,40.9499023946059],[-88.42373568651796,40.939078662200096],[-88.43807163969886,40.90267018242406],[-88.48624912241387,40.91348167674677],[-88.47195013287123,40.9499023946059]]]}},{"type":"Feature","properties":{"rain":0.728,"period":"3day","row":21,"col":14,"distance_miles":25.15,"normal":null,"departure":null,"percent_normal":null},"geometry":{"type":"Polygon","coordinates":[[[-88.42373568651796,40.939078662200096],[-88.37554538183959,40.92822523209931],[-88.38991823962115,40.89182901915085],[-88.43807163969886,40.90267018242406],[-88.42373568651796,40.939078662200096]]]}},{"type":"Feature","properties":{"rain":0.764,"period":"3day","row":21,"col":15,"distance_miles":22.64,"normal":null,"departure":null,"percent_normal":null},"geometry":{"type":"Polygon","coordinates":[[[-88.37554538183959,40.92822523209931],[-88.32737926883831,40.91734213535252],[-88.34178897210133,40.88095821790432],[-88.38991823962115,40.89182901915085],[-88.37554538183959,40.92822523209931]]]}},{"type":"Feature","properties":{"rain":0.945,"period":"3day","row":21,"col":16,"distance_miles":20.17,"normal":null,"departure":null,"percent_normal":null},"geometry":{"type":"Polygon","coordinates":[[[-88.32737926883831,40.91734213535252],[-88.27923739732934,40.90642940306603],[-88.29368388687368,40.870057809718915],[-88.34178897210133,40.88095821790432],[-88.32737926883831,40.91734213535252]]]}},{"type":"Feature","properties":{"rain":1.106,"period":"3day","row":21,"col":17,"distance_miles":17.74,"normal":null,"departure":null,"percent_normal":null},"geometry":{"type":"Polygon","coordinates":[[[-88.27923739732934,40.90642940306603],[-88.23111981694089,40.89548706640324],[-88.24560303348625,40.85912782568605],[-88.29368388687368,40.870057809718915],[-88.27923739732934,40.90642940306603]]]}},{"type":"Feature","properties":{"rain":1.165,"period":"3day","row":21,"col":18,"distance_miles":15.37,"normal":null,"departure":null,"percent_normal":null},"geometry":{"type":"Polygon","coordinates":[[[-88.23111981694089,40.89548706640324],[-88.183026577114,40.88451515658424],[-88.19754646130058,40.84816829695385],[-88.24560303348625,40.85912782568605],[-88.23111981694089,40.89548706640324]]]}},{"type":"Feature","properties":{"rain":1.252,"period":"3day","row":21,"col":19,"distance_miles":13.11,"normal":null,"departure":null,"percent_normal":null},"geometry":{"type":"Polygon","coordinates":[[[-88.183026577114,40.88451515658424],[-88.13495772710253,40.87351370488567],[-88.14951421949175,40.83717925472681],[-88.19754646130058,40.84816829695385],[-88.183026577114,40.88451515658424]]]}},{"type":"Feature","properties":{"rain":1.165,"period":"3day","row":21,"col":20,"distance_miles":11.0,"normal":null,"departure":null,"percent_normal":null},"geometry":{"type":"Polygon","coordinates":[[[-88.13495772710253,40.87351370488567],[-88.08691331597305,40.862482742640324],[-88.10150635704825,40.826160730265656],[-88.14951421949175,40.83717925472681],[-88.13495772710253,40.87351370488567]]]}},{"type":"Feature","properties":{"rain":1.157,"period":"3day","row":21,"col":21,"distance_miles":9.18,"normal":null,"departure":null,"percent_normal":null},"geometry":{"type":"Polygon","coordinates":[[[-88.08691331597305,40.862482742640324],[-88.0388933926048,40.85142230123696],[-88.05352292277196,40.81511275488686],[-88.10150635704825,40.826160730265656],[-88.08691331597305,40.862482742640324]]]}},{"type":"Feature","properties":{"rain":1.217,"period":"3day","row":21,"col":22,"distance_miles":7.82,"normal":null,"departure":null,"percent_normal":null},"geometry":{"type":"Polygon","coordinates":[[[-88.0388933926048,40.85142230123696],[-87.99089800568959,40.84033241211991],[-88.00556396527804,40.804035359962505],[-88.05352292277196,40.81511275488686],[-88.0388933926048,40.85142230123696]]]}},{"type":"Feature","properties":{"rain":1.217,"period":"3day","row":21,"col":23,"distance_miles":7.21,"normal":null,"departure":null,"percent_normal":null},"geometry":{"type":"Polygon","coordinates":[[[-87.99089800568959,40.84033241211991],[-87.94292720373173,40.82921310678889],[-87.95762953299482,40.792928576919934],[-88.00556396527804,40.804035359962505],[-87.99089800568959,40.84033241211991]]]}},{"type":"Feature","properties":{"rain":1.37,"period":"3day","row":21,"col":24,"distance_miles":7.52,"normal":null,"departure":null,"percent_normal":null},"geometry":{"type":"Polygon","coordinates":[[[-87.94292720373173,40.82921310678889],[-87.894981035048,40.81806441679864],[-87.90971967416382,40.78179243724151],[-87.95762953299482,40.792928576919934],[-87.94292720373173,40.82921310678889]]]}},{"type":"Feature","properties":{"rain":1.528,"period":"3day","row":21,"col":25,"distance_miles":8.66,"normal":null,"departure":null,"percent_normal":null},"geometry":{"type":"Polygon","coordinates":[[[-87.894981035048,40.81806441679864],[-87.84705954776757,40.80688637375871],[-87.86183443683969,40.77062697246431],[-87.90971967416382,40.78179243724151],[-87.894981035048,40.81806441679864]]]}},{"type":"Feature","properties":{"rain":1.815,"period":"3day","row":21,"col":26,"distance_miles":10.35,"normal":null,"departure":null,"percent_normal":null},"geometry":{"type":"Polygon","coordinates":[[[-87.84705954776757,40.80688637375871],[-87.79916278983194,40.79567900933311],[-87.81397386889007,40.759432214179796],[-87.86183443683969,40.77062697246431],[-87.84705954776757,40.80688637375871]]]}},{"type":"Feature","properties":{"rain":1.854,"period":"3day","row":21,"col":27,"distance_miles":12.37,"normal":null,"departure":null,"percent_normal":null},"geometry":{"type":"Polygon","coordinates":[[[-87.79916278983194,40.79567900933311],[-87.7512908089949,40.78444235524007],[-87.7661380179956,40.7482081940336],[-87.81397386889007,40.759432214179796],[-87.79916278983194,40.79567900933311]]]}},{"type":"Feature","properties":{"rain":1.811,"period":"3day","row":21,"col":28,"distance_miles":14.59,"normal":null,"departure":null,"percent_normal":null},"geometry":{"type":"Polygon","coordinates":[[[-87.7512908089949,40.78444235524007],[-87.70344365282246,40.77317644325174],[-87.71832693164986,40.736954943725245],[-87.7661380179956,40.7482081940336],[-87.7512908089949,40.78444235524007]]]}},{"type":"Feature","properties":{"rain":1.807,"period":"3day","row":21,"col":29,"distance_miles":16.92,"normal":null,"departure":null,"percent_normal":null},"geometry":{"type":"Polygon","coordinates":[[[-87.70344365282246,40.77317644325174],[-87.65562136869282,40.761881305193896],[-87.6705406571593,40.72567249500777],[-87.71832693164986,40.736954943725245],[-87.70344365282246,40.77317644325174]]]}},{"type":"Feature","properties":{"rain":1.571,"period":"3day","row":21,"col":30,"distance_miles":19.33,"normal":null,"departure":null,"percent_normal":null},"geometry":{"type":"Polygon","coordinates":[[[-87.65562136869282,40.761881305193896],[-87.60782400379632,40.750556972945674],[-87.62277924164322,40.714360879687575],[-87.6705406571593,40.72567249500777],[-87.65562136869282,40.761881305193896]]]}},{"type":"Feature","properties":{"rain":1.531,"period":"3day","row":21,"col":31,"distance_miles":21.79,"normal":null,"departure":null,"percent_normal":null},"geometry":{"type":"Polygon","coordinates":[[[-87.60782400379632,40.750556972945674],[-87.56005160513543,40.73920347843925],[-87.57504273203372,40.70302012962398],[-87.62277924164322,40.714360879687575],[-87.60782400379632,40.750556972945674]]]}},{"type":"Feature","properties":{"rain":1.343,"period":"3day","row":21,"col":32,"distance_miles":24.28,"normal":null,"departure":null,"percent_normal":null},"geometry":{"type":"Polygon","coordinates":[[[-87.56005160513543,40.73920347843925],[-87.51230421952461,40.72782085365964],[-87.52733117507566,40.69165027672913],[-87.57504273203372,40.70302012962398],[-87.56005160513543,40.73920347843925]]]}},{"type":"Feature","properties":{"rain":1.283,"period":"3day","row":21,"col":33,"distance_miles":26.8,"normal":null,"departure":null,"percent_normal":null},"geometry":{"type":"Polygon","coordinates":[[[-87.51230421952461,40.72782085365964],[-87.46458189359038,40.71640913064427],[-87.4796446173266,40.68025135296753],[-87.52733117507566,40.69165027672913],[-87.51230421952461,40.72782085365964]]]}},{"type":"Feature","properties":{"rain":1.106,"period":"3day","row":21,"col":34,"distance_miles":29.34,"normal":null,"departure":null,"percent_normal":null},"geometry":{"type":"Polygon","coordinates":[[[-87.46458189359038,40.71640913064427],[-87.41688467377128,40.70496834148286],[-87.43198310515683,40.66882339035592],[-87.4796446173266,40.68025135296753],[-87.46458189359038,40.71640913064427]]]}},{"type":"Feature","properties":{"rain":0.929,"period":"3day","row":21,"col":35,"distance_miles":31.89,"normal":null,"departure":null,"percent_normal":null},"geometry":{"type":"Polygon","coordinates":[[[-87.41688467377128,40.70496834148286],[-87.36921260631776,40.693498518317014],[-87.38434668474925,40.65736642096283],[-87.43198310515683,40.66882339035592],[-87.41688467377128,40.70496834148286]]]}},{"type":"Feature","properties":{"rain":0.807,"period":"3day","row":21,"col":36,"distance_miles":34.45,"normal":null,"departure":null,"percent_normal":null},"geometry":{"type":"Polygon","coordinates":[[[-87.36921260631776,40.693498518317014],[-87.32156573729225,40.68199969333998],[-87.33673540209941,40.64588047690844],[-87.38434668474925,40.65736642096283],[-87.36921260631776,40.693498518317014]]]}},{"type":"Feature","properties":{"rain":0.728,"period":"3day","row":21,"col":37,"distance_miles":37.02,"normal":null,"departure":null,"percent_normal":null},"geometry":{"type":"Polygon","coordinates":[[[-87.32156573729225,40.68199969333998],[-87.27394411256905,40.670471898796386],[-87.28914930301546,40.63436559036425],[-87.33673540209941,40.64588047690844],[-87.32156573729225,40.68199969333998]]]}},{"type":"Feature","properties":{"rain":0.831,"period":"3day","row":21,"col":38,"distance_miles":39.6,"normal":null,"departure":null,"percent_normal":null},"geometry":{"type":"Polygon","coordinates":[[[-87.27394411256905,40.670471898796386],[-87.22634777783436,40.6589151669819],[-87.24158843311815,40.62282179355271],[-87.28914930301546,40.63436559036425],[-87.27394411256905,40.670471898796386]]]}},{"type":"Feature","properties":{"rain":0.815,"period":"3day","row":21,"col":39,"distance_miles":42.18,"normal":null,"departure":null,"percent_normal":null},"geometry":{"type":"Polygon","coordinates":[[[-87.22634777783436,40.6589151669819],[-87.17877677858628,40.64732953024301],[-87.19405283784079,40.61124911874708],[-87.24158843311815,40.62282179355271],[-87.22634777783436,40.6589151669819]]]}},{"type":"Feature","properties":{"rain":0.701,"period":"3day","row":21,"col":40,"distance_miles":44.77,"normal":null,"departure":null,"percent_normal":null},"geometry":{"type":"Polygon","coordinates":[[[-87.17877677858628,40.64732953024301],[-87.13123116013473,40.63571502097672],[-87.14654256242922,40.599647598271076],[-87.19405283784079,40.61124911874708],[-87.17877677858628,40.64732953024301]]]}},{"type":"Feature","properties":{"rain":0.496,"period":"3day","row":21,"col":41,"distance_miles":47.36,"normal":null,"departure":null,"percent_normal":null},"geometry":{"type":"Polygon","coordinates":[[[-87.13123116013473,40.63571502097672],[-87.08371096760149,40.624071671630205],[-87.09905765194182,40.58801726449855],[-87.14654256242922,40.599647598271076],[-87.13123116013473,40.63571502097672]]]}},{"type":"Feature","properties":{"rain":0.445,"period":"3day","row":21,"col":42,"distance_miles":49.95,"normal":null,"departure":null,"percent_normal":null},"geometry":{"type":"Polygon","coordinates":[[[-87.08371096760149,40.624071671630205],[-87.03621624592016,40.61239951470063],[-87.05159815124951,40.57635814985329],[-87.09905765194182,40.58801726449855],[-87.08371096760149,40.624071671630205]]]}},{"type":"Feature","properties":{"rain":0.102,"period":"3day","row":22,"col":5,"distance_miles":47.99,"normal":null,"departure":null,"percent_normal":null},"geometry":{"type":"Polygon","coordinates":[[[-88.87252990721676,40.99890185097309],[-88.82416158286394,40.98832881646682],[-88.83817650428095,40.95183125119321],[-88.88650744731055,40.962392298744426],[-88.87252990721676,40.99890185097309]]]}},{"type":"Feature","properties":{"rain":0.118,"period":"3day","row":22,"col":6,"distance_miles":45.37,"normal":null,"departure":null,"percent_normal":null},"geometry":{"type":"Polygon","coordinates":[[[-88.82416158286394,40.98832881646682],[-88.77581693508994,40.97772586728833],[-88.78986917965636,40.94124031825462],[-88.83817650428095,40.95183125119321],[-88.82416158286394,40.98832881646682]]]}},{"type":"Feature","properties":{"rain":0.114,"period":"3day","row":22,"col":7,"distance_miles":42.75,"normal":null,"departure":null,"percent_normal":null},"geometry":{"type":"Polygon","coordinates":[[[-88.77581693508994,40.97772586728833],[-88.72749601530191,40.96709303394645],[-88.74158552475683,40.93061953036649],[-88.78986917965636,40.94124031825462],[-88.77581693508994,40.97772586728833]]]}},{"type":"Feature","properties":{"rain":0.11,"period":"3day","row":22,"col":8,"distance_miles":40.14,"normal":null,"departure":null,"percent_normal":null},"geometry":{"type":"Polygon","coordinates":[[[-88.72749601530191,40.96709303394645],[-88.67919887472156,40.95643034700955],[-88.69332559071752,40.919968918026115],[-88.74158552475683,40.93061953036649],[-88.72749601530191,40.96709303394645]]]}},{"type":"Feature","properties":{"rain":0.193,"period":"3day","row":22,"col":9,"distance_miles":37.53,"normal":null,"departure":null,"percent_normal":null},"geometry":{"type":"Polygon","coordinates":[[[-88.67919887472156,40.95643034700955],[-88.63092556438501,40.945737837105234],[-88.64508942848883,40.90928851178997],[-88.69332559071752,40.919968918026115],[-88.67919887472156,40.95643034700955]]]}},{"type":"Feature","properties":{"rain":0.209,"period":"3day","row":22,"col":10,"distance_miles":34.92,"normal":null,"departure":null,"percent_normal":null},"geometry":{"type":"Polygon","coordinates":[[[-88.63092556438501,40.945737837105234],[-88.58267613514276,40.93501553492009],[-88.59687708883615,40.8985783422734],[-88.64508942848883,40.90928851178997],[-88.63092556438501,40.945737837105234]]]}},{"type":"Feature","properties":{"rain":0.169,"period":"3day","row":22,"col":11,"distance_miles":32.31,"normal":null,"departure":null,"percent_normal":null},"geometry":{"type":"Polygon","coordinates":[[[-88.58267613514276,40.93501553492009],[-88.53445063765943,40.92426347119938],[-88.54868862233981,40.88783844015037],[-88.59687708883615,40.8985783422734],[-88.58267613514276,40.93501553492009]]]}},{"type":"Feature","properties":{"rain":0.13,"period":"3day","row":22,"col":12,"distance_miles":29.71,"normal":null,"departure":null,"percent_normal":null},"geometry":{"type":"Polygon","coordinates":[[[-88.53445063765943,40.92426347119938],[-88.48624912241387,40.91348167674677],[-88.50052407939494,40.87706883615319],[-88.54868862233981,40.88783844015037],[-88.53445063765943,40.92426347119938]]]}},{"type":"Feature","properties":{"rain":0.098,"period":"3day","row":22,"col":13,"distance_miles":27.12,"normal":null,"departure":null,"percent_normal":null},"geometry":{"type":"Polygon","coordinates":[[[-88.48624912241387,40.91348167674677],[-88.43807163969886,40.90267018242406],[-88.45238351021143,40.86626956107219],[-88.50052407939494,40.87706883615319],[-88.48624912241387,40.91348167674677]]]}},{"type":"Feature","properties":{"rain":0.138,"period":"3day","row":22,"col":14,"distance_miles":24.53,"normal":null,"departure":null,"percent_normal":null},"geometry":{"type":"Polygon","coordinates":[[[-88.43807163969886,40.90267018242406],[-88.38991823962115,40.89182901915085],[-88.40426696481377,40.85544064575546],[-88.45238351021143,40.86626956107219],[-88.43807163969886,40.90267018242406]]]}},{"type":"Feature","properties":{"rain":0.276,"period":"3day","row":22,"col":15,"distance_miles":21.95,"normal":null,"departure":null,"percent_normal":null},"geometry":{"type":"Polygon","coordinates":[[[-88.38991823962115,40.89182901915085],[-88.34178897210133,40.88095821790432],[-88.35617449304105,40.84458212110858],[-88.40426696481377,40.85544064575546],[-88.38991823962115,40.89182901915085]]]}},{"type":"Feature","properties":{"rain":0.492,"period":"3day","row":22,"col":16,"distance_miles":19.39,"normal":null,"departure":null,"percent_normal":null},"geometry":{"type":"Polygon","coordinates":[[[-88.34178897210133,40.88095821790432],[-88.29368388687368,40.870057809718915],[-88.30810614454676,40.833694018094334],[-88.35617449304105,40.84458212110858],[-88.34178897210133,40.88095821790432]]]}},{"type":"Feature","properties":{"rain":0.661,"period":"3day","row":22,"col":17,"distance_miles":16.85,"normal":null,"departure":null,"percent_normal":null},"geometry":{"type":"Polygon","coordinates":[[[-88.29368388687368,40.870057809718915],[-88.24560303348625,40.85912782568605],[-88.26006196879875,40.82277636773238],[-88.30810614454676,40.833694018094334],[-88.29368388687368,40.870057809718915]]]}},{"type":"Feature","properties":{"rain":0.634,"period":"3day","row":22,"col":18,"distance_miles":14.33,"normal":null,"departure":null,"percent_normal":null},"geometry":{"type":"Polygon","coordinates":[[[-88.24560303348625,40.85912782568605],[-88.19754646130058,40.84816829695385],[-88.2120420150792,40.81182920109904],[-88.26006196879875,40.82277636773238],[-88.24560303348625,40.85912782568605]]]}},{"type":"Feature","properties":{"rain":0.65,"period":"3day","row":22,"col":19,"distance_miles":11.87,"normal":null,"departure":null,"percent_normal":null},"geometry":{"type":"Polygon","coordinates":[[[-88.19754646130058,40.84816829695385],[-88.14951421949175,40.83717925472681],[-88.1640463324845,40.800852549326976],[-88.2120420150792,40.81182920109904],[-88.19754646130058,40.84816829695385]]]}},{"type":"Feature","properties":{"rain":0.563,"period":"3day","row":22,"col":20,"distance_miles":9.5,"normal":null,"departure":null,"percent_normal":null},"geometry":{"type":"Polygon","coordinates":[[[-88.14951421949175,40.83717925472681],[-88.10150635704825,40.826160730265656],[-88.11607496992512,40.789846443604915],[-88.1640463324845,40.800852549326976],[-88.14951421949175,40.83717925472681]]]}},{"type":"Feature","properties":{"rain":0.547,"period":"3day","row":22,"col":21,"distance_miles":7.31,"normal":null,"departure":null,"percent_normal":null},"geometry":{"type":"Polygon","coordinates":[[[-88.10150635704825,40.826160730265656],[-88.05352292277196,40.81511275488686],[-88.06812797612565,40.77881091517735],[-88.11607496992512,40.789846443604915],[-88.10150635704825,40.826160730265656]]]}},{"type":"Feature","properties":{"rain":0.713,"period":"3day","row":22,"col":22,"distance_miles":5.51,"normal":null,"departure":null,"percent_normal":null},"geometry":{"type":"Polygon","coordinates":[[[-88.05352292277196,40.81511275488686],[-88.00556396527804,40.804035359962505],[-88.02020539962463,40.7677459953443],[-88.06812797612565,40.77881091517735],[-88.05352292277196,40.81511275488686]]]}},{"type":"Feature","properties":{"rain":0.811,"period":"3day","row":22,"col":23,"distance_miles":4.6,"normal":null,"departure":null,"percent_normal":null},"geometry":{"type":"Polygon","coordinates":[[[-88.00556396527804,40.804035359962505],[-87.95762953299482,40.792928576919934],[-87.9723072887745,40.75665171546096],[-88.02020539962463,40.7677459953443],[-88.00556396527804,40.804035359962505]]]}},{"type":"Feature","properties":{"rain":1.028,"period":"3day","row":22,"col":24,"distance_miles":5.07,"normal":null,"departure":null,"percent_normal":null},"geometry":{"type":"Polygon","coordinates":[[[-87.95762953299482,40.792928576919934],[-87.90971967416382,40.78179243724151],[-87.92443369174164,40.745528106937485],[-87.9723072887745,40.75665171546096],[-87.95762953299482,40.792928576919934]]]}},{"type":"Feature","properties":{"rain":1.173,"period":"3day","row":22,"col":25,"distance_miles":6.64,"normal":null,"departure":null,"percent_normal":null},"geometry":{"type":"Polygon","coordinates":[[[-87.90971967416382,40.78179243724151],[-87.86183443683969,40.77062697246431],[-87.87658465650614,40.73437520123868],[-87.92443369174164,40.745528106937485],[-87.90971967416382,40.78179243724151]]]}},{"type":"Feature","properties":{"rain":1.476,"period":"3day","row":22,"col":26,"distance_miles":8.73,"normal":null,"departure":null,"percent_normal":null},"geometry":{"type":"Polygon","coordinates":[[[-87.86183443683969,40.77062697246431],[-87.81397386889007,40.759432214179796],[-87.82876023086187,40.72319302988371],[-87.87658465650614,40.73437520123868],[-87.86183443683969,40.77062697246431]]]}},{"type":"Feature","properties":{"rain":1.709,"period":"3day","row":22,"col":27,"distance_miles":11.05,"normal":null,"departure":null,"percent_normal":null},"geometry":{"type":"Polygon","coordinates":[[[-87.81397386889007,40.759432214179796],[-87.7661380179956,40.7482081940336],[-87.78096046241639,40.71198162444581],[-87.82876023086187,40.72319302988371],[-87.81397386889007,40.759432214179796]]]}},{"type":"Feature","properties":{"rain":1.709,"period":"3day","row":22,"col":28,"distance_miles":13.48,"normal":null,"departure":null,"percent_normal":null},"geometry":{"type":"Polygon","coordinates":[[[-87.7661380179956,40.7482081940336],[-87.71832693164986,40.736954943725245],[-87.73318539859088,40.70074101655205],[-87.78096046241639,40.71198162444581],[-87.7661380179956,40.7482081940336]]]}},{"type":"Feature","properties":{"rain":1.638,"period":"3day","row":22,"col":29,"distance_miles":15.98,"normal":null,"departure":null,"percent_normal":null},"geometry":{"type":"Polygon","coordinates":[[[-87.71832693164986,40.736954943725245],[-87.6705406571593,40.72567249500777],[-87.68543508662009,40.68947123788298],[-87.73318539859088,40.70074101655205],[-87.71832693164986,40.736954943725245]]]}},{"type":"Feature","properties":{"rain":1.539,"period":"3day","row":22,"col":30,"distance_miles":18.51,"normal":null,"departure":null,"percent_normal":null},"geometry":{"type":"Polygon","coordinates":[[[-87.6705406571593,40.72567249500777],[-87.62277924164322,40.714360879687575],[-87.63770957355231,40.67817232017241],[-87.68543508662009,40.68947123788298],[-87.6705406571593,40.72567249500777]]]}},{"type":"Feature","properties":{"rain":1.52,"period":"3day","row":22,"col":31,"distance_miles":21.06,"normal":null,"departure":null,"percent_normal":null},"geometry":{"type":"Polygon","coordinates":[[[-87.62277924164322,40.714360879687575],[-87.57504273203372,40.70302012962398],[-87.59000890624937,40.666844295207085],[-87.63770957355231,40.67817232017241],[-87.62277924164322,40.714360879687575]]]}},{"type":"Feature","properties":{"rain":1.433,"period":"3day","row":22,"col":32,"distance_miles":23.63,"normal":null,"departure":null,"percent_normal":null},"geometry":{"type":"Polygon","coordinates":[[[-87.57504273203372,40.70302012962398],[-87.52733117507566,40.69165027672913],[-87.54233313138648,40.655487194826435],[-87.59000890624937,40.666844295207085],[-87.57504273203372,40.70302012962398]]]}},{"type":"Feature","properties":{"rain":1.201,"period":"3day","row":22,"col":33,"distance_miles":26.21,"normal":null,"departure":null,"percent_normal":null},"geometry":{"type":"Polygon","coordinates":[[[-87.52733117507566,40.69165027672913],[-87.4796446173266,40.68025135296753],[-87.49468229545232,40.644101050922295],[-87.54233313138648,40.655487194826435],[-87.52733117507566,40.69165027672913]]]}},{"type":"Feature","properties":{"rain":1.075,"period":"3day","row":22,"col":34,"distance_miles":28.8,"normal":null,"departure":null,"percent_normal":null},"geometry":{"type":"Polygon","coordinates":[[[-87.4796446173266,40.68025135296753],[-87.43198310515683,40.66882339035592],[-87.44705644474895,40.632685895438556],[-87.49468229545232,40.644101050922295],[-87.4796446173266,40.68025135296753]]]}},{"type":"Feature","properties":{"rain":0.941,"period":"3day","row":22,"col":35,"distance_miles":31.39,"normal":null,"departure":null,"percent_normal":null},"geometry":{"type":"Polygon","coordinates":[[[-87.43198310515683,40.66882339035592],[-87.38434668474925,40.65736642096283],[-87.39945562539174,40.62124176037096],[-87.44705644474895,40.632685895438556],[-87.43198310515683,40.66882339035592]]]}},{"type":"Feature","properties":{"rain":0.827,"period":"3day","row":22,"col":36,"distance_miles":33.99,"normal":null,"departure":null,"percent_normal":null},"geometry":{"type":"Polygon","coordinates":[[[-87.38434668474925,40.65736642096283],[-87.33673540209941,40.64588047690844],[-87.35187988330941,40.609768677766795],[-87.39945562539174,40.62124176037096],[-87.38434668474925,40.65736642096283]]]}},{"type":"Feature","properties":{"rain":0.811,"period":"3day","row":22,"col":37,"distance_miles":36.59,"normal":null,"departure":null,"percent_normal":null},"geometry":{"type":"Polygon","coordinates":[[[-87.33673540209941,40.64588047690844],[-87.28914930301546,40.63436559036425],[-87.30432926424399,40.5982666797246],[-87.35187988330941,40.609768677766795],[-87.33673540209941,40.64588047690844]]]}},{"type":"Feature","properties":{"rain":1.138,"period":"3day","row":22,"col":38,"distance_miles":39.2,"normal":null,"departure":null,"percent_normal":null},"geometry":{"type":"Polygon","coordinates":[[[-87.28914930301546,40.63436559036425],[-87.24158843311815,40.62282179355271],[-87.25680381375076,40.58673579839388],[-87.30432926424399,40.5982666797246],[-87.28914930301546,40.63436559036425]]]}},{"type":"Feature","properties":{"rain":0.909,"period":"3day","row":22,"col":39,"distance_miles":41.8,"normal":null,"departure":null,"percent_normal":null},"geometry":{"type":"Polygon","coordinates":[[[-87.24158843311815,40.62282179355271],[-87.19405283784079,40.61124911874708],[-87.20930357719826,40.57517606597486],[-87.25680381375076,40.58673579839388],[-87.24158843311815,40.62282179355271]]]}},{"type":"Feature","properties":{"rain":0.819,"period":"3day","row":22,"col":40,"distance_miles":44.41,"normal":null,"departure":null,"percent_normal":null},"geometry":{"type":"Polygon","coordinates":[[[-87.19405283784079,40.61124911874708],[-87.14654256242922,40.599647598271076],[-87.16182859976827,40.56358751471814],[-87.20930357719826,40.57517606597486],[-87.19405283784079,40.61124911874708]]]}},{"type":"Feature","properties":{"rain":0.732,"period":"3day","row":22,"col":41,"distance_miles":47.02,"normal":null,"departure":null,"percent_normal":null},"geometry":{"type":"Polygon","coordinates":[[[-87.14654256242922,40.599647598271076],[-87.09905765194182,40.58801726449855],[-87.11437892645581,40.551970176924456],[-87.16182859976827,40.56358751471814],[-87.14654256242922,40.599647598271076]]]}},{"type":"Feature","properties":{"rain":0.661,"period":"3day","row":22,"col":42,"distance_miles":49.63,"normal":null,"departure":null,"percent_normal":null},"geometry":{"type":"Polygon","coordinates":[[[-87.09905765194182,40.58801726449855],[-87.05159815124951,40.57635814985329],[-87.06695460206909,40.540324084944444],[-87.11437892645581,40.551970176924456],[-87.09905765194182,40.58801726449855]]]}},{"type":"Feature","properties":{"rain":0.004,"period":"3day","row":23,"col":5,"distance_miles":47.81,"normal":null,"departure":null,"percent_normal":null},"geometry":{"type":"Polygon","coordinates":[[[-88.88650744731055,40.962392298744426],[-88.83817650428095,40.95183125119321],[-88.85216780726213,40.915341705816935],[-88.90046142047319,40.92589078496924],[-88.88650744731055,40.962392298744426]]]}},{"type":"Feature","properties":{"rain":0.004,"period":"3day","row":23,"col":6,"distance_miles":45.18,"normal":null,"departure":null,"percent_normal":null},"geometry":{"type":"Polygon","coordinates":[[[-88.83817650428095,40.95183125119321],[-88.78986917965636,40.94124031825462],[-88.803897754467,40.90476277053071],[-88.85216780726213,40.915341705816935],[-88.83817650428095,40.95183125119321]]]}},{"type":"Feature","properties":{"rain":0.004,"period":"3day","row":23,"col":7,"distance_miles":42.55,"normal":null,"departure":null,"percent_normal":null},"geometry":{"type":"Polygon","coordinates":[[[-88.78986917965636,40.94124031825462],[-88.74158552475683,40.93061953036649],[-88.75565131332068,40.89415400947763],[-88.803897754467,40.90476277053071],[-88.78986917965636,40.94124031825462]]]}},{"type":"Feature","properties":{"rain":0.02,"period":"3day","row":23,"col":8,"distance_miles":39.92,"normal":null,"departure":null,"percent_normal":null},"geometry":{"type":"Polygon","coordinates":[[[-88.74158552475683,40.93061953036649],[-88.69332559071752,40.919968918026115],[-88.70742853487205,40.88351545308413],[-88.75565131332068,40.89415400947763],[-88.74158552475683,40.93061953036649]]]}},{"type":"Feature","properties":{"rain":0.043,"period":"3day","row":23,"col":9,"distance_miles":37.3,"normal":null,"departure":null,"percent_normal":null},"geometry":{"type":"Polygon","coordinates":[[[-88.69332559071752,40.919968918026115],[-88.64508942848883,40.90928851178997],[-88.65922946998579,40.87284713183575],[-88.70742853487205,40.88351545308413],[-88.69332559071752,40.919968918026115]]]}},{"type":"Feature","properties":{"rain":0.055,"period":"3day","row":23,"col":10,"distance_miles":34.67,"normal":null,"departure":null,"percent_normal":null},"geometry":{"type":"Polygon","coordinates":[[[-88.64508942848883,40.90928851178997],[-88.59687708883615,40.8985783422734],[-88.61105416934235,40.862149076276815],[-88.65922946998579,40.87284713183575],[-88.64508942848883,40.90928851178997]]]}},{"type":"Feature","properties":{"rain":0.079,"period":"3day","row":23,"col":11,"distance_miles":32.05,"normal":null,"departure":null,"percent_normal":null},"geometry":{"type":"Polygon","coordinates":[[[-88.59687708883615,40.8985783422734],[-88.54868862233981,40.88783844015037],[-88.56290268343781,40.85142131701021],[-88.61105416934235,40.862149076276815],[-88.59687708883615,40.8985783422734]]]}},{"type":"Feature","properties":{"rain":0.028,"period":"3day","row":23,"col":12,"distance_miles":29.42,"normal":null,"departure":null,"percent_normal":null},"geometry":{"type":"Polygon","coordinates":[[[-88.54868862233981,40.88783844015037],[-88.50052407939494,40.87706883615319],[-88.51477506258377,40.840663884697065],[-88.56290268343781,40.85142131701021],[-88.54868862233981,40.88783844015037]]]}},{"type":"Feature","properties":{"rain":0.02,"period":"3day","row":23,"col":13,"distance_miles":26.8,"normal":null,"departure":null,"percent_normal":null},"geometry":{"type":"Polygon","coordinates":[[[-88.50052407939494,40.87706883615319],[-88.45238351021143,40.86626956107219],[-88.46667135690723,40.82987681005647],[-88.51477506258377,40.840663884697065],[-88.50052407939494,40.87706883615319]]]}},{"type":"Feature","properties":{"rain":0.02,"period":"3day","row":23,"col":14,"distance_miles":24.18,"normal":null,"departure":null,"percent_normal":null},"geometry":{"type":"Polygon","coordinates":[[[-88.45238351021143,40.86626956107219],[-88.40426696481377,40.85544064575546],[-88.41859161635058,40.819060123865206],[-88.46667135690723,40.82987681005647],[-88.45238351021143,40.86626956107219]]]}},{"type":"Feature","properties":{"rain":0.083,"period":"3day","row":23,"col":15,"distance_miles":21.56,"normal":null,"departure":null,"percent_normal":null},"geometry":{"type":"Polygon","coordinates":[[[-88.40426696481377,40.85544064575546],[-88.35617449304105,40.84458212110858],[-88.37053589067145,40.80821385695744],[-88.41859161635058,40.819060123865206],[-88.40426696481377,40.85544064575546]]]}},{"type":"Feature","properties":{"rain":0.213,"period":"3day","row":23,"col":16,"distance_miles":18.94,"normal":null,"departure":null,"percent_normal":null},"geometry":{"type":"Polygon","coordinates":[[[-88.35617449304105,40.84458212110858],[-88.30810614454676,40.833694018094334],[-88.32250422944257,40.79733804022452],[-88.37053589067145,40.80821385695744],[-88.35617449304105,40.84458212110858]]]}},{"type":"Feature","properties":{"rain":0.335,"period":"3day","row":23,"col":17,"distance_miles":16.33,"normal":null,"departure":null,"percent_normal":null},"geometry":{"type":"Polygon","coordinates":[[[-88.30810614454676,40.833694018094334],[-88.26006196879875,40.82277636773238],[-88.27449668205183,40.78643270461458],[-88.32250422944257,40.79733804022452],[-88.30810614454676,40.833694018094334]]]}},{"type":"Feature","properties":{"rain":0.346,"period":"3day","row":23,"col":18,"distance_miles":13.73,"normal":null,"departure":null,"percent_normal":null},"geometry":{"type":"Polygon","coordinates":[[[-88.26006196879875,40.82277636773238],[-88.2120420150792,40.81182920109904],[-88.22651329770204,40.77549788113234],[-88.27449668205183,40.78643270461458],[-88.26006196879875,40.82277636773238]]]}},{"type":"Feature","properties":{"rain":0.346,"period":"3day","row":23,"col":19,"distance_miles":11.13,"normal":null,"departure":null,"percent_normal":null},"geometry":{"type":"Polygon","coordinates":[[[-88.2120420150792,40.81182920109904],[-88.1640463324845,40.800852549326976],[-88.17855412541094,40.76453360083879],[-88.22651329770204,40.77549788113234],[-88.2120420150792,40.81182920109904]]]}},{"type":"Feature","properties":{"rain":0.346,"period":"3day","row":23,"col":20,"distance_miles":8.56,"normal":null,"departure":null,"percent_normal":null},"geometry":{"type":"Polygon","coordinates":[[[-88.1640463324845,40.800852549326976],[-88.11607496992512,40.789846443604915],[-88.1306192140111,40.75353989485091],[-88.17855412541094,40.76453360083879],[-88.1640463324845,40.800852549326976]]]}},{"type":"Feature","properties":{"rain":0.307,"period":"3day","row":23,"col":21,"distance_miles":6.03,"normal":null,"departure":null,"percent_normal":null},"geometry":{"type":"Polygon","coordinates":[[[-88.11607496992512,40.789846443604915],[-88.06812797612565,40.77881091517735],[-88.08270861214987,40.74251679434141],[-88.1306192140111,40.75353989485091],[-88.11607496992512,40.789846443604915]]]}},{"type":"Feature","properties":{"rain":0.339,"period":"3day","row":23,"col":22,"distance_miles":3.65,"normal":null,"departure":null,"percent_normal":null},"geometry":{"type":"Polygon","coordinates":[[[-88.06812797612565,40.77881091517735],[-88.02020539962463,40.7677459953443],[-88.03482236828927,40.73146433053842],[-88.08270861214987,40.74251679434141],[-88.06812797612565,40.77881091517735]]]}},{"type":"Feature","properties":{"rain":0.465,"period":"3day","row":23,"col":23,"distance_miles":2.01,"normal":null,"departure":null,"percent_normal":null},"geometry":{"type":"Polygon","coordinates":[[[-88.02020539962463,40.7677459953443],[-87.9723072887745,40.75665171546096],[-87.98696053070591,40.72038253472524],[-88.03482236828927,40.73146433053842],[-88.02020539962463,40.7677459953443]]]}},{"type":"Feature","properties":{"rain":0.622,"period":"3day","row":23,"col":24,"distance_miles":2.93,"normal":null,"departure":null,"percent_normal":null},"geometry":{"type":"Polygon","coordinates":[[[-87.9723072887745,40.75665171546096],[-87.92443369174164,40.745528106937485],[-87.93912314749103,40.709271438239995],[-87.98696053070591,40.72038253472524],[-87.9723072887745,40.75665171546096]]]}},{"type":"Feature","properties":{"rain":0.713,"period":"3day","row":23,"col":25,"distance_miles":5.18,"normal":null,"departure":null,"percent_normal":null},"geometry":{"type":"Polygon","coordinates":[[[-87.92443369174164,40.745528106937485],[-87.87658465650614,40.73437520123868],[-87.89131026655029,40.69813107247546],[-87.93912314749103,40.709271438239995],[-87.92443369174164,40.745528106937485]]]}},{"type":"Feature","properties":{"rain":0.85,"period":"3day","row":23,"col":26,"distance_miles":7.68,"normal":null,"departure":null,"percent_normal":null},"geometry":{"type":"Polygon","coordinates":[[[-87.87658465650614,40.73437520123868],[-87.82876023086187,40.72319302988371],[-87.84352193560383,40.68696146887867],[-87.89131026655029,40.69813107247546],[-87.87658465650614,40.73437520123868]]]}},{"type":"Feature","properties":{"rain":0.941,"period":"3day","row":23,"col":27,"distance_miles":10.24,"normal":null,"departure":null,"percent_normal":null},"geometry":{"type":"Polygon","coordinates":[[[-87.82876023086187,40.72319302988371],[-87.78096046241639,40.71198162444581],[-87.79575820218616,40.675762658950674],[-87.84352193560383,40.68696146887867],[-87.82876023086187,40.72319302988371]]]}},{"type":"Feature","properties":{"rain":1.177,"period":"3day","row":23,"col":28,"distance_miles":12.83,"normal":null,"departure":null,"percent_normal":null},"geometry":{"type":"Polygon","coordinates":[[[-87.78096046241639,40.71198162444581],[-87.73318539859088,40.70074101655205],[-87.7480191136461,40.66453467424631],[-87.79575820218616,40.675762658950674],[-87.78096046241639,40.71198162444581]]]}},{"type":"Feature","properties":{"rain":1.26,"period":"3day","row":23,"col":29,"distance_miles":15.43,"normal":null,"departure":null,"percent_normal":null},"geometry":{"type":"Polygon","coordinates":[[[-87.73318539859088,40.70074101655205],[-87.68543508662009,40.68947123788298],[-87.70030471714676,40.65327754637385],[-87.7480191136461,40.66453467424631],[-87.73318539859088,40.70074101655205]]]}},{"type":"Feature","properties":{"rain":1.154,"period":"3day","row":23,"col":30,"distance_miles":18.03,"normal":null,"departure":null,"percent_normal":null},"geometry":{"type":"Polygon","coordinates":[[[-87.68543508662009,40.68947123788298],[-87.63770957355231,40.67817232017241],[-87.65261505966551,40.64199130699472],[-87.70030471714676,40.65327754637385],[-87.68543508662009,40.68947123788298]]]}},{"type":"Feature","properties":{"rain":1.217,"period":"3day","row":23,"col":31,"distance_miles":20.64,"normal":null,"departure":null,"percent_normal":null},"geometry":{"type":"Polygon","coordinates":[[[-87.63770957355231,40.67817232017241],[-87.59000890624937,40.666844295207085],[-87.60495018799385,40.63067598782328],[-87.65261505966551,40.64199130699472],[-87.63770957355231,40.67817232017241]]]}},{"type":"Feature","properties":{"rain":1.252,"period":"3day","row":23,"col":32,"distance_miles":23.26,"normal":null,"departure":null,"percent_normal":null},"geometry":{"type":"Polygon","coordinates":[[[-87.59000890624937,40.666844295207085],[-87.54233313138648,40.655487194826435],[-87.55731014873749,40.61933162062648],[-87.60495018799385,40.63067598782328],[-87.59000890624937,40.666844295207085]]]}},{"type":"Feature","properties":{"rain":1.154,"period":"3day","row":23,"col":33,"distance_miles":25.87,"normal":null,"departure":null,"percent_normal":null},"geometry":{"type":"Polygon","coordinates":[[[-87.54233313138648,40.655487194826435],[-87.49468229545232,40.644101050922295],[-87.50969498831617,40.60795823722361],[-87.55731014873749,40.61933162062648],[-87.54233313138648,40.655487194826435]]]}},{"type":"Feature","properties":{"rain":0.957,"period":"3day","row":23,"col":34,"distance_miles":28.49,"normal":null,"departure":null,"percent_normal":null},"geometry":{"type":"Polygon","coordinates":[[[-87.49468229545232,40.644101050922295],[-87.44705644474895,40.632685895438556],[-87.46210475296378,40.59655586948604],[-87.50969498831617,40.60795823722361],[-87.49468229545232,40.644101050922295]]]}},{"type":"Feature","properties":{"rain":0.87,"period":"3day","row":23,"col":35,"distance_miles":31.11,"normal":null,"departure":null,"percent_normal":null},"geometry":{"type":"Polygon","coordinates":[[[-87.44705644474895,40.632685895438556],[-87.39945562539174,40.62124176037096],[-87.41453948872822,40.585124549336854],[-87.46210475296378,40.59655586948604],[-87.44705644474895,40.632685895438556]]]}},{"type":"Feature","properties":{"rain":0.917,"period":"3day","row":23,"col":36,"distance_miles":33.73,"normal":null,"departure":null,"percent_normal":null},"geometry":{"type":"Polygon","coordinates":[[[-87.39945562539174,40.62124176037096],[-87.35187988330941,40.609768677766795],[-87.3669992414714,40.57366430875066],[-87.41453948872822,40.585124549336854],[-87.39945562539174,40.62124176037096]]]}},{"type":"Feature","properties":{"rain":1.776,"period":"3day","row":23,"col":37,"distance_miles":36.35,"normal":null,"departure":null,"percent_normal":null},"geometry":{"type":"Polygon","coordinates":[[[-87.35187988330941,40.609768677766795],[-87.30432926424399,40.5982666797246],[-87.31948405686921,40.56217517975327],[-87.3669992414714,40.57366430875066],[-87.35187988330941,40.609768677766795]]]}},{"type":"Feature","properties":{"rain":1.295,"period":"3day","row":23,"col":38,"distance_miles":38.97,"normal":null,"departure":null,"percent_normal":null},"geometry":{"type":"Polygon","coordinates":[[[-87.30432926424399,40.5982666797246],[-87.25680381375076,40.58673579839388],[-87.27199398041151,40.55065719442141],[-87.31948405686921,40.56217517975327],[-87.30432926424399,40.5982666797246]]]}},{"type":"Feature","properties":{"rain":1.315,"period":"3day","row":23,"col":39,"distance_miles":41.59,"normal":null,"departure":null,"percent_normal":null},"geometry":{"type":"Polygon","coordinates":[[[-87.25680381375076,40.58673579839388],[-87.20930357719826,40.57517606597486],[-87.2245290574021,40.53911038488248],[-87.27199398041151,40.55065719442141],[-87.25680381375076,40.58673579839388]]]}},{"type":"Feature","properties":{"rain":1.126,"period":"3day","row":23,"col":40,"distance_miles":44.2,"normal":null,"departure":null,"percent_normal":null},"geometry":{"type":"Polygon","coordinates":[[[-87.20930357719826,40.57517606597486],[-87.16182859976827,40.56358751471814],[-87.1770893329587,40.527534783314195],[-87.2245290574021,40.53911038488248],[-87.20930357719826,40.57517606597486]]]}},{"type":"Feature","properties":{"rain":1.039,"period":"3day","row":23,"col":41,"distance_miles":46.82,"normal":null,"departure":null,"percent_normal":null},"geometry":{"type":"Polygon","coordinates":[[[-87.16182859976827,40.56358751471814],[-87.11437892645581,40.551970176924456],[-87.12967485201295,40.5159304219444],[-87.1770893329587,40.527534783314195],[-87.16182859976827,40.56358751471814]]]}},{"type":"Feature","properties":{"rain":0.933,"period":"3day","row":23,"col":42,"distance_miles":49.44,"normal":null,"departure":null,"percent_normal":null},"geometry":{"type":"Polygon","coordinates":[[[-87.11437892645581,40.551970176924456],[-87.06695460206909,40.540324084944444],[-87.08228565931037,40.504297333050694],[-87.12967485201295,40.5159304219444],[-87.11437892645581,40.551970176924456]]]}},{"type":"Feature","properties":{"rain":0.0,"period":"3day","row":24,"col":5,"distance_miles":47.77,"normal":null,"departure":null,"percent_normal":null},"geometry":{"type":"Polygon","coordinates":[[[-88.90046142047319,40.92589078496924],[-88.85216780726213,40.915341705816935],[-88.86613554979674,40.878860191891725],[-88.91439188460609,40.88939732116146],[-88.90046142047319,40.92589078496924]]]}},{"type":"Feature","properties":{"rain":0.0,"period":"3day","row":24,"col":6,"distance_miles":45.14,"normal":null,"departure":null,"percent_normal":null},"geometry":{"type":"Polygon","coordinates":[[[-88.85216780726213,40.915341705816935],[-88.803897754467,40.90476277053071],[-88.81790271759812,40.86829323571018],[-88.86613554979674,40.878860191891725],[-88.85216780726213,40.915341705816935]]]}},{"type":"Feature","properties":{"rain":0.02,"period":"3day","row":24,"col":7,"distance_miles":42.51,"normal":null,"departure":null,"percent_normal":null},"geometry":{"type":"Polygon","coordinates":[[[-88.803897754467,40.90476277053071],[-88.75565131332068,40.89415400947763],[-88.76969343915616,40.85769648291333],[-88.81790271759812,40.86829323571018],[-88.803897754467,40.90476277053071]]]}},{"type":"Feature","properties":{"rain":0.035,"period":"3day","row":24,"col":8,"distance_miles":39.88,"normal":null,"departure":null,"percent_normal":null},"geometry":{"type":"Polygon","coordinates":[[[-88.75565131332068,40.89415400947763],[-88.70742853487205,40.88351545308413],[-88.72150776543347,40.84706996385696],[-88.76969343915616,40.85769648291333],[-88.75565131332068,40.89415400947763]]]}},{"type":"Feature","properties":{"rain":0.004,"period":"3day","row":24,"col":9,"distance_miles":37.25,"normal":null,"departure":null,"percent_normal":null},"geometry":{"type":"Polygon","coordinates":[[[-88.70742853487205,40.88351545308413],[-88.65922946998579,40.87284713183575],[-88.6733457472092,40.836413708955845],[-88.72150776543347,40.84706996385696],[-88.70742853487205,40.88351545308413]]]}},{"type":"Feature","properties":{"rain":0.0,"period":"3day","row":24,"col":10,"distance_miles":34.62,"normal":null,"departure":null,"percent_normal":null},"geometry":{"type":"Polygon","coordinates":[[[-88.65922946998579,40.87284713183575],[-88.61105416934235,40.862149076276815],[-88.62520743507893,40.82572774868354],[-88.6733457472092,40.836413708955845],[-88.65922946998579,40.87284713183575]]]}},{"type":"Feature","properties":{"rain":0.0,"period":"3day","row":24,"col":11,"distance_miles":31.99,"normal":null,"departure":null,"percent_normal":null},"geometry":{"type":"Polygon","coordinates":[[[-88.61105416934235,40.862149076276815],[-88.56290268343781,40.85142131701021],[-88.57709287945458,40.81501211357203],[-88.62520743507893,40.82572774868354],[-88.61105416934235,40.862149076276815]]]}},{"type":"Feature","properties":{"rain":0.0,"period":"3day","row":24,"col":12,"distance_miles":29.37,"normal":null,"departure":null,"percent_normal":null},"geometry":{"type":"Polygon","coordinates":[[[-88.56290268343781,40.85142131701021],[-88.51477506258377,40.840663884697065],[-88.5290021305643,40.80426683421147],[-88.57709287945458,40.81501211357203],[-88.56290268343781,40.85142131701021]]]}},{"type":"Feature","properties":{"rain":0.0,"period":"3day","row":24,"col":13,"distance_miles":26.74,"normal":null,"departure":null,"percent_normal":null},"geometry":{"type":"Polygon","coordinates":[[[-88.51477506258377,40.840663884697065],[-88.46667135690723,40.82987681005647],[-88.48093523845235,40.79349194124991],[-88.5290021305643,40.80426683421147],[-88.51477506258377,40.840663884697065]]]}},{"type":"Feature","properties":{"rain":0.004,"period":"3day","row":24,"col":14,"distance_miles":24.11,"normal":null,"departure":null,"percent_normal":null},"geometry":{"type":"Polygon","coordinates":[[[-88.46667135690723,40.82987681005647],[-88.41859161635058,40.819060123865206],[-88.43289225297906,40.78268746539305],[-88.48093523845235,40.79349194124991],[-88.46667135690723,40.82987681005647]]]}},{"type":"Feature","properties":{"rain":0.098,"period":"3day","row":24,"col":15,"distance_miles":21.48,"normal":null,"departure":null,"percent_normal":null},"geometry":{"type":"Polygon","coordinates":[[[-88.41859161635058,40.819060123865206],[-88.37053589067145,40.80821385695744],[-88.38487322382072,40.77185343740389],[-88.43289225297906,40.78268746539305],[-88.41859161635058,40.819060123865206]]]}},{"type":"Feature","properties":{"rain":0.181,"period":"3day","row":24,"col":16,"distance_miles":18.86,"normal":null,"departure":null,"percent_normal":null},"geometry":{"type":"Polygon","coordinates":[[[-88.37053589067145,40.80821385695744],[-88.32250422944257,40.79733804022452],[-88.33687820046943,40.76098988810248],[-88.38487322382072,40.77185343740389],[-88.37053589067145,40.80821385695744]]]}},{"type":"Feature","properties":{"rain":0.268,"period":"3day","row":24,"col":17,"distance_miles":16.23,"normal":null,"departure":null,"percent_normal":null},"geometry":{"type":"Polygon","coordinates":[[[-88.32250422944257,40.79733804022452],[-88.27449668205183,40.78643270461458],[-88.2889072322331,40.75009684836567],[-88.33687820046943,40.76098988810248],[-88.32250422944257,40.79733804022452]]]}},{"type":"Feature","properties":{"rain":0.252,"period":"3day","row":24,"col":18,"distance_miles":13.61,"normal":null,"departure":null,"percent_normal":null},"geometry":{"type":"Polygon","coordinates":[[[-88.27449668205183,40.78643270461458],[-88.22651329770204,40.77549788113234],[-88.2409603682353,40.739174349126756],[-88.2889072322331,40.75009684836567],[-88.27449668205183,40.78643270461458]]]}},{"type":"Feature","properties":{"rain":0.268,"period":"3day","row":24,"col":19,"distance_miles":10.98,"normal":null,"departure":null,"percent_normal":null},"geometry":{"type":"Polygon","coordinates":[[[-88.22651329770204,40.77549788113234],[-88.17855412541094,40.76453360083879],[-88.19303765741523,40.72822242137528],[-88.2409603682353,40.739174349126756],[-88.22651329770204,40.77549788113234]]]}},{"type":"Feature","properties":{"rain":0.327,"period":"3day","row":24,"col":20,"distance_miles":8.36,"normal":null,"departure":null,"percent_normal":null},"geometry":{"type":"Polygon","coordinates":[[[-88.17855412541094,40.76453360083879],[-88.1306192140111,40.75353989485091],[-88.1451391485276,40.71724109615669],[-88.19303765741523,40.72822242137528],[-88.17855412541094,40.76453360083879]]]}},{"type":"Feature","properties":{"rain":0.299,"period":"3day","row":24,"col":21,"distance_miles":5.75,"normal":null,"departure":null,"percent_normal":null},"geometry":{"type":"Polygon","coordinates":[[[-88.1306192140111,40.75353989485091],[-88.08270861214987,40.74251679434141],[-88.09726489014258,40.70623040457211],[-88.1451391485276,40.71724109615669],[-88.1306192140111,40.75353989485091]]]}},{"type":"Feature","properties":{"rain":0.299,"period":"3day","row":24,"col":22,"distance_miles":3.15,"normal":null,"departure":null,"percent_normal":null},"geometry":{"type":"Polygon","coordinates":[[[-88.08270861214987,40.74251679434141],[-88.03482236828927,40.73146433053842],[-88.04941493064575,40.69519037777801],[-88.09726489014258,40.70623040457211],[-88.08270861214987,40.74251679434141]]]}},{"type":"Feature","properties":{"rain":0.315,"period":"3day","row":24,"col":23,"distance_miles":0.8,"normal":null,"departure":null,"percent_normal":null},"geometry":{"type":"Polygon","coordinates":[[[-88.03482236828927,40.73146433053842],[-87.98696053070591,40.72038253472524],[-88.00158931823796,40.684121046985965],[-88.04941493064575,40.69519037777801],[-88.03482236828927,40.73146433053842]]]}},{"type":"Feature","properties":{"rain":0.374,"period":"3day","row":24,"col":24,"distance_miles":2.27,"normal":null,"departure":null,"percent_normal":null},"geometry":{"type":"Polygon","coordinates":[[[-87.98696053070591,40.72038253472524],[-87.93912314749103,40.709271438239995],[-87.95378810093536,40.67302244346232],[-88.00158931823796,40.684121046985965],[-87.98696053070591,40.72038253472524]]]}},{"type":"Feature","properties":{"rain":0.339,"period":"3day","row":24,"col":25,"distance_miles":4.84,"normal":null,"departure":null,"percent_normal":null},"geometry":{"type":"Polygon","coordinates":[[[-87.93912314749103,40.709271438239995],[-87.89131026655029,40.69813107247546],[-87.90601132656923,40.66189459852797],[-87.95378810093536,40.67302244346232],[-87.93912314749103,40.709271438239995]]]}},{"type":"Feature","properties":{"rain":0.346,"period":"3day","row":24,"col":26,"distance_miles":7.45,"normal":null,"departure":null,"percent_normal":null},"geometry":{"type":"Polygon","coordinates":[[[-87.89131026655029,40.69813107247546],[-87.84352193560383,40.68696146887867],[-87.85825904278606,40.65073754355805],[-87.90601132656923,40.66189459852797],[-87.89131026655029,40.69813107247546]]]}},{"type":"Feature","properties":{"rain":0.406,"period":"3day","row":24,"col":27,"distance_miles":10.07,"normal":null,"departure":null,"percent_normal":null},"geometry":{"type":"Polygon","coordinates":[[[-87.84352193560383,40.68696146887867],[-87.79575820218616,40.675762658950674],[-87.81053129704735,40.63955130998167],[-87.85825904278606,40.65073754355805],[-87.84352193560383,40.68696146887867]]]}},{"type":"Feature","properties":{"rain":0.425,"period":"3day","row":24,"col":28,"distance_miles":12.69,"normal":null,"departure":null,"percent_normal":null},"geometry":{"type":"Polygon","coordinates":[[[-87.79575820218616,40.675762658950674],[-87.7480191136461,40.66453467424631],[-87.76282813662962,40.6283359292816],[-87.81053129704735,40.63955130998167],[-87.79575820218616,40.675762658950674]]]}},{"type":"Feature","properties":{"rain":0.409,"period":"3day","row":24,"col":29,"distance_miles":15.31,"normal":null,"departure":null,"percent_normal":null},"geometry":{"type":"Polygon","coordinates":[[[-87.7480191136461,40.66453467424631],[-87.70030471714676,40.65327754637385],[-87.7151496086244,40.61709143299401],[-87.76282813662962,40.6283359292816],[-87.7480191136461,40.66453467424631]]]}},{"type":"Feature","properties":{"rain":0.272,"period":"3day","row":24,"col":30,"distance_miles":17.93,"normal":null,"departure":null,"percent_normal":null},"geometry":{"type":"Polygon","coordinates":[[[-87.70030471714676,40.65327754637385],[-87.65261505966551,40.64199130699472],[-87.6674957599381,40.60581785270821],[-87.7151496086244,40.61709143299401],[-87.70030471714676,40.65327754637385]]]}},{"type":"Feature","properties":{"rain":0.437,"period":"3day","row":24,"col":31,"distance_miles":20.55,"normal":null,"departure":null,"percent_normal":null},"geometry":{"type":"Polygon","coordinates":[[[-87.65261505966551,40.64199130699472],[-87.60495018799385,40.63067598782328],[-87.61986663729206,40.59451522006634],[-87.6674957599381,40.60581785270821],[-87.65261505966551,40.64199130699472]]]}},{"type":"Feature","properties":{"rain":0.709,"period":"3day","row":24,"col":32,"distance_miles":23.18,"normal":null,"departure":null,"percent_normal":null},"geometry":{"type":"Polygon","coordinates":[[[-87.60495018799385,40.63067598782328],[-87.55731014873749,40.61933162062648],[-87.57226228722242,40.5831835667631],[-87.61986663729206,40.59451522006634],[-87.60495018799385,40.63067598782328]]]}},{"type":"Feature","properties":{"rain":0.937,"period":"3day","row":24,"col":33,"distance_miles":25.8,"normal":null,"departure":null,"percent_normal":null},"geometry":{"type":"Polygon","coordinates":[[[-87.55731014873749,40.61933162062648],[-87.50969498831617,40.60795823722361],[-87.5246827560801,40.57182292454546],[-87.57226228722242,40.5831835667631],[-87.55731014873749,40.61933162062648]]]}},{"type":"Feature","properties":{"rain":0.969,"period":"3day","row":24,"col":34,"distance_miles":28.42,"normal":null,"departure":null,"percent_normal":null},"geometry":{"type":"Polygon","coordinates":[[[-87.50969498831617,40.60795823722361],[-87.46210475296378,40.59655586948604],[-87.47712809003082,40.560433325212394],[-87.5246827560801,40.57182292454546],[-87.50969498831617,40.60795823722361]]]}},{"type":"Feature","properties":{"rain":1.165,"period":"3day","row":24,"col":35,"distance_miles":31.04,"normal":null,"departure":null,"percent_normal":null},"geometry":{"type":"Polygon","coordinates":[[[-87.46210475296378,40.59655586948604],[-87.41453948872822,40.585124549336854],[-87.42959833505498,40.54901480061459],[-87.47712809003082,40.560433325212394],[-87.46210475296378,40.59655586948604]]]}},{"type":"Feature","properties":{"rain":2.016,"period":"3day","row":24,"col":36,"distance_miles":33.67,"normal":null,"departure":null,"percent_normal":null},"geometry":{"type":"Polygon","coordinates":[[[-87.41453948872822,40.585124549336854],[-87.3669992414714,40.57366430875066],[-87.38209353694775,40.53756738265419],[-87.42959833505498,40.54901480061459],[-87.41453948872822,40.585124549336854]]]}},{"type":"Feature","properties":{"rain":1.949,"period":"3day","row":24,"col":37,"distance_miles":36.29,"normal":null,"departure":null,"percent_normal":null},"geometry":{"type":"Polygon","coordinates":[[[-87.3669992414714,40.57366430875066],[-87.31948405686921,40.56217517975327],[-87.33461374131892,40.526091103284465],[-87.38209353694775,40.53756738265419],[-87.3669992414714,40.57366430875066]]]}},{"type":"Feature","properties":{"rain":1.693,"period":"3day","row":24,"col":38,"distance_miles":38.91,"normal":null,"departure":null,"percent_normal":null},"geometry":{"type":"Polygon","coordinates":[[[-87.31948405686921,40.56217517975327],[-87.27199398041151,40.55065719442141],[-87.28715899359294,40.514585994509574],[-87.33461374131892,40.526091103284465],[-87.31948405686921,40.56217517975327]]]}},{"type":"Feature","properties":{"rain":1.484,"period":"3day","row":24,"col":39,"distance_miles":41.53,"normal":null,"departure":null,"percent_normal":null},"geometry":{"type":"Polygon","coordinates":[[[-87.27199398041151,40.55065719442141],[-87.2245290574021,40.53911038488248],[-87.23972933900889,40.50305208838429],[-87.28715899359294,40.514585994509574],[-87.27199398041151,40.55065719442141]]]}},{"type":"Feature","properties":{"rain":1.287,"period":"3day","row":24,"col":40,"distance_miles":44.15,"normal":null,"departure":null,"percent_normal":null},"geometry":{"type":"Polygon","coordinates":[[[-87.2245290574021,40.53911038488248],[-87.1770893329587,40.527534783314195],[-87.19232482262045,40.49148941701366],[-87.23972933900889,40.50305208838429],[-87.2245290574021,40.53911038488248]]]}},{"type":"Feature","properties":{"rain":1.303,"period":"3day","row":24,"col":41,"distance_miles":46.78,"normal":null,"departure":null,"percent_normal":null},"geometry":{"type":"Polygon","coordinates":[[[-87.1770893329587,40.527534783314195],[-87.12967485201295,40.5159304219444],[-87.14494548929588,40.47989801255279],[-87.19232482262045,40.49148941701366],[-87.1770893329587,40.527534783314195]]]}},{"type":"Feature","properties":{"rain":1.209,"period":"3day","row":24,"col":42,"distance_miles":49.4,"normal":null,"departure":null,"percent_normal":null},"geometry":{"type":"Polygon","coordinates":[[[-87.12967485201295,40.5159304219444],[-87.08228565931037,40.504297333050694],[-87.09759138371805,40.46827790720656],[-87.14494548929588,40.47989801255279],[-87.12967485201295,40.5159304219444]]]}},{"type":"Feature","properties":{"rain":0.012,"period":"3day","row":25,"col":5,"distance_miles":47.88,"normal":null,"departure":null,"percent_normal":null},"geometry":{"type":"Polygon","coordinates":[[[-88.91439188460609,40.88939732116146],[-88.86613554979674,40.878860191891725],[-88.88007978969009,40.842386720933355],[-88.92829889742694,40.85291191879714],[-88.91439188460609,40.88939732116146]]]}},{"type":"Feature","properties":{"rain":0.0,"period":"3day","row":25,"col":6,"distance_miles":45.25,"normal":null,"departure":null,"percent_normal":null},"geometry":{"type":"Polygon","coordinates":[[[-88.86613554979674,40.878860191891725],[-88.81790271759812,40.86829323571018],[-88.83188412694201,40.83183172534858],[-88.88007978969009,40.842386720933355],[-88.86613554979674,40.878860191891725]]]}},{"type":"Feature","properties":{"rain":0.0,"period":"3day","row":25,"col":7,"distance_miles":42.63,"normal":null,"departure":null,"percent_normal":null},"geometry":{"type":"Polygon","coordinates":[[[-88.81790271759812,40.86829323571018],[-88.76969343915616,40.85769648291333],[-88.7837119602418,40.82124696226889],[-88.83188412694201,40.83183172534858],[-88.81790271759812,40.86829323571018]]]}},{"type":"Feature","properties":{"rain":0.0,"period":"3day","row":25,"col":8,"distance_miles":40.01,"normal":null,"departure":null,"percent_normal":null},"geometry":{"type":"Polygon","coordinates":[[[-88.76969343915616,40.85769648291333],[-88.72150776543347,40.84706996385696],[-88.7355633404659,40.810632461979644],[-88.7837119602418,40.82124696226889],[-88.76969343915616,40.85769648291333]]]}},{"type":"Feature","properties":{"rain":0.0,"period":"3day","row":25,"col":9,"distance_miles":37.39,"normal":null,"departure":null,"percent_normal":null},"geometry":{"type":"Polygon","coordinates":[[[-88.72150776543347,40.84706996385696],[-88.6733457472092,40.836413708955845],[-88.68743831830801,40.79998825482511],[-88.7355633404659,40.810632461979644],[-88.72150776543347,40.84706996385696]]]}},{"type":"Feature","properties":{"rain":0.0,"period":"3day","row":25,"col":10,"distance_miles":34.77,"normal":null,"departure":null,"percent_normal":null},"geometry":{"type":"Polygon","coordinates":[[[-88.6733457472092,40.836413708955845],[-88.62520743507893,40.82572774868354],[-88.63933694427897,40.789314371208214],[-88.68743831830801,40.79998825482511],[-88.6733457472092,40.836413708955845]]]}},{"type":"Feature","properties":{"rain":0.0,"period":"3day","row":25,"col":11,"distance_miles":32.16,"normal":null,"departure":null,"percent_normal":null},"geometry":{"type":"Polygon","coordinates":[[[-88.62520743507893,40.82572774868354],[-88.57709287945458,40.81501211357203],[-88.59125926870664,40.778610841590265],[-88.63933694427897,40.789314371208214],[-88.62520743507893,40.82572774868354]]]}},{"type":"Feature","properties":{"rain":0.0,"period":"3day","row":25,"col":12,"distance_miles":29.54,"normal":null,"departure":null,"percent_normal":null},"geometry":{"type":"Polygon","coordinates":[[[-88.57709287945458,40.81501211357203],[-88.5290021305643,40.80426683421147],[-88.54320534173581,40.76787769649067],[-88.59125926870664,40.778610841590265],[-88.57709287945458,40.81501211357203]]]}},{"type":"Feature","properties":{"rain":0.0,"period":"3day","row":25,"col":13,"distance_miles":26.93,"normal":null,"departure":null,"percent_normal":null},"geometry":{"type":"Polygon","coordinates":[[[-88.5290021305643,40.80426683421147],[-88.48093523845235,40.79349194124991],[-88.49517521332812,40.75711496648669],[-88.54320534173581,40.76787769649067],[-88.5290021305643,40.80426683421147]]]}},{"type":"Feature","properties":{"rain":0.0,"period":"3day","row":25,"col":14,"distance_miles":24.33,"normal":null,"departure":null,"percent_normal":null},"geometry":{"type":"Polygon","coordinates":[[[-88.48093523845235,40.79349194124991],[-88.43289225297906,40.78268746539305],[-88.44716893326192,40.74632268221305],[-88.49517521332812,40.75711496648669],[-88.48093523845235,40.79349194124991]]]}},{"type":"Feature","properties":{"rain":0.004,"period":"3day","row":25,"col":15,"distance_miles":21.72,"normal":null,"departure":null,"percent_normal":null},"geometry":{"type":"Polygon","coordinates":[[[-88.43289225297906,40.78268746539305],[-88.38487322382072,40.77185343740389],[-88.39918655113223,40.73550087436182],[-88.44716893326192,40.74632268221305],[-88.43289225297906,40.78268746539305]]]}},{"type":"Feature","properties":{"rain":0.031,"period":"3day","row":25,"col":16,"distance_miles":19.13,"normal":null,"departure":null,"percent_normal":null},"geometry":{"type":"Polygon","coordinates":[[[-88.38487322382072,40.77185343740389],[-88.33687820046943,40.76098988810248],[-88.35122811635063,40.72464957368198],[-88.39918655113223,40.73550087436182],[-88.38487322382072,40.77185343740389]]]}},{"type":"Feature","properties":{"rain":0.035,"period":"3day","row":25,"col":17,"distance_miles":16.55,"normal":null,"departure":null,"percent_normal":null},"geometry":{"type":"Polygon","coordinates":[[[-88.33687820046943,40.76098988810248],[-88.2889072322331,40.75009684836567],[-88.30329367814512,40.713768810979275],[-88.35122811635063,40.72464957368198],[-88.33687820046943,40.76098988810248]]]}},{"type":"Feature","properties":{"rain":0.024,"period":"3day","row":25,"col":18,"distance_miles":13.98,"normal":null,"departure":null,"percent_normal":null},"geometry":{"type":"Polygon","coordinates":[[[-88.2889072322331,40.75009684836567],[-88.2409603682353,40.739174349126756],[-88.25538328556011,40.70285861711583],[-88.30329367814512,40.713768810979275],[-88.2889072322331,40.75009684836567]]]}},{"type":"Feature","properties":{"rain":0.035,"period":"3day","row":25,"col":19,"distance_miles":11.45,"normal":null,"departure":null,"percent_normal":null},"geometry":{"type":"Polygon","coordinates":[[[-88.2409603682353,40.739174349126756],[-88.19303765741523,40.72822242137528],[-88.20749698745634,40.69191902300991],[-88.25538328556011,40.70285861711583],[-88.2409603682353,40.739174349126756]]]}},{"type":"Feature","properties":{"rain":0.055,"period":"3day","row":25,"col":20,"distance_miles":8.96,"normal":null,"departure":null,"percent_normal":null},"geometry":{"type":"Polygon","coordinates":[[[-88.19303765741523,40.72822242137528],[-88.1451391485276,40.71724109615669],[-88.15963483251072,40.68095005963566],[-88.20749698745634,40.69191902300991],[-88.19303765741523,40.72822242137528]]]}},{"type":"Feature","properties":{"rain":0.039,"period":"3day","row":25,"col":21,"distance_miles":6.59,"normal":null,"departure":null,"percent_normal":null},"geometry":{"type":"Polygon","coordinates":[[[-88.1451391485276,40.71724109615669],[-88.09726489014258,40.70623040457211],[-88.11179686921633,40.669951758022805],[-88.15963483251072,40.68095005963566],[-88.1451391485276,40.71724109615669]]]}},{"type":"Feature","properties":{"rain":0.071,"period":"3day","row":25,"col":22,"distance_miles":4.5,"normal":null,"departure":null,"percent_normal":null},"geometry":{"type":"Polygon","coordinates":[[[-88.09726489014258,40.70623040457211],[-88.04941493064575,40.69519037777801],[-88.06398314588239,40.658924149256364],[-88.11179686921633,40.669951758022805],[-88.09726489014258,40.70623040457211]]]}},{"type":"Feature","properties":{"rain":0.083,"period":"3day","row":25,"col":23,"distance_miles":3.31,"normal":null,"departure":null,"percent_normal":null},"geometry":{"type":"Polygon","coordinates":[[[-88.04941493064575,40.69519037777801],[-88.00158931823796,40.684121046985965],[-88.01619371063403,40.64786726447636],[-88.06398314588239,40.658924149256364],[-88.04941493064575,40.69519037777801]]]}},{"type":"Feature","properties":{"rain":0.079,"period":"3day","row":25,"col":24,"distance_miles":3.93,"normal":null,"departure":null,"percent_normal":null},"geometry":{"type":"Polygon","coordinates":[[[-88.00158931823796,40.684121046985965],[-87.95378810093536,40.67302244346232],[-87.96842861141236,40.636781134877594],[-88.01619371063403,40.64786726447636],[-88.00158931823796,40.684121046985965]]]}},{"type":"Feature","properties":{"rain":0.035,"period":"3day","row":25,"col":25,"distance_miles":5.8,"normal":null,"departure":null,"percent_normal":null},"geometry":{"type":"Polygon","coordinates":[[[-87.95378810093536,40.67302244346232],[-87.90601132656923,40.66189459852797],[-87.92068789597441,40.625665791709324],[-87.96842861141236,40.636781134877594],[-87.95378810093536,40.67302244346232]]]}},{"type":"Feature","properties":{"rain":0.031,"period":"3day","row":25,"col":26,"distance_miles":8.1,"normal":null,"departure":null,"percent_normal":null},"geometry":{"type":"Polygon","coordinates":[[[-87.90601132656923,40.66189459852797],[-87.85825904278606,40.65073754355805],[-87.872971611893,40.61452126627496],[-87.92068789597441,40.625665791709324],[-87.90601132656923,40.66189459852797]]]}},{"type":"Feature","properties":{"rain":0.039,"period":"3day","row":25,"col":27,"distance_miles":10.56,"normal":null,"departure":null,"percent_normal":null},"geometry":{"type":"Polygon","coordinates":[[[-87.85825904278606,40.65073754355805],[-87.81053129704735,40.63955130998167],[-87.8252798065567,40.60334758993182],[-87.872971611893,40.61452126627496],[-87.85825904278606,40.65073754355805]]]}},{"type":"Feature","properties":{"rain":0.016,"period":"3day","row":25,"col":28,"distance_miles":13.08,"normal":null,"departure":null,"percent_normal":null},"geometry":{"type":"Polygon","coordinates":[[[-87.81053129704735,40.63955130998167],[-87.76282813662962,40.6283359292816],[-87.7776125271698,40.59214479409089],[-87.8252798065567,40.60334758993182],[-87.81053129704735,40.63955130998167]]]}},{"type":"Feature","properties":{"rain":0.024,"period":"3day","row":25,"col":29,"distance_miles":15.63,"normal":null,"departure":null,"percent_normal":null},"geometry":{"type":"Polygon","coordinates":[[[-87.76282813662962,40.6283359292816],[-87.7151496086244,40.61709143299401],[-87.72996982075225,40.58091291021644],[-87.7776125271698,40.59214479409089],[-87.76282813662962,40.6283359292816]]]}},{"type":"Feature","properties":{"rain":0.11,"period":"3day","row":25,"col":30,"distance_miles":18.21,"normal":null,"departure":null,"percent_normal":null},"geometry":{"type":"Polygon","coordinates":[[[-87.7151496086244,40.61709143299401],[-87.6674957599381,40.60581785270821],[-87.68235173413962,40.56965196982582],[-87.72996982075225,40.58091291021644],[-87.7151496086244,40.61709143299401]]]}},{"type":"Feature","properties":{"rain":0.311,"period":"3day","row":25,"col":31,"distance_miles":20.79,"normal":null,"departure":null,"percent_normal":null},"geometry":{"type":"Polygon","coordinates":[[[-87.6674957599381,40.60581785270821],[-87.61986663729206,40.59451522006634],[-87.63475831398304,40.558362004489204],[-87.68235173413962,40.56965196982582],[-87.6674957599381,40.60581785270821]]]}},{"type":"Feature","properties":{"rain":0.594,"period":"3day","row":25,"col":32,"distance_miles":23.39,"normal":null,"departure":null,"percent_normal":null},"geometry":{"type":"Polygon","coordinates":[[[-87.61986663729206,40.59451522006634],[-87.57226228722242,40.5831835667631],[-87.58718960674915,40.547043045829184],[-87.63475831398304,40.558362004489204],[-87.61986663729206,40.59451522006634]]]}},{"type":"Feature","properties":{"rain":0.685,"period":"3day","row":25,"col":33,"distance_miles":25.99,"normal":null,"departure":null,"percent_normal":null},"geometry":{"type":"Polygon","coordinates":[[[-87.57226228722242,40.5831835667631],[-87.5246827560801,40.57182292454546],[-87.5396456587201,40.53569512552067],[-87.58718960674915,40.547043045829184],[-87.57226228722242,40.5831835667631]]]}},{"type":"Feature","properties":{"rain":0.862,"period":"3day","row":25,"col":34,"distance_miles":28.59,"normal":null,"departure":null,"percent_normal":null},"geometry":{"type":"Polygon","coordinates":[[[-87.5246827560801,40.57182292454546],[-87.47712809003082,40.560433325212394],[-87.49212651599348,40.52431827529044],[-87.5396456587201,40.53569512552067],[-87.5246827560801,40.57182292454546]]]}},{"type":"Feature","properties":{"rain":1.567,"period":"3day","row":25,"col":35,"distance_miles":31.2,"normal":null,"departure":null,"percent_normal":null},"geometry":{"type":"Polygon","coordinates":[[[-87.47712809003082,40.560433325212394],[-87.42959833505498,40.54901480061459],[-87.44463222448225,40.51291252691698],[-87.49212651599348,40.52431827529044],[-87.47712809003082,40.560433325212394]]]}},{"type":"Feature","properties":{"rain":1.551,"period":"3day","row":25,"col":36,"distance_miles":33.81,"normal":null,"departure":null,"percent_normal":null},"geometry":{"type":"Polygon","coordinates":[[[-87.42959833505498,40.54901480061459],[-87.38209353694775,40.53756738265419],[-87.39716282991482,40.50147791223016],[-87.44463222448225,40.51291252691698],[-87.42959833505498,40.54901480061459]]]}},{"type":"Feature","properties":{"rain":1.654,"period":"3day","row":25,"col":37,"distance_miles":36.42,"normal":null,"departure":null,"percent_normal":null},"geometry":{"type":"Polygon","coordinates":[[[-87.38209353694775,40.53756738265419],[-87.33461374131892,40.526091103284465],[-87.3497183778349,40.490014463110924],[-87.39716282991482,40.50147791223016],[-87.38209353694775,40.53756738265419]]]}},{"type":"Feature","properties":{"rain":1.72,"period":"3day","row":25,"col":38,"distance_miles":39.03,"normal":null,"departure":null,"percent_normal":null},"geometry":{"type":"Polygon","coordinates":[[[-87.33461374131892,40.526091103284465],[-87.28715899359294,40.514585994509574],[-87.30229891360156,40.47852221149107],[-87.3497183778349,40.490014463110924],[-87.33461374131892,40.526091103284465]]]}},{"type":"Feature","properties":{"rain":1.642,"period":"3day","row":25,"col":39,"distance_miles":41.64,"normal":null,"departure":null,"percent_normal":null},"geometry":{"type":"Polygon","coordinates":[[[-87.28715899359294,40.514585994509574],[-87.23972933900889,40.50305208838429],[-87.25490448238918,40.46700118935293],[-87.30229891360156,40.47852221149107],[-87.28715899359294,40.514585994509574]]]}},{"type":"Feature","properties":{"rain":1.469,"period":"3day","row":25,"col":40,"distance_miles":44.26,"normal":null,"departure":null,"percent_normal":null},"geometry":{"type":"Polygon","coordinates":[[[-87.23972933900889,40.50305208838429],[-87.19232482262045,40.49148941701366],[-87.2075351291874,40.455451428729106],[-87.25490448238918,40.46700118935293],[-87.23972933900889,40.50305208838429]]]}},{"type":"Feature","properties":{"rain":1.402,"period":"3day","row":25,"col":41,"distance_miles":46.87,"normal":null,"departure":null,"percent_normal":null},"geometry":{"type":"Polygon","coordinates":[[[-87.19232482262045,40.49148941701366],[-87.14494548929588,40.47989801255279],[-87.16019089880116,40.44387296170218],[-87.2075351291874,40.455451428729106],[-87.19232482262045,40.49148941701366]]]}},{"type":"Feature","properties":{"rain":1.106,"period":"3day","row":25,"col":42,"distance_miles":49.49,"normal":null,"departure":null,"percent_normal":null},"geometry":{"type":"Polygon","coordinates":[[[-87.14494548929588,40.47989801255279],[-87.09759138371805,40.46827790720656],[-87.11287183585067,40.43226582040449],[-87.16019089880116,40.44387296170218],[-87.14494548929588,40.47989801255279]]]}},{"type":"Feature","properties":{"rain":0.004,"period":"3day","row":26,"col":5,"distance_miles":48.12,"normal":null,"departure":null,"percent_normal":null},"geometry":{"type":"Polygon","coordinates":[[[-88.92829889742694,40.85291191879714],[-88.88007978969009,40.842386720933355],[-88.89400058456424,40.80592130441982],[-88.94218251647023,40.81643458931463],[-88.92829889742694,40.85291191879714]]]}},{"type":"Feature","properties":{"rain":0.0,"period":"3day","row":26,"col":6,"distance_miles":45.52,"normal":null,"departure":null,"percent_normal":null},"geometry":{"type":"Polygon","coordinates":[[[-88.88007978969009,40.842386720933355],[-88.83188412694201,40.83183172534858],[-88.8458420402076,40.795378250963466],[-88.89400058456424,40.80592130441982],[-88.88007978969009,40.842386720933355]]]}},{"type":"Feature","properties":{"rain":0.0,"period":"3day","row":26,"col":7,"distance_miles":42.91,"normal":null,"departure":null,"percent_normal":null},"geometry":{"type":"Polygon","coordinates":[[[-88.83188412694201,40.83183172534858],[-88.7837119602418,40.82124696226889],[-88.79770693437266,40.78480545910153],[-88.8458420402076,40.795378250963466],[-88.83188412694201,40.83183172534858]]]}},{"type":"Feature","properties":{"rain":0.0,"period":"3day","row":26,"col":8,"distance_miles":40.31,"normal":null,"departure":null,"percent_normal":null},"geometry":{"type":"Polygon","coordinates":[[[-88.7837119602418,40.82124696226889],[-88.7355633404659,40.810632461979644],[-88.74959531784982,40.774202959049084],[-88.79770693437266,40.78480545910153],[-88.7837119602418,40.82124696226889]]]}},{"type":"Feature","properties":{"rain":0.012,"period":"3day","row":26,"col":9,"distance_miles":37.71,"normal":null,"departure":null,"percent_normal":null},"geometry":{"type":"Polygon","coordinates":[[[-88.7355633404659,40.810632461979644],[-88.68743831830801,40.79998825482511],[-88.70150724124747,40.76357078108009],[-88.74959531784982,40.774202959049084],[-88.7355633404659,40.810632461979644]]]}},{"type":"Feature","properties":{"rain":0.008,"period":"3day","row":26,"col":10,"distance_miles":35.12,"normal":null,"departure":null,"percent_normal":null},"geometry":{"type":"Polygon","coordinates":[[[-88.68743831830801,40.79998825482511],[-88.63933694427897,40.789314371208214],[-88.65344275499179,40.75290895552707],[-88.70150724124747,40.76357078108009],[-88.68743831830801,40.79998825482511]]]}},{"type":"Feature","properties":{"rain":0.004,"period":"3day","row":26,"col":11,"distance_miles":32.53,"normal":null,"departure":null,"percent_normal":null},"geometry":{"type":"Polygon","coordinates":[[[-88.63933694427897,40.789314371208214],[-88.59125926870664,40.778610841590265],[-88.60540190932664,40.74221751278089],[-88.65344275499179,40.75290895552707],[-88.63933694427897,40.789314371208214]]]}},{"type":"Feature","properties":{"rain":0.0,"period":"3day","row":26,"col":12,"distance_miles":29.95,"normal":null,"departure":null,"percent_normal":null},"geometry":{"type":"Polygon","coordinates":[[[-88.59125926870664,40.778610841590265],[-88.54320534173581,40.76787769649067],[-88.55738475431365,40.73149648329039],[-88.60540190932664,40.74221751278089],[-88.59125926870664,40.778610841590265]]]}},{"type":"Feature","properties":{"rain":0.0,"period":"3day","row":26,"col":13,"distance_miles":27.38,"normal":null,"departure":null,"percent_normal":null},"geometry":{"type":"Polygon","coordinates":[[[-88.54320534173581,40.76787769649067],[-88.49517521332812,40.75711496648669],[-88.50939133983182,40.72074589756218],[-88.55738475431365,40.73149648329039],[-88.54320534173581,40.76787769649067]]]}},{"type":"Feature","properties":{"rain":0.0,"period":"3day","row":26,"col":14,"distance_miles":24.82,"normal":null,"departure":null,"percent_normal":null},"geometry":{"type":"Polygon","coordinates":[[[-88.49517521332812,40.75711496648669],[-88.44716893326192,40.74632268221305],[-88.4614217155777,40.70996578616034],[-88.50939133983182,40.72074589756218],[-88.49517521332812,40.75711496648669]]]}},{"type":"Feature","properties":{"rain":0.0,"period":"3day","row":26,"col":15,"distance_miles":22.27,"normal":null,"departure":null,"percent_normal":null},"geometry":{"type":"Polygon","coordinates":[[[-88.44716893326192,40.74632268221305],[-88.39918655113223,40.73550087436182],[-88.4134759310651,40.69915617970613],[-88.4614217155777,40.70996578616034],[-88.44716893326192,40.74632268221305]]]}},{"type":"Feature","properties":{"rain":0.0,"period":"3day","row":26,"col":16,"distance_miles":19.75,"normal":null,"departure":null,"percent_normal":null},"geometry":{"type":"Polygon","coordinates":[[[-88.39918655113223,40.73550087436182],[-88.35122811635063,40.72464957368198],[-88.36555403562511,40.68831710887771],[-88.4134759310651,40.69915617970613],[-88.39918655113223,40.73550087436182]]]}},{"type":"Feature","properties":{"rain":0.0,"period":"3day","row":26,"col":17,"distance_miles":17.26,"normal":null,"departure":null,"percent_normal":null},"geometry":{"type":"Polygon","coordinates":[[[-88.35122811635063,40.72464957368198],[-88.30329367814512,40.713768810979275],[-88.317656078406,40.67744860440991],[-88.36555403562511,40.68831710887771],[-88.35122811635063,40.72464957368198]]]}},{"type":"Feature","properties":{"rain":0.0,"period":"3day","row":26,"col":18,"distance_miles":14.82,"normal":null,"departure":null,"percent_normal":null},"geometry":{"type":"Polygon","coordinates":[[[-88.30329367814512,40.713768810979275],[-88.25538328556011,40.70285861711583],[-88.26978210837306,40.66655069709386],[-88.317656078406,40.67744860440991],[-88.30329367814512,40.713768810979275]]]}},{"type":"Feature","properties":{"rain":0.0,"period":"3day","row":26,"col":19,"distance_miles":12.45,"normal":null,"departure":null,"percent_normal":null},"geometry":{"type":"Polygon","coordinates":[[[-88.25538328556011,40.70285861711583],[-88.20749698745634,40.69191902300991],[-88.22193217430862,40.65562341777679],[-88.26978210837306,40.66655069709386],[-88.25538328556011,40.70285861711583]]]}},{"type":"Feature","properties":{"rain":0.0,"period":"3day","row":26,"col":20,"distance_miles":10.22,"normal":null,"departure":null,"percent_normal":null},"geometry":{"type":"Polygon","coordinates":[[[-88.20749698745634,40.69191902300991],[-88.15963483251072,40.68095005963566],[-88.1741063248119,40.64466679736172],[-88.22193217430862,40.65562341777679],[-88.20749698745634,40.69191902300991]]]}},{"type":"Feature","properties":{"rain":0.0,"period":"3day","row":26,"col":21,"distance_miles":8.21,"normal":null,"departure":null,"percent_normal":null},"geometry":{"type":"Polygon","coordinates":[[[-88.15963483251072,40.68095005963566],[-88.11179686921633,40.669951758022805],[-88.12630460829901,40.63368086680719],[-88.1741063248119,40.64466679736172],[-88.15963483251072,40.68095005963566]]]}},{"type":"Feature","properties":{"rain":0.004,"period":"3day","row":26,"col":22,"distance_miles":6.66,"normal":null,"departure":null,"percent_normal":null},"geometry":{"type":"Polygon","coordinates":[[[-88.11179686921633,40.669951758022805],[-88.06398314588239,40.658924149256364],[-88.07852707300276,40.62266565712699],[-88.12630460829901,40.63368086680719],[-88.11179686921633,40.669951758022805]]]}},{"type":"Feature","properties":{"rain":0.0,"period":"3day","row":26,"col":23,"distance_miles":5.91,"normal":null,"departure":null,"percent_normal":null},"geometry":{"type":"Polygon","coordinates":[[[-88.06398314588239,40.658924149256364],[-88.01619371063403,40.64786726447636],[-88.03077376697269,40.61162119938981],[-88.07852707300276,40.62266565712699],[-88.06398314588239,40.658924149256364]]]}},{"type":"Feature","properties":{"rain":0.0,"period":"3day","row":26,"col":24,"distance_miles":6.27,"normal":null,"departure":null,"percent_normal":null},"geometry":{"type":"Polygon","coordinates":[[[-88.01619371063403,40.64786726447636],[-87.96842861141236,40.636781134877594],[-87.98304473807498,40.600547524719076],[-88.03077376697269,40.61162119938981],[-88.01619371063403,40.64786726447636]]]}},{"type":"Feature","properties":{"rain":0.0,"period":"3day","row":26,"col":25,"distance_miles":7.59,"normal":null,"departure":null,"percent_normal":null},"geometry":{"type":"Polygon","coordinates":[[[-87.96842861141236,40.636781134877594],[-87.92068789597441,40.625665791709324],[-87.93534003399236,40.5894446642926],[-87.98304473807498,40.600547524719076],[-87.96842861141236,40.636781134877594]]]}},{"type":"Feature","properties":{"rain":0.0,"period":"3day","row":26,"col":26,"distance_miles":9.46,"normal":null,"departure":null,"percent_normal":null},"geometry":{"type":"Polygon","coordinates":[[[-87.92068789597441,40.625665791709324],[-87.872971611893,40.61452126627496],[-87.88765970222411,40.5783126493423],[-87.93534003399236,40.5894446642926],[-87.92068789597441,40.625665791709324]]]}},{"type":"Feature","properties":{"rain":0.004,"period":"3day","row":26,"col":27,"distance_miles":11.63,"normal":null,"departure":null,"percent_normal":null},"geometry":{"type":"Polygon","coordinates":[[[-87.872971611893,40.61452126627496],[-87.8252798065567,40.60334758993182],[-87.84000379008592,40.56715151115393],[-87.88765970222411,40.5783126493423],[-87.872971611893,40.61452126627496]]]}},{"type":"Feature","properties":{"rain":0.0,"period":"3day","row":26,"col":28,"distance_miles":13.96,"normal":null,"departure":null,"percent_normal":null},"geometry":{"type":"Polygon","coordinates":[[[-87.8252798065567,40.60334758993182],[-87.7776125271698,40.59214479409089],[-87.79237234470988,40.55596128106684],[-87.84000379008592,40.56715151115393],[-87.8252798065567,40.60334758993182]]]}},{"type":"Feature","properties":{"rain":0.012,"period":"3day","row":26,"col":29,"distance_miles":16.37,"normal":null,"departure":null,"percent_normal":null},"geometry":{"type":"Polygon","coordinates":[[[-87.7776125271698,40.59214479409089],[-87.72996982075225,40.58091291021644],[-87.74476541304443,40.54474199047363],[-87.79237234470988,40.55596128106684],[-87.7776125271698,40.59214479409089]]]}},{"type":"Feature","properties":{"rain":0.024,"period":"3day","row":26,"col":30,"distance_miles":18.85,"normal":null,"departure":null,"percent_normal":null},"geometry":{"type":"Polygon","coordinates":[[[-87.72996982075225,40.58091291021644],[-87.68235173413962,40.56965196982582],[-87.69718304185433,40.53349367081993],[-87.74476541304443,40.54474199047363],[-87.72996982075225,40.58091291021644]]]}},{"type":"Feature","properties":{"rain":0.173,"period":"3day","row":26,"col":31,"distance_miles":21.35,"normal":null,"departure":null,"percent_normal":null},"geometry":{"type":"Polygon","coordinates":[[[-87.68235173413962,40.56965196982582],[-87.63475831398304,40.558362004489204],[-87.64962527772055,40.52221635360405],[-87.69718304185433,40.53349367081993],[-87.68235173413962,40.56965196982582]]]}},{"type":"Feature","properties":{"rain":0.295,"period":"3day","row":26,"col":32,"distance_miles":23.89,"normal":null,"departure":null,"percent_normal":null},"geometry":{"type":"Polygon","coordinates":[[[-87.63475831398304,40.558362004489204],[-87.58718960674915,40.547043045829184],[-87.6020921670403,40.51091007037683],[-87.64962527772055,40.52221635360405],[-87.63475831398304,40.558362004489204]]]}},{"type":"Feature","properties":{"rain":0.665,"period":"3day","row":26,"col":33,"distance_miles":26.44,"normal":null,"departure":null,"percent_normal":null},"geometry":{"type":"Polygon","coordinates":[[[-87.58718960674915,40.547043045829184],[-87.5396456587201,40.53569512552067],[-87.55458375602693,40.4995748527412],[-87.6020921670403,40.51091007037683],[-87.58718960674915,40.547043045829184]]]}},{"type":"Feature","properties":{"rain":0.969,"period":"3day","row":26,"col":34,"distance_miles":29.0,"normal":null,"departure":null,"percent_normal":null},"geometry":{"type":"Polygon","coordinates":[[[-87.5396456587201,40.53569512552067],[-87.49212651599348,40.52431827529044],[-87.50710009070997,40.488210732352],[-87.55458375602693,40.4995748527412],[-87.5396456587201,40.53569512552067]]]}},{"type":"Feature","properties":{"rain":1.173,"period":"3day","row":26,"col":35,"distance_miles":31.57,"normal":null,"departure":null,"percent_normal":null},"geometry":{"type":"Polygon","coordinates":[[[-87.49212651599348,40.52431827529044],[-87.44463222448225,40.51291252691698],[-87.45964121693495,40.47681774091569],[-87.50710009070997,40.488210732352],[-87.49212651599348,40.52431827529044]]]}},{"type":"Feature","properties":{"rain":1.339,"period":"3day","row":26,"col":36,"distance_miles":34.15,"normal":null,"departure":null,"percent_normal":null},"geometry":{"type":"Polygon","coordinates":[[[-87.44463222448225,40.51291252691698],[-87.39716282991482,40.50147791223016],[-87.41220718036358,40.465395910190104],[-87.45964121693495,40.47681774091569],[-87.44463222448225,40.51291252691698]]]}},{"type":"Feature","properties":{"rain":1.535,"period":"3day","row":26,"col":37,"distance_miles":36.74,"normal":null,"departure":null,"percent_normal":null},"geometry":{"type":"Polygon","coordinates":[[[-87.39716282991482,40.50147791223016],[-87.3497183778349,40.490014463110924],[-87.36479802647351,40.453945271984026],[-87.41220718036358,40.465395910190104],[-87.39716282991482,40.50147791223016]]]}},{"type":"Feature","properties":{"rain":1.815,"period":"3day","row":26,"col":38,"distance_miles":39.33,"normal":null,"departure":null,"percent_normal":null},"geometry":{"type":"Polygon","coordinates":[[[-87.3497183778349,40.490014463110924],[-87.30229891360156,40.47852221149107],[-87.31741380055846,40.442465858157114],[-87.36479802647351,40.453945271984026],[-87.3497183778349,40.490014463110924]]]}},{"type":"Feature","properties":{"rain":1.835,"period":"3day","row":26,"col":39,"distance_miles":41.92,"normal":null,"departure":null,"percent_normal":null},"geometry":{"type":"Polygon","coordinates":[[[-87.30229891360156,40.47852221149107],[-87.25490448238918,40.46700118935293],[-87.27005454772807,40.43095770061949],[-87.31741380055846,40.442465858157114],[-87.30229891360156,40.47852221149107]]]}},{"type":"Feature","properties":{"rain":1.709,"period":"3day","row":26,"col":40,"distance_miles":44.52,"normal":null,"departure":null,"percent_normal":null},"geometry":{"type":"Polygon","coordinates":[[[-87.25490448238918,40.46700118935293],[-87.2075351291874,40.455451428729106],[-87.22272031290804,40.419420831331465],[-87.27005454772807,40.43095770061949],[-87.25490448238918,40.46700118935293]]]}},{"type":"Feature","properties":{"rain":1.531,"period":"3day","row":26,"col":41,"distance_miles":47.11,"normal":null,"departure":null,"percent_normal":null},"geometry":{"type":"Polygon","coordinates":[[[-87.2075351291874,40.455451428729106],[-87.16019089880116,40.44387296170218],[-87.17541114083994,40.40785528230334],[-87.22272031290804,40.419420831331465],[-87.2075351291874,40.455451428729106]]]}},{"type":"Feature","properties":{"rain":1.339,"period":"3day","row":26,"col":42,"distance_miles":49.72,"normal":null,"departure":null,"percent_normal":null},"geometry":{"type":"Polygon","coordinates":[[[-87.16019089880116,40.44387296170218],[-87.11287183585067,40.43226582040449],[-87.12812707608131,40.39626108559505],[-87.17541114083994,40.40785528230334],[-87.16019089880116,40.44387296170218]]]}},{"type":"Feature","properties":{"rain":0.0,"period":"3day","row":27,"col":5,"distance_miles":48.51,"normal":null,"departure":null,"percent_normal":null},"geometry":{"type":"Polygon","coordinates":[[[-88.94218251647023,40.81643458931463],[-88.89400058456424,40.80592130441982],[-88.90789799185875,40.76946395379127],[-88.95604279908808,40.77996534411461],[-88.94218251647023,40.81643458931463]]]}},{"type":"Feature","properties":{"rain":0.0,"period":"3day","row":27,"col":6,"distance_miles":45.93,"normal":null,"departure":null,"percent_normal":null},"geometry":{"type":"Polygon","coordinates":[[[-88.89400058456424,40.80592130441982],[-88.8458420402076,40.795378250963466],[-88.85977651492117,40.75893282403456],[-88.90789799185875,40.76946395379127],[-88.89400058456424,40.80592130441982]]]}},{"type":"Feature","properties":{"rain":0.004,"period":"3day","row":27,"col":7,"distance_miles":43.35,"normal":null,"departure":null,"percent_normal":null},"geometry":{"type":"Polygon","coordinates":[[[-88.8458420402076,40.795378250963466],[-88.79770693437266,40.78480545910153],[-88.81167841916107,40.748371984930465],[-88.85977651492117,40.75893282403456],[-88.8458420402076,40.795378250963466]]]}},{"type":"Feature","properties":{"rain":0.031,"period":"3day","row":27,"col":8,"distance_miles":40.77,"normal":null,"departure":null,"percent_normal":null},"geometry":{"type":"Polygon","coordinates":[[[-88.79770693437266,40.78480545910153],[-88.74959531784982,40.774202959049084],[-88.76360375528293,40.737781466624035],[-88.81167841916107,40.748371984930465],[-88.79770693437266,40.78480545910153]]]}},{"type":"Feature","properties":{"rain":0.098,"period":"3day","row":27,"col":9,"distance_miles":38.21,"normal":null,"departure":null,"percent_normal":null},"geometry":{"type":"Polygon","coordinates":[[[-88.74959531784982,40.774202959049084],[-88.70150724124747,40.76357078108009],[-88.7155525738099,40.72716129931913],[-88.76360375528293,40.737781466624035],[-88.74959531784982,40.774202959049084]]]}},{"type":"Feature","properties":{"rain":0.051,"period":"3day","row":27,"col":10,"distance_miles":35.65,"normal":null,"departure":null,"percent_normal":null},"geometry":{"type":"Polygon","coordinates":[[[-88.70150724124747,40.76357078108009],[-88.65344275499179,40.75290895552707],[-88.6675249250836,40.71651151327807],[-88.7155525738099,40.72716129931913],[-88.70150724124747,40.76357078108009]]]}},{"type":"Feature","properties":{"rain":0.02,"period":"3day","row":27,"col":11,"distance_miles":33.1,"normal":null,"departure":null,"percent_normal":null},"geometry":{"type":"Polygon","coordinates":[[[-88.65344275499179,40.75290895552707],[-88.60540190932664,40.74221751278089],[-88.61952085926413,40.70583213882144],[-88.6675249250836,40.71651151327807],[-88.65344275499179,40.75290895552707]]]}},{"type":"Feature","properties":{"rain":0.016,"period":"3day","row":27,"col":12,"distance_miles":30.57,"normal":null,"departure":null,"percent_normal":null},"geometry":{"type":"Polygon","coordinates":[[[-88.60540190932664,40.74221751278089],[-88.55738475431365,40.73149648329039],[-88.57154042632986,40.69512320632776],[-88.61952085926413,40.70583213882144],[-88.60540190932664,40.74221751278089]]]}},{"type":"Feature","properties":{"rain":0.012,"period":"3day","row":27,"col":13,"distance_miles":28.06,"normal":null,"departure":null,"percent_normal":null},"geometry":{"type":"Polygon","coordinates":[[[-88.55738475431365,40.73149648329039],[-88.50939133983182,40.72074589756218],[-88.5235836760774,40.6843847462332],[-88.57154042632986,40.69512320632776],[-88.55738475431365,40.73149648329039]]]}},{"type":"Feature","properties":{"rain":0.0,"period":"3day","row":27,"col":14,"distance_miles":25.57,"normal":null,"departure":null,"percent_normal":null},"geometry":{"type":"Polygon","coordinates":[[[-88.50939133983182,40.72074589756218],[-88.4614217155777,40.70996578616034],[-88.47565065812148,40.67361678903135],[-88.5235836760774,40.6843847462332],[-88.50939133983182,40.72074589756218]]]}},{"type":"Feature","properties":{"rain":0.0,"period":"3day","row":27,"col":15,"distance_miles":23.11,"normal":null,"departure":null,"percent_normal":null},"geometry":{"type":"Polygon","coordinates":[[[-88.4614217155777,40.70996578616034],[-88.4134759310651,40.69915617970613],[-88.42774142189486,40.6628193652729],[-88.47565065812148,40.67361678903135],[-88.4614217155777,40.70996578616034]]]}},{"type":"Feature","properties":{"rain":0.0,"period":"3day","row":27,"col":16,"distance_miles":20.69,"normal":null,"departure":null,"percent_normal":null},"geometry":{"type":"Polygon","coordinates":[[[-88.4134759310651,40.69915617970613],[-88.36555403562511,40.68831710887771],[-88.37985601664826,40.651992505565424],[-88.42774142189486,40.6628193652729],[-88.4134759310651,40.69915617970613]]]}},{"type":"Feature","properties":{"rain":0.0,"period":"3day","row":27,"col":17,"distance_miles":18.32,"normal":null,"departure":null,"percent_normal":null},"geometry":{"type":"Polygon","coordinates":[[[-88.36555403562511,40.68831710887771],[-88.317656078406,40.67744860440991],[-88.3319944914502,40.64113624057297],[-88.37985601664826,40.651992505565424],[-88.36555403562511,40.68831710887771]]]}},{"type":"Feature","properties":{"rain":0.0,"period":"3day","row":27,"col":18,"distance_miles":16.04,"normal":null,"departure":null,"percent_normal":null},"geometry":{"type":"Polygon","coordinates":[[[-88.317656078406,40.67744860440991],[-88.26978210837306,40.66655069709386],[-88.28415689518698,40.63025060101593],[-88.3319944914502,40.64113624057297],[-88.317656078406,40.67744860440991]]]}},{"type":"Feature","properties":{"rain":0.0,"period":"3day","row":27,"col":19,"distance_miles":13.89,"normal":null,"departure":null,"percent_normal":null},"geometry":{"type":"Polygon","coordinates":[[[-88.26978210837306,40.66655069709386],[-88.22193217430862,40.65562341777679],[-88.23634327656265,40.619335617670686],[-88.28415689518698,40.63025060101593],[-88.26978210837306,40.66655069709386]]]}},{"type":"Feature","properties":{"rain":0.0,"period":"3day","row":27,"col":20,"distance_miles":11.92,"normal":null,"departure":null,"percent_normal":null},"geometry":{"type":"Polygon","coordinates":[[[-88.22193217430862,40.65562341777679],[-88.1741063248119,40.64466679736172],[-88.18855368409878,40.60839132136937],[-88.23634327656265,40.619335617670686],[-88.22193217430862,40.65562341777679]]]}},{"type":"Feature","properties":{"rain":0.0,"period":"3day","row":27,"col":21,"distance_miles":10.26,"normal":null,"departure":null,"percent_normal":null},"geometry":{"type":"Polygon","coordinates":[[[-88.1741063248119,40.64466679736172],[-88.12630460829901,40.63368086680719],[-88.1407881661345,40.597417742999504],[-88.18855368409878,40.60839132136937],[-88.1741063248119,40.64466679736172]]]}},{"type":"Feature","properties":{"rain":0.0,"period":"3day","row":27,"col":22,"distance_miles":9.06,"normal":null,"departure":null,"percent_normal":null},"geometry":{"type":"Polygon","coordinates":[[[-88.12630460829901,40.63368086680719],[-88.07852707300276,40.62266565712699],[-88.09304677082638,40.58641491350383],[-88.1407881661345,40.597417742999504],[-88.12630460829901,40.63368086680719]]]}},{"type":"Feature","properties":{"rain":0.0,"period":"3day","row":27,"col":23,"distance_miles":8.52,"normal":null,"departure":null,"percent_normal":null},"geometry":{"type":"Polygon","coordinates":[[[-88.07852707300276,40.62266565712699],[-88.03077376697269,40.61162119938981],[-88.04532954614841,40.57538286387995],[-88.09304677082638,40.58641491350383],[-88.07852707300276,40.62266565712699]]]}},{"type":"Feature","properties":{"rain":0.0,"period":"3day","row":27,"col":24,"distance_miles":8.78,"normal":null,"departure":null,"percent_normal":null},"geometry":{"type":"Polygon","coordinates":[[[-88.03077376697269,40.61162119938981],[-87.98304473807498,40.600547524719076],[-87.9976365398919,40.56432162518012],[-88.04532954614841,40.57538286387995],[-88.03077376697269,40.61162119938981]]]}},{"type":"Feature","properties":{"rain":0.0,"period":"3day","row":27,"col":25,"distance_miles":9.76,"normal":null,"departure":null,"percent_normal":null},"geometry":{"type":"Polygon","coordinates":[[[-87.98304473807498,40.600547524719076],[-87.93534003399236,40.5894446642926],[-87.94996779966537,40.553231228510896],[-87.9976365398919,40.56432162518012],[-87.98304473807498,40.600547524719076]]]}},{"type":"Feature","properties":{"rain":0.004,"period":"3day","row":27,"col":26,"distance_miles":11.27,"normal":null,"departure":null,"percent_normal":null},"geometry":{"type":"Polygon","coordinates":[[[-87.93534003399236,40.5894446642926],[-87.88765970222411,40.5783126493423],[-87.90232337289457,40.542111705032916],[-87.94996779966537,40.553231228510896],[-87.93534003399236,40.5894446642926]]]}},{"type":"Feature","properties":{"rain":0.004,"period":"3day","row":27,"col":27,"distance_miles":13.15,"normal":null,"departure":null,"percent_normal":null},"geometry":{"type":"Polygon","coordinates":[[[-87.88765970222411,40.5783126493423],[-87.84000379008592,40.56715151115393],[-87.85470330682237,40.53096308596057],[-87.90232337289457,40.542111705032916],[-87.88765970222411,40.5783126493423]]]}},{"type":"Feature","properties":{"rain":0.0,"period":"3day","row":27,"col":28,"distance_miles":15.24,"normal":null,"departure":null,"percent_normal":null},"geometry":{"type":"Polygon","coordinates":[[[-87.84000379008592,40.56715151115393],[-87.79237234470988,40.55596128106684],[-87.80710764850875,40.51978540256179],[-87.85470330682237,40.53096308596057],[-87.84000379008592,40.56715151115393]]]}},{"type":"Feature","properties":{"rain":0.012,"period":"3day","row":27,"col":29,"distance_miles":17.48,"normal":null,"departure":null,"percent_normal":null},"geometry":{"type":"Polygon","coordinates":[[[-87.79237234470988,40.55596128106684],[-87.74476541304443,40.54474199047363],[-87.75953644483066,40.5085786861577],[-87.80710764850875,40.51978540256179],[-87.79237234470988,40.55596128106684]]]}},{"type":"Feature","properties":{"rain":0.039,"period":"3day","row":27,"col":30,"distance_miles":19.81,"normal":null,"departure":null,"percent_normal":null},"geometry":{"type":"Polygon","coordinates":[[[-87.74476541304443,40.54474199047363],[-87.69718304185433,40.53349367081993],[-87.71198974248207,40.497342968122354],[-87.75953644483066,40.5085786861577],[-87.74476541304443,40.54474199047363]]]}},{"type":"Feature","properties":{"rain":0.114,"period":"3day","row":27,"col":31,"distance_miles":22.21,"normal":null,"departure":null,"percent_normal":null},"geometry":{"type":"Polygon","coordinates":[[[-87.69718304185433,40.53349367081993],[-87.64962527772055,40.52221635360405],[-87.6644675879739,40.48607827988255],[-87.71198974248207,40.497342968122354],[-87.69718304185433,40.53349367081993]]]}},{"type":"Feature","properties":{"rain":0.311,"period":"3day","row":27,"col":32,"distance_miles":24.65,"normal":null,"departure":null,"percent_normal":null},"geometry":{"type":"Polygon","coordinates":[[[-87.64962527772055,40.52221635360405],[-87.6020921670403,40.51091007037683],[-87.61697002763391,40.4747846529174],[-87.6644675879739,40.48607827988255],[-87.64962527772055,40.52221635360405]]]}},{"type":"Feature","properties":{"rain":0.472,"period":"3day","row":27,"col":33,"distance_miles":27.13,"normal":null,"departure":null,"percent_normal":null},"geometry":{"type":"Polygon","coordinates":[[[-87.6020921670403,40.51091007037683],[-87.55458375602693,40.4995748527412],[-87.56949710760675,40.46346211875816],[-87.61697002763391,40.4747846529174],[-87.6020921670403,40.51091007037683]]]}},{"type":"Feature","properties":{"rain":0.606,"period":"3day","row":27,"col":34,"distance_miles":29.63,"normal":null,"departure":null,"percent_normal":null},"geometry":{"type":"Polygon","coordinates":[[[-87.55458375602693,40.4995748527412],[-87.50710009070997,40.488210732352],[-87.52204887385382,40.452110708987945],[-87.56949710760675,40.46346211875816],[-87.55458375602693,40.4995748527412]]]}},{"type":"Feature","properties":{"rain":0.776,"period":"3day","row":27,"col":35,"distance_miles":32.15,"normal":null,"departure":null,"percent_normal":null},"geometry":{"type":"Polygon","coordinates":[[[-87.50710009070997,40.488210732352],[-87.45964121693495,40.47681774091569],[-87.47462537215338,40.440730455241365],[-87.52204887385382,40.452110708987945],[-87.50710009070997,40.488210732352]]]}},{"type":"Feature","properties":{"rain":1.055,"period":"3day","row":27,"col":36,"distance_miles":34.69,"normal":null,"departure":null,"percent_normal":null},"geometry":{"type":"Polygon","coordinates":[[[-87.45964121693495,40.47681774091569],[-87.41220718036358,40.465395910190104],[-87.42722664810036,40.429321389204375],[-87.47462537215338,40.440730455241365],[-87.45964121693495,40.47681774091569]]]}},{"type":"Feature","properties":{"rain":1.193,"period":"3day","row":27,"col":37,"distance_miles":37.23,"normal":null,"departure":null,"percent_normal":null},"geometry":{"type":"Polygon","coordinates":[[[-87.41220718036358,40.465395910190104],[-87.36479802647351,40.453945271984026],[-87.37985274710644,40.4178835426139],[-87.42722664810036,40.429321389204375],[-87.41220718036358,40.465395910190104]]]}},{"type":"Feature","properties":{"rain":1.323,"period":"3day","row":27,"col":38,"distance_miles":39.79,"normal":null,"departure":null,"percent_normal":null},"geometry":{"type":"Polygon","coordinates":[[[-87.36479802647351,40.453945271984026],[-87.31741380055846,40.442465858157114],[-87.33250371439996,40.40641694725759],[-87.37985274710644,40.4178835426139],[-87.36479802647351,40.453945271984026]]]}},{"type":"Feature","properties":{"rain":1.378,"period":"3day","row":27,"col":39,"distance_miles":42.35,"normal":null,"departure":null,"percent_normal":null},"geometry":{"type":"Polygon","coordinates":[[[-87.31741380055846,40.442465858157114],[-87.27005454772807,40.43095770061949],[-87.28517959502594,40.394921634973564],[-87.33250371439996,40.40641694725759],[-87.31741380055846,40.442465858157114]]]}},{"type":"Feature","properties":{"rain":1.374,"period":"3day","row":27,"col":40,"distance_miles":44.92,"normal":null,"departure":null,"percent_normal":null},"geometry":{"type":"Polygon","coordinates":[[[-87.27005454772807,40.43095770061949],[-87.22272031290804,40.419420831331465],[-87.23788043384604,40.383397637650084],[-87.28517959502594,40.394921634973564],[-87.27005454772807,40.43095770061949]]]}},{"type":"Feature","properties":{"rain":1.358,"period":"3day","row":27,"col":41,"distance_miles":47.5,"normal":null,"departure":null,"percent_normal":null},"geometry":{"type":"Polygon","coordinates":[[[-87.22272031290804,40.419420831331465],[-87.17541114083994,40.40785528230334],[-87.19060627553856,40.37184498722534],[-87.23788043384604,40.383397637650084],[-87.22272031290804,40.419420831331465]]]}},{"type":"Feature","properties":{"rain":0.0,"period":"3day","row":28,"col":5,"distance_miles":49.04,"normal":null,"departure":null,"percent_normal":null},"geometry":{"type":"Polygon","coordinates":[[[-88.95604279908808,40.77996534411461],[-88.90789799185875,40.76946395379127],[-88.92177206883132,40.73301468045028],[-88.96987980245089,40.74350419456029],[-88.95604279908808,40.77996534411461]]]}},{"type":"Feature","properties":{"rain":0.0,"period":"3day","row":28,"col":6,"distance_miles":46.48,"normal":null,"departure":null,"percent_normal":null},"geometry":{"type":"Polygon","coordinates":[[[-88.90789799185875,40.76946395379127],[-88.85977651492117,40.75893282403456],[-88.87368760842702,40.72249545600381],[-88.92177206883132,40.73301468045028],[-88.90789799185875,40.76946395379127]]]}},{"type":"Feature","properties":{"rain":0.02,"period":"3day","row":28,"col":7,"distance_miles":43.93,"normal":null,"departure":null,"percent_normal":null},"geometry":{"type":"Polygon","coordinates":[[[-88.85977651492117,40.75893282403456],[-88.81167841916107,40.748371984930465],[-88.82562647203727,40.71194655123709],[-88.87368760842702,40.72249545600381],[-88.85977651492117,40.75893282403456]]]}},{"type":"Feature","properties":{"rain":0.091,"period":"3day","row":28,"col":8,"distance_miles":41.4,"normal":null,"departure":null,"percent_normal":null},"geometry":{"type":"Polygon","coordinates":[[[-88.81167841916107,40.748371984930465],[-88.76360375528293,40.737781466624035],[-88.7775887102807,40.70136799622536],[-88.82562647203727,40.71194655123709],[-88.81167841916107,40.748371984930465]]]}},{"type":"Feature","properties":{"rain":0.039,"period":"3day","row":28,"col":9,"distance_miles":38.87,"normal":null,"departure":null,"percent_normal":null},"geometry":{"type":"Polygon","coordinates":[[[-88.76360375528293,40.737781466624035],[-88.7155525738099,40.72716129931913],[-88.72957437359533,40.69075982110252],[-88.7775887102807,40.70136799622536],[-88.76360375528293,40.737781466624035]]]}},{"type":"Feature","properties":{"rain":0.004,"period":"3day","row":28,"col":10,"distance_miles":36.36,"normal":null,"departure":null,"percent_normal":null},"geometry":{"type":"Polygon","coordinates":[[[-88.7155525738099,40.72716129931913],[-88.6675249250836,40.71651151327807],[-88.68158351223835,40.680122056060966],[-88.72957437359533,40.69075982110252],[-88.7155525738099,40.72716129931913]]]}},{"type":"Feature","properties":{"rain":0.0,"period":"3day","row":28,"col":11,"distance_miles":33.87,"normal":null,"departure":null,"percent_normal":null},"geometry":{"type":"Polygon","coordinates":[[[-88.6675249250836,40.71651151327807],[-88.61952085926413,40.70583213882144],[-88.63361617628611,40.66945473135115],[-88.68158351223835,40.680122056060966],[-88.6675249250836,40.71651151327807]]]}},{"type":"Feature","properties":{"rain":0.0,"period":"3day","row":28,"col":12,"distance_miles":31.4,"normal":null,"departure":null,"percent_normal":null},"geometry":{"type":"Polygon","coordinates":[[[-88.61952085926413,40.70583213882144],[-88.57154042632986,40.69512320632776],[-88.58567241563395,40.65875787728151],[-88.63361617628611,40.66945473135115],[-88.61952085926413,40.70583213882144]]]}},{"type":"Feature","properties":{"rain":0.0,"period":"3day","row":28,"col":13,"distance_miles":28.96,"normal":null,"departure":null,"percent_normal":null},"geometry":{"type":"Polygon","coordinates":[[[-88.57154042632986,40.69512320632776],[-88.5235836760774,40.6843847462332],[-88.5377522799961,40.64803152421798],[-88.58567241563395,40.65875787728151],[-88.57154042632986,40.69512320632776]]]}},{"type":"Feature","properties":{"rain":0.0,"period":"3day","row":28,"col":14,"distance_miles":26.55,"normal":null,"departure":null,"percent_normal":null},"geometry":{"type":"Polygon","coordinates":[[[-88.5235836760774,40.6843847462332],[-88.47565065812148,40.67361678903135],[-88.48985581890562,40.63727570258384],[-88.5377522799961,40.64803152421798],[-88.5235836760774,40.6843847462332]]]}},{"type":"Feature","properties":{"rain":0.0,"period":"3day","row":28,"col":15,"distance_miles":24.19,"normal":null,"departure":null,"percent_normal":null},"geometry":{"type":"Polygon","coordinates":[[[-88.47565065812148,40.67361678903135],[-88.42774142189486,40.6628193652729],[-88.44198308171427,40.62649044285948],[-88.48985581890562,40.63727570258384],[-88.47565065812148,40.67361678903135]]]}},{"type":"Feature","properties":{"rain":0.0,"period":"3day","row":28,"col":16,"distance_miles":21.89,"normal":null,"departure":null,"percent_normal":null},"geometry":{"type":"Polygon","coordinates":[[[-88.42774142189486,40.6628193652729],[-88.37985601664826,40.651992505565424],[-88.39413411759247,40.615675775581956],[-88.44198308171427,40.62649044285948],[-88.42774142189486,40.6628193652729]]]}},{"type":"Feature","properties":{"rain":0.0,"period":"3day","row":28,"col":17,"distance_miles":19.68,"normal":null,"departure":null,"percent_normal":null},"geometry":{"type":"Polygon","coordinates":[[[-88.37985601664826,40.651992505565424],[-88.3319944914502,40.64113624057297],[-88.34630897552914,40.60483173134489],[-88.39413411759247,40.615675775581956],[-88.37985601664826,40.651992505565424]]]}},{"type":"Feature","properties":{"rain":0.0,"period":"3day","row":28,"col":18,"distance_miles":17.57,"normal":null,"departure":null,"percent_normal":null},"geometry":{"type":"Polygon","coordinates":[[[-88.3319944914502,40.64113624057297],[-88.28415689518698,40.63025060101593],[-88.29850770433167,40.59395834079806],[-88.34630897552914,40.60483173134489],[-88.3319944914502,40.64113624057297]]]}},{"type":"Feature","properties":{"rain":0.0,"period":"3day","row":28,"col":19,"distance_miles":15.63,"normal":null,"departure":null,"percent_normal":null},"geometry":{"type":"Polygon","coordinates":[[[-88.28415689518698,40.63025060101593],[-88.23634327656265,40.619335617670686],[-88.25073035262581,40.58305563464722],[-88.29850770433167,40.59395834079806],[-88.28415689518698,40.63025060101593]]]}},{"type":"Feature","properties":{"rain":0.0,"period":"3day","row":28,"col":20,"distance_miles":13.91,"normal":null,"departure":null,"percent_normal":null},"geometry":{"type":"Polygon","coordinates":[[[-88.23634327656265,40.619335617670686],[-88.18855368409878,40.60839132136937],[-88.20297696885562,40.57212364365379],[-88.25073035262581,40.58305563464722],[-88.23634327656265,40.619335617670686]]]}},{"type":"Feature","properties":{"rain":0.0,"period":"3day","row":28,"col":21,"distance_miles":12.51,"normal":null,"departure":null,"percent_normal":null},"geometry":{"type":"Polygon","coordinates":[[[-88.18855368409878,40.60839132136937],[-88.1407881661345,40.597417742999504],[-88.15524760128335,40.56116239863451],[-88.20297696885562,40.57212364365379],[-88.18855368409878,40.60839132136937]]]}},{"type":"Feature","properties":{"rain":0.0,"period":"3day","row":28,"col":22,"distance_miles":11.55,"normal":null,"departure":null,"percent_normal":null},"geometry":{"type":"Polygon","coordinates":[[[-88.1407881661345,40.597417742999504],[-88.09304677082638,40.58641491350383],[-88.1075422979894,40.550171930461275],[-88.15524760128335,40.56116239863451],[-88.1407881661345,40.597417742999504]]]}},{"type":"Feature","properties":{"rain":0.0,"period":"3day","row":28,"col":23,"distance_miles":11.13,"normal":null,"departure":null,"percent_normal":null},"geometry":{"type":"Polygon","coordinates":[[[-88.09304677082638,40.58641491350383],[-88.04532954614841,40.57538286387995],[-88.05986110687225,40.539152270060825],[-88.1075422979894,40.550171930461275],[-88.09304677082638,40.58641491350383]]]}},{"type":"Feature","properties":{"rain":0.0,"period":"3day","row":28,"col":24,"distance_miles":11.33,"normal":null,"departure":null,"percent_normal":null},"geometry":{"type":"Polygon","coordinates":[[[-88.04532954614841,40.57538286387995],[-87.9976365398919,40.56432162518012],[-88.01220407564837,40.52810344841439],[-88.05986110687225,40.539152270060825],[-88.04532954614841,40.57538286387995]]]}},{"type":"Feature","properties":{"rain":0.0,"period":"3day","row":28,"col":25,"distance_miles":12.1,"normal":null,"departure":null,"percent_normal":null},"geometry":{"type":"Polygon","coordinates":[[[-87.9976365398919,40.56432162518012],[-87.94996779966537,40.553231228510896],[-87.96457125185216,40.517025496557515],[-88.01220407564837,40.52810344841439],[-87.9976365398919,40.56432162518012]]]}},{"type":"Feature","properties":{"rain":0.0,"period":"3day","row":28,"col":26,"distance_miles":13.35,"normal":null,"departure":null,"percent_normal":null},"geometry":{"type":"Polygon","coordinates":[[[-87.94996779966537,40.553231228510896],[-87.90232337289457,40.542111705032916],[-87.91696268283594,40.505918445579745],[-87.96457125185216,40.517025496557515],[-87.94996779966537,40.553231228510896]]]}},{"type":"Feature","properties":{"rain":0.0,"period":"3day","row":28,"col":27,"distance_miles":14.97,"normal":null,"departure":null,"percent_normal":null},"geometry":{"type":"Polygon","coordinates":[[[-87.90232337289457,40.542111705032916],[-87.85470330682237,40.53096308596057],[-87.86937841576977,40.49478232662432],[-87.91696268283594,40.505918445579745],[-87.90232337289457,40.542111705032916]]]}},{"type":"Feature","properties":{"rain":0.0,"period":"3day","row":28,"col":28,"distance_miles":16.83,"normal":null,"departure":null,"percent_normal":null},"geometry":{"type":"Polygon","coordinates":[[[-87.85470330682237,40.53096308596057],[-87.80710764850875,40.51978540256179],[-87.82181849764156,40.48361717088794],[-87.86937841576977,40.49478232662432],[-87.85470330682237,40.53096308596057]]]}},{"type":"Feature","properties":{"rain":0.02,"period":"3day","row":28,"col":29,"distance_miles":18.88,"normal":null,"departure":null,"percent_normal":null},"geometry":{"type":"Polygon","coordinates":[[[-87.80710764850875,40.51978540256179],[-87.75953644483066,40.5085786861577],[-87.77428297525687,40.472423009620464],[-87.82181849764156,40.48361717088794],[-87.80710764850875,40.51978540256179]]]}},{"type":"Feature","properties":{"rain":0.059,"period":"3day","row":28,"col":30,"distance_miles":21.06,"normal":null,"departure":null,"percent_normal":null},"geometry":{"type":"Polygon","coordinates":[[[-87.75953644483066,40.5085786861577],[-87.71198974248207,40.497342968122354],[-87.72677189523891,40.46119987412462],[-87.77428297525687,40.472423009620464],[-87.75953644483066,40.5085786861577]]]}},{"type":"Feature","properties":{"rain":0.209,"period":"3day","row":28,"col":31,"distance_miles":23.33,"normal":null,"departure":null,"percent_normal":null},"geometry":{"type":"Polygon","coordinates":[[[-87.71198974248207,40.497342968122354],[-87.6644675879739,40.48607827988255],[-87.67928530402854,40.4499477957558],[-87.72677189523891,40.46119987412462],[-87.71198974248207,40.497342968122354]]]}},{"type":"Feature","properties":{"rain":0.272,"period":"3day","row":28,"col":32,"distance_miles":25.66,"normal":null,"departure":null,"percent_normal":null},"geometry":{"type":"Polygon","coordinates":[[[-87.6644675879739,40.48607827988255],[-87.61697002763391,40.4747846529174],[-87.63182324788417,40.43866680592168],[-87.67928530402854,40.4499477957558],[-87.6644675879739,40.48607827988255]]]}},{"type":"Feature","properties":{"rain":0.268,"period":"3day","row":28,"col":33,"distance_miles":28.05,"normal":null,"departure":null,"percent_normal":null},"geometry":{"type":"Polygon","coordinates":[[[-87.61697002763391,40.4747846529174],[-87.56949710760675,40.46346211875816],[-87.58438577288175,40.42735693608202],[-87.63182324788417,40.43866680592168],[-87.61697002763391,40.4747846529174]]]}},{"type":"Feature","properties":{"rain":0.295,"period":"3day","row":28,"col":34,"distance_miles":30.47,"normal":null,"departure":null,"percent_normal":null},"geometry":{"type":"Polygon","coordinates":[[[-87.56949710760675,40.46346211875816],[-87.52204887385382,40.452110708987945],[-87.53697292491468,40.41601821774836],[-87.58438577288175,40.42735693608202],[-87.56949710760675,40.46346211875816]]]}},{"type":"Feature","properties":{"rain":0.465,"period":"3day","row":28,"col":35,"distance_miles":32.93,"normal":null,"departure":null,"percent_normal":null},"geometry":{"type":"Polygon","coordinates":[[[-87.52204887385382,40.452110708987945],[-87.47462537215338,40.440730455241365],[-87.48958474969383,40.40465068248372],[-87.53697292491468,40.41601821774836],[-87.52204887385382,40.452110708987945]]]}},{"type":"Feature","properties":{"rain":0.701,"period":"3day","row":28,"col":36,"distance_miles":35.41,"normal":null,"departure":null,"percent_normal":null},"geometry":{"type":"Polygon","coordinates":[[[-87.47462537215338,40.440730455241365],[-87.42722664810036,40.429321389204375],[-87.4422212927475,40.393254361902386],[-87.48958474969383,40.40465068248372],[-87.47462537215338,40.440730455241365]]]}},{"type":"Feature","properties":{"rain":0.846,"period":"3day","row":28,"col":37,"distance_miles":37.9,"normal":null,"departure":null,"percent_normal":null},"geometry":{"type":"Polygon","coordinates":[[[-87.42722664810036,40.429321389204375],[-87.37985274710644,40.4178835426139],[-87.39488259942136,40.38182928766957],[-87.4422212927475,40.393254361902386],[-87.42722664810036,40.429321389204375]]]}},{"type":"Feature","properties":{"rain":0.929,"period":"3day","row":28,"col":38,"distance_miles":40.42,"normal":null,"departure":null,"percent_normal":null},"geometry":{"type":"Polygon","coordinates":[[[-87.37985274710644,40.4178835426139],[-87.33250371439996,40.40641694725759],[-87.34756871487845,40.37037549150117],[-87.39488259942136,40.38182928766957],[-87.37985274710644,40.4178835426139]]]}},{"type":"Feature","properties":{"rain":0.957,"period":"3day","row":28,"col":39,"distance_miles":42.94,"normal":null,"departure":null,"percent_normal":null},"geometry":{"type":"Polygon","coordinates":[[[-87.33250371439996,40.40641694725759],[-87.28517959502594,40.394921634973564],[-87.30027968409914,40.358893005163466],[-87.34756871487845,40.37037549150117],[-87.33250371439996,40.40641694725759]]]}},{"type":"Feature","properties":{"rain":0.807,"period":"3day","row":28,"col":40,"distance_miles":45.48,"normal":null,"departure":null,"percent_normal":null},"geometry":{"type":"Polygon","coordinates":[[[-87.28517959502594,40.394921634973564],[-87.23788043384604,40.383397637650084],[-87.2530155518811,40.34738186047291],[-87.30027968409914,40.358893005163466],[-87.28517959502594,40.394921634973564]]]}},{"type":"Feature","properties":{"rain":0.783,"period":"3day","row":28,"col":41,"distance_miles":48.02,"normal":null,"departure":null,"percent_normal":null},"geometry":{"type":"Polygon","coordinates":[[[-87.23788043384604,40.383397637650084],[-87.19060627553856,40.37184498722534],[-87.20577636283933,40.3358420892957],[-87.2530155518811,40.34738186047291],[-87.23788043384604,40.383397637650084]]]}},{"type":"Feature","properties":{"rain":0.0,"period":"3day","row":29,"col":5,"distance_miles":49.7,"normal":null,"departure":null,"percent_normal":null},"geometry":{"type":"Polygon","coordinates":[[[-88.96987980245089,40.74350419456029],[-88.92177206883132,40.73301468045028],[-88.93562287255851,40.69657349576193],[-88.98369358354802,40.707051151977424],[-88.96987980245089,40.74350419456029]]]}},{"type":"Feature","properties":{"rain":0.0,"period":"3day","row":29,"col":6,"distance_miles":47.18,"normal":null,"departure":null,"percent_normal":null},"geometry":{"type":"Polygon","coordinates":[[[-88.92177206883132,40.73301468045028],[-88.87368760842702,40.72249545600381],[-88.88757537788828,40.68606615827558],[-88.93562287255851,40.69657349576193],[-88.92177206883132,40.73301468045028]]]}},{"type":"Feature","properties":{"rain":0.0,"period":"3day","row":29,"col":7,"distance_miles":44.67,"normal":null,"departure":null,"percent_normal":null},"geometry":{"type":"Polygon","coordinates":[[[-88.87368760842702,40.72249545600381],[-88.82562647203727,40.71194655123709],[-88.83955115025017,40.67552916946507],[-88.88757537788828,40.68606615827558],[-88.87368760842702,40.72249545600381]]]}},{"type":"Feature","properties":{"rain":0.0,"period":"3day","row":29,"col":8,"distance_miles":42.18,"normal":null,"departure":null,"percent_normal":null},"geometry":{"type":"Polygon","coordinates":[[[-88.82562647203727,40.71194655123709],[-88.7775887102807,40.70136799622536],[-88.79155024017714,40.66496255933602],[-88.83955115025017,40.67552916946507],[-88.82562647203727,40.71194655123709]]]}},{"type":"Feature","properties":{"rain":0.0,"period":"3day","row":29,"col":9,"distance_miles":39.7,"normal":null,"departure":null,"percent_normal":null},"geometry":{"type":"Polygon","coordinates":[[[-88.7775887102807,40.70136799622536],[-88.72957437359533,40.69075982110252],[-88.74357269802219,40.6543663579526],[-88.79155024017714,40.66496255933602],[-88.7775887102807,40.70136799622536]]]}},{"type":"Feature","properties":{"rain":0.0,"period":"3day","row":29,"col":10,"distance_miles":37.25,"normal":null,"departure":null,"percent_normal":null},"geometry":{"type":"Polygon","coordinates":[[[-88.72957437359533,40.69075982110252],[-88.68158351223835,40.680122056060966],[-88.6956185739582,40.643740595437414],[-88.74357269802219,40.6543663579526],[-88.72957437359533,40.69075982110252]]]}},{"type":"Feature","properties":{"rain":0.0,"period":"3day","row":29,"col":11,"distance_miles":34.82,"normal":null,"departure":null,"percent_normal":null},"geometry":{"type":"Polygon","coordinates":[[[-88.68158351223835,40.680122056060966],[-88.63361617628611,40.66945473135115],[-88.64768791797785,40.63308530197111],[-88.6956185739582,40.643740595437414],[-88.68158351223835,40.680122056060966]]]}},{"type":"Feature","properties":{"rain":0.0,"period":"3day","row":29,"col":12,"distance_miles":32.42,"normal":null,"departure":null,"percent_normal":null},"geometry":{"type":"Polygon","coordinates":[[[-88.63361617628611,40.66945473135115],[-88.58567241563395,40.65875787728151],[-88.59978077989354,40.6224005077921],[-88.64768791797785,40.63308530197111],[-88.63361617628611,40.66945473135115]]]}},{"type":"Feature","properties":{"rain":0.0,"period":"3day","row":29,"col":13,"distance_miles":30.06,"normal":null,"departure":null,"percent_normal":null},"geometry":{"type":"Polygon","coordinates":[[[-88.58567241563395,40.65875787728151],[-88.5377522799961,40.64803152421798],[-88.55189720933723,40.611686243196374],[-88.59978077989354,40.6224005077921],[-88.58567241563395,40.65875787728151]]]}},{"type":"Feature","properties":{"rain":0.0,"period":"3day","row":29,"col":14,"distance_miles":27.75,"normal":null,"departure":null,"percent_normal":null},"geometry":{"type":"Polygon","coordinates":[[[-88.5377522799961,40.64803152421798],[-88.48985581890562,40.63727570258384],[-88.50403725576038,40.60094253853713],[-88.55189720933723,40.611686243196374],[-88.5377522799961,40.64803152421798]]]}},{"type":"Feature","properties":{"rain":0.0,"period":"3day","row":29,"col":15,"distance_miles":25.5,"normal":null,"departure":null,"percent_normal":null},"geometry":{"type":"Polygon","coordinates":[[[-88.48985581890562,40.63727570258384],[-88.44198308171427,40.62649044285948],[-88.4562009684339,40.590169424224555],[-88.50403725576038,40.60094253853713],[-88.48985581890562,40.63727570258384]]]}},{"type":"Feature","properties":{"rain":0.0,"period":"3day","row":29,"col":16,"distance_miles":23.33,"normal":null,"departure":null,"percent_normal":null},"geometry":{"type":"Polygon","coordinates":[[[-88.44198308171427,40.62649044285948],[-88.39413411759247,40.615675775581956],[-88.40838839644796,40.5793669307255],[-88.4562009684339,40.590169424224555],[-88.44198308171427,40.62649044285948]]]}},{"type":"Feature","properties":{"rain":0.0,"period":"3day","row":29,"col":17,"distance_miles":21.27,"normal":null,"departure":null,"percent_normal":null},"geometry":{"type":"Polygon","coordinates":[[[-88.39413411759247,40.615675775581956],[-88.34630897552914,40.60483173134489],[-88.36059958871196,40.56853508856329],[-88.40838839644796,40.5793669307255],[-88.39413411759247,40.615675775581956]]]}},{"type":"Feature","properties":{"rain":0.0,"period":"3day","row":29,"col":18,"distance_miles":19.34,"normal":null,"departure":null,"percent_normal":null},"geometry":{"type":"Polygon","coordinates":[[[-88.34630897552914,40.60483173134489],[-88.29850770433167,40.59395834079806],[-88.31283459395445,40.55767392831732],[-88.36059958871196,40.56853508856329],[-88.34630897552914,40.60483173134489]]]}},{"type":"Feature","properties":{"rain":0.0,"period":"3day","row":29,"col":19,"distance_miles":17.59,"normal":null,"departure":null,"percent_normal":null},"geometry":{"type":"Polygon","coordinates":[[[-88.29850770433167,40.59395834079806],[-88.25073035262581,40.58305563464722],[-88.26509346072301,40.54678348062295],[-88.31283459395445,40.55767392831732],[-88.29850770433167,40.59395834079806]]]}},{"type":"Feature","properties":{"rain":0.0,"period":"3day","row":29,"col":20,"distance_miles":16.08,"normal":null,"departure":null,"percent_normal":null},"geometry":{"type":"Polygon","coordinates":[[[-88.25073035262581,40.58305563464722],[-88.20297696885562,40.57212364365379],[-88.21737623738423,40.53586377617102],[-88.26509346072301,40.54678348062295],[-88.25073035262581,40.58305563464722]]]}},{"type":"Feature","properties":{"rain":0.0,"period":"3day","row":29,"col":21,"distance_miles":14.89,"normal":null,"departure":null,"percent_normal":null},"geometry":{"type":"Polygon","coordinates":[[[-88.20297696885562,40.57212364365379],[-88.15524760128335,40.56116239863451],[-88.16968297212357,40.52491484570775],[-88.21737623738423,40.53586377617102],[-88.20297696885562,40.57212364365379]]]}},{"type":"Feature","properties":{"rain":0.0,"period":"3day","row":29,"col":22,"distance_miles":14.09,"normal":null,"departure":null,"percent_normal":null},"geometry":{"type":"Polygon","coordinates":[[[-88.15524760128335,40.56116239863451],[-88.1075422979894,40.550171930461275],[-88.1220137129453,40.513936720034394],[-88.16968297212357,40.52491484570775],[-88.15524760128335,40.56116239863451]]]}},{"type":"Feature","properties":{"rain":0.0,"period":"3day","row":29,"col":23,"distance_miles":13.75,"normal":null,"departure":null,"percent_normal":null},"geometry":{"type":"Polygon","coordinates":[[[-88.1075422979894,40.550171930461275],[-88.05986110687225,40.539152270060825],[-88.07436850767246,40.50292943000696],[-88.1220137129453,40.513936720034394],[-88.1075422979894,40.550171930461275]]]}},{"type":"Feature","properties":{"rain":0.0,"period":"3day","row":29,"col":24,"distance_miles":13.9,"normal":null,"departure":null,"percent_normal":null},"geometry":{"type":"Polygon","coordinates":[[[-88.05986110687225,40.539152270060825],[-88.01220407564837,40.52810344841439],[-88.0267474039468,40.49189300653594],[-88.07436850767246,40.50292943000696],[-88.05986110687225,40.539152270060825]]]}},{"type":"Feature","properties":{"rain":0.0,"period":"3day","row":29,"col":25,"distance_miles":14.54,"normal":null,"departure":null,"percent_normal":null},"geometry":{"type":"Polygon","coordinates":[[[-88.01220407564837,40.52810344841439],[-87.96457125185216,40.517025496557515],[-87.97915044922863,40.48082748058603],[-88.0267474039468,40.49189300653594],[-88.01220407564837,40.52810344841439]]]}},{"type":"Feature","properties":{"rain":0.0,"period":"3day","row":29,"col":26,"distance_miles":15.59,"normal":null,"departure":null,"percent_normal":null},"geometry":{"type":"Polygon","coordinates":[[[-87.96457125185216,40.517025496557515],[-87.91696268283594,40.505918445579745],[-87.93157769079686,40.469732883175894],[-87.97915044922863,40.48082748058603],[-87.96457125185216,40.517025496557515]]]}},{"type":"Feature","properties":{"rain":0.0,"period":"3day","row":29,"col":27,"distance_miles":16.99,"normal":null,"departure":null,"percent_normal":null},"geometry":{"type":"Polygon","coordinates":[[[-87.91696268283594,40.505918445579745],[-87.86937841576977,40.49478232662432],[-87.88402917574886,40.45860924537781],[-87.93157769079686,40.469732883175894],[-87.91696268283594,40.505918445579745]]]}},{"type":"Feature","properties":{"rain":0.0,"period":"3day","row":29,"col":28,"distance_miles":18.66,"normal":null,"departure":null,"percent_normal":null},"geometry":{"type":"Polygon","coordinates":[[[-87.86937841576977,40.49478232662432],[-87.82181849764156,40.48361717088794],[-87.83650495100048,40.44745659831745],[-87.88402917574886,40.45860924537781],[-87.86937841576977,40.49478232662432]]]}},{"type":"Feature","properties":{"rain":0.039,"period":"3day","row":29,"col":29,"distance_miles":20.53,"normal":null,"departure":null,"percent_normal":null},"geometry":{"type":"Polygon","coordinates":[[[-87.82181849764156,40.48361717088794],[-87.77428297525687,40.472423009620464],[-87.78900506328593,40.43627497317363],[-87.83650495100048,40.44745659831745],[-87.82181849764156,40.48361717088794]]]}},{"type":"Feature","properties":{"rain":0.094,"period":"3day","row":29,"col":30,"distance_miles":22.54,"normal":null,"departure":null,"percent_normal":null},"geometry":{"type":"Polygon","coordinates":[[[-87.77428297525687,40.472423009620464],[-87.72677189523891,40.46119987412462],[-87.74152955915774,40.42506440117795],[-87.78900506328593,40.43627497317363],[-87.77428297525687,40.472423009620464]]]}},{"type":"Feature","properties":{"rain":0.22,"period":"3day","row":29,"col":31,"distance_miles":24.67,"normal":null,"departure":null,"percent_normal":null},"geometry":{"type":"Polygon","coordinates":[[[-87.72677189523891,40.46119987412462],[-87.67928530402854,40.4499477957558],[-87.69407848498676,40.41382491361459],[-87.74152955915774,40.42506440117795],[-87.72677189523891,40.46119987412462]]]}},{"type":"Feature","properties":{"rain":0.22,"period":"3day","row":29,"col":32,"distance_miles":26.89,"normal":null,"departure":null,"percent_normal":null},"geometry":{"type":"Polygon","coordinates":[[[-87.67928530402854,40.4499477957558],[-87.63182324788417,40.43866680592168],[-87.64665188696208,40.40255654182],[-87.69407848498676,40.41382491361459],[-87.67928530402854,40.4499477957558]]]}},{"type":"Feature","properties":{"rain":0.181,"period":"3day","row":29,"col":33,"distance_miles":29.18,"normal":null,"departure":null,"percent_normal":null},"geometry":{"type":"Polygon","coordinates":[[[-87.63182324788417,40.43866680592168],[-87.58438577288175,40.42735693608202],[-87.59924981109097,40.39125931718262],[-87.64665188696208,40.40255654182],[-87.63182324788417,40.43866680592168]]]}},{"type":"Feature","properties":{"rain":0.173,"period":"3day","row":29,"col":34,"distance_miles":31.51,"normal":null,"departure":null,"percent_normal":null},"geometry":{"type":"Polygon","coordinates":[[[-87.58438577288175,40.42735693608202],[-87.53697292491468,40.41601821774836],[-87.55187230319886,40.379933271142654],[-87.59924981109097,40.39125931718262],[-87.58438577288175,40.42735693608202]]]}},{"type":"Feature","properties":{"rain":0.386,"period":"3day","row":29,"col":35,"distance_miles":33.89,"normal":null,"departure":null,"percent_normal":null},"geometry":{"type":"Polygon","coordinates":[[[-87.53697292491468,40.41601821774836],[-87.48958474969383,40.40465068248372],[-87.50451940892933,40.368578435191715],[-87.55187230319886,40.379933271142654],[-87.53697292491468,40.41601821774836]]]}},{"type":"Feature","properties":{"rain":0.535,"period":"3day","row":29,"col":36,"distance_miles":36.3,"normal":null,"departure":null,"percent_normal":null},"geometry":{"type":"Polygon","coordinates":[[[-87.48958474969383,40.40465068248372],[-87.4422212927475,40.393254361902386],[-87.45719117374401,40.35719484087261],[-87.50451940892933,40.368578435191715],[-87.48958474969383,40.40465068248372]]]}},{"type":"Feature","properties":{"rain":0.614,"period":"3day","row":29,"col":37,"distance_miles":38.74,"normal":null,"departure":null,"percent_normal":null},"geometry":{"type":"Polygon","coordinates":[[[-87.4422212927475,40.393254361902386],[-87.39488259942136,40.38182928766957],[-87.40988764292263,40.34578251977907],[-87.45719117374401,40.35719484087261],[-87.4422212927475,40.393254361902386]]]}},{"type":"Feature","properties":{"rain":0.614,"period":"3day","row":29,"col":38,"distance_miles":41.2,"normal":null,"departure":null,"percent_normal":null},"geometry":{"type":"Polygon","coordinates":[[[-87.39488259942136,40.38182928766957],[-87.34756871487845,40.37037549150117],[-87.3626088615629,40.33434150355541],[-87.40988764292263,40.34578251977907],[-87.39488259942136,40.38182928766957]]]}},{"type":"Feature","properties":{"rain":0.642,"period":"3day","row":29,"col":39,"distance_miles":43.68,"normal":null,"departure":null,"percent_normal":null},"geometry":{"type":"Polygon","coordinates":[[[-87.34756871487845,40.37037549150117],[-87.30027968409914,40.358893005163466],[-87.31535487458059,40.32287182389631],[-87.3626088615629,40.33434150355541],[-87.34756871487845,40.37037549150117]]]}},{"type":"Feature","properties":{"rain":0.524,"period":"3day","row":29,"col":40,"distance_miles":46.18,"normal":null,"departure":null,"percent_normal":null},"geometry":{"type":"Polygon","coordinates":[[[-87.30027968409914,40.358893005163466],[-87.2530155518811,40.34738186047291],[-87.26812572670946,40.31137351254653],[-87.31535487458059,40.32287182389631],[-87.30027968409914,40.358893005163466]]]}},{"type":"Feature","properties":{"rain":0.531,"period":"3day","row":29,"col":41,"distance_miles":48.68,"normal":null,"departure":null,"percent_normal":null},"geometry":{"type":"Polygon","coordinates":[[[-87.2530155518811,40.34738186047291],[-87.20577636283933,40.3358420892957],[-87.22092146250112,40.29984660130062],[-87.26812572670946,40.31137351254653],[-87.2530155518811,40.34738186047291]]]}},{"type":"Feature","properties":{"rain":0.0,"period":"3day","row":30,"col":6,"distance_miles":48.0,"normal":null,"departure":null,"percent_normal":null},"geometry":{"type":"Polygon","coordinates":[[[-88.93562287255851,40.69657349576193],[-88.88757537788828,40.68606615827558],[-88.90143988028744,40.64964494221669],[-88.94945045993647,40.66014041105384],[-88.93562287255851,40.69657349576193]]]}},{"type":"Feature","properties":{"rain":0.0,"period":"3day","row":30,"col":7,"distance_miles":45.54,"normal":null,"departure":null,"percent_normal":null},"geometry":{"type":"Polygon","coordinates":[[[-88.88757537788828,40.68606615827558],[-88.83955115025017,40.67552916946507],[-88.85345251086798,40.63911985102044],[-88.90143988028744,40.64964494221669],[-88.88757537788828,40.68606615827558]]]}},{"type":"Feature","properties":{"rain":0.0,"period":"3day","row":30,"col":8,"distance_miles":43.1,"normal":null,"departure":null,"percent_normal":null},"geometry":{"type":"Polygon","coordinates":[[[-88.83955115025017,40.67552916946507],[-88.79155024017714,40.66496255933602],[-88.8054884021255,40.62856516740124],[-88.85345251086798,40.63911985102044],[-88.83955115025017,40.67552916946507]]]}},{"type":"Feature","properties":{"rain":0.0,"period":"3day","row":30,"col":9,"distance_miles":40.68,"normal":null,"departure":null,"percent_normal":null},"geometry":{"type":"Polygon","coordinates":[[[-88.79155024017714,40.66496255933602],[-88.74357269802219,40.6543663579526],[-88.75754760432807,40.61798092135382],[-88.8054884021255,40.62856516740124],[-88.79155024017714,40.66496255933602]]]}},{"type":"Feature","properties":{"rain":0.0,"period":"3day","row":30,"col":10,"distance_miles":38.29,"normal":null,"departure":null,"percent_normal":null},"geometry":{"type":"Polygon","coordinates":[[[-88.74357269802219,40.6543663579526],[-88.6956185739582,40.643740595437414],[-88.70963016756434,40.60736714293117],[-88.75754760432807,40.61798092135382],[-88.74357269802219,40.6543663579526]]]}},{"type":"Feature","properties":{"rain":0.0,"period":"3day","row":30,"col":11,"distance_miles":35.93,"normal":null,"departure":null,"percent_normal":null},"geometry":{"type":"Polygon","coordinates":[[[-88.6956185739582,40.643740595437414],[-88.64768791797785,40.63308530197111],[-88.66173614174348,40.59672386224427],[-88.70963016756434,40.60736714293117],[-88.6956185739582,40.643740595437414]]]}},{"type":"Feature","properties":{"rain":0.0,"period":"3day","row":30,"col":12,"distance_miles":33.61,"normal":null,"departure":null,"percent_normal":null},"geometry":{"type":"Polygon","coordinates":[[[-88.64768791797785,40.63308530197111],[-88.59978077989354,40.6224005077921],[-88.61386557659502,40.586051109461806],[-88.66173614174348,40.59672386224427],[-88.64768791797785,40.63308530197111]]]}},{"type":"Feature","properties":{"rain":0.0,"period":"3day","row":30,"col":13,"distance_miles":31.35,"normal":null,"departure":null,"percent_normal":null},"geometry":{"type":"Polygon","coordinates":[[[-88.59978077989354,40.6224005077921],[-88.55189720933723,40.611686243196374],[-88.56601852166877,40.57534891480998],[-88.61386557659502,40.586051109461806],[-88.59978077989354,40.6224005077921]]]}},{"type":"Feature","properties":{"rain":0.0,"period":"3day","row":30,"col":14,"distance_miles":29.14,"normal":null,"departure":null,"percent_normal":null},"geometry":{"type":"Polygon","coordinates":[[[-88.55189720933723,40.611686243196374],[-88.50403725576038,40.60094253853713],[-88.5181950263347,40.56461730857206],[-88.56601852166877,40.57534891480998],[-88.55189720933723,40.611686243196374]]]}},{"type":"Feature","properties":{"rain":0.0,"period":"3day","row":30,"col":15,"distance_miles":27.0,"normal":null,"departure":null,"percent_normal":null},"geometry":{"type":"Polygon","coordinates":[[[-88.50403725576038,40.60094253853713],[-88.4562009684339,40.590169424224555],[-88.47039513978287,40.55385632108831],[-88.5181950263347,40.56461730857206],[-88.50403725576038,40.60094253853713]]]}},{"type":"Feature","properties":{"rain":0.0,"period":"3day","row":30,"col":16,"distance_miles":24.97,"normal":null,"departure":null,"percent_normal":null},"geometry":{"type":"Polygon","coordinates":[[[-88.4562009684339,40.590169424224555],[-88.40838839644796,40.5793669307255],[-88.42261891102335,40.54306598275558],[-88.47039513978287,40.55385632108831],[-88.4562009684339,40.590169424224555]]]}},{"type":"Feature","properties":{"rain":0.0,"period":"3day","row":30,"col":17,"distance_miles":23.05,"normal":null,"departure":null,"percent_normal":null},"geometry":{"type":"Polygon","coordinates":[[[-88.40838839644796,40.5793669307255],[-88.36059958871196,40.56853508856329],[-88.37486638888613,40.53224632402704],[-88.42261891102335,40.54306598275558],[-88.40838839644796,40.5793669307255]]]}},{"type":"Feature","properties":{"rain":0.0,"period":"3day","row":30,"col":18,"distance_miles":21.28,"normal":null,"departure":null,"percent_normal":null},"geometry":{"type":"Polygon","coordinates":[[[-88.36059958871196,40.56853508856329],[-88.31283459395445,40.55767392831732],[-88.32713762202097,40.52139737541198],[-88.37486638888613,40.53224632402704],[-88.36059958871196,40.56853508856329]]]}},{"type":"Feature","properties":{"rain":0.0,"period":"3day","row":30,"col":19,"distance_miles":19.7,"normal":null,"departure":null,"percent_normal":null},"geometry":{"type":"Polygon","coordinates":[[[-88.31283459395445,40.55767392831732],[-88.26509346072301,40.54678348062295],[-88.27943265889738,40.510519167475444],[-88.32713762202097,40.52139737541198],[-88.31283459395445,40.55767392831732]]]}},{"type":"Feature","properties":{"rain":0.0,"period":"3day","row":30,"col":20,"distance_miles":18.37,"normal":null,"departure":null,"percent_normal":null},"geometry":{"type":"Polygon","coordinates":[[[-88.26509346072301,40.54678348062295],[-88.21737623738423,40.53586377617102],[-88.23175154780454,40.49961173083803],[-88.27943265889738,40.510519167475444],[-88.26509346072301,40.54678348062295]]]}},{"type":"Feature","properties":{"rain":0.0,"period":"3day","row":30,"col":21,"distance_miles":17.33,"normal":null,"departure":null,"percent_normal":null},"geometry":{"type":"Polygon","coordinates":[[[-88.21737623738423,40.53586377617102],[-88.16968297212357,40.52491484570775],[-88.18409433685116,40.48867509617559],[-88.23175154780454,40.49961173083803],[-88.21737623738423,40.53586377617102]]]}},{"type":"Feature","properties":{"rain":0.0,"period":"3day","row":30,"col":22,"distance_miles":16.64,"normal":null,"departure":null,"percent_normal":null},"geometry":{"type":"Polygon","coordinates":[[[-88.16968297212357,40.52491484570775],[-88.1220137129453,40.513936720034394],[-88.13646107396553,40.47770929421891],[-88.18409433685116,40.48867509617559],[-88.16968297212357,40.52491484570775]]]}},{"type":"Feature","properties":{"rain":0.0,"period":"3day","row":30,"col":23,"distance_miles":16.36,"normal":null,"departure":null,"percent_normal":null},"geometry":{"type":"Polygon","coordinates":[[[-88.1220137129453,40.513936720034394],[-88.07436850767246,40.50292943000696],[-88.0888518068953,40.46671435575351],[-88.13646107396553,40.47770929421891],[-88.1220137129453,40.513936720034394]]]}},{"type":"Feature","properties":{"rain":0.0,"period":"3day","row":30,"col":24,"distance_miles":16.49,"normal":null,"departure":null,"percent_normal":null},"geometry":{"type":"Polygon","coordinates":[[[-88.07436850767246,40.50292943000696],[-88.0267474039468,40.49189300653594],[-88.0412665832075,40.45569031161933],[-88.0888518068953,40.46671435575351],[-88.07436850767246,40.50292943000696]]]}},{"type":"Feature","properties":{"rain":0.0,"period":"3day","row":30,"col":25,"distance_miles":17.03,"normal":null,"departure":null,"percent_normal":null},"geometry":{"type":"Polygon","coordinates":[[[-88.0267474039468,40.49189300653594],[-87.97915044922863,40.48082748058603],[-87.99370545028845,40.44463719271041],[-88.0412665832075,40.45569031161933],[-88.0267474039468,40.49189300653594]]]}},{"type":"Feature","properties":{"rain":0.0,"period":"3day","row":30,"col":26,"distance_miles":17.94,"normal":null,"departure":null,"percent_normal":null},"geometry":{"type":"Polygon","coordinates":[[[-87.97915044922863,40.48082748058603],[-87.93157769079686,40.469732883175894],[-87.94616845534372,40.433555029974734],[-87.99370545028845,40.44463719271041],[-87.97915044922863,40.48082748058603]]]}},{"type":"Feature","properties":{"rain":0.0,"period":"3day","row":30,"col":27,"distance_miles":19.16,"normal":null,"departure":null,"percent_normal":null},"geometry":{"type":"Polygon","coordinates":[[[-87.93157769079686,40.469732883175894],[-87.88402917574886,40.45860924537781],[-87.89865564539805,40.422443854413835],[-87.94616845534372,40.433555029974734],[-87.93157769079686,40.469732883175894]]]}},{"type":"Feature","properties":{"rain":0.0,"period":"3day","row":30,"col":28,"distance_miles":20.65,"normal":null,"departure":null,"percent_normal":null},"geometry":{"type":"Polygon","coordinates":[[[-87.88402917574886,40.45860924537781],[-87.83650495100048,40.44745659831745],[-87.85116706729528,40.41130369708259],[-87.89865564539805,40.422443854413835],[-87.88402917574886,40.45860924537781]]]}},{"type":"Feature","properties":{"rain":0.0,"period":"3day","row":30,"col":29,"distance_miles":22.35,"normal":null,"departure":null,"percent_normal":null},"geometry":{"type":"Polygon","coordinates":[[[-87.83650495100048,40.44745659831745],[-87.78900506328593,40.43627497317363],[-87.80370276769831,40.40013458908891],[-87.85116706729528,40.41130369708259],[-87.83650495100048,40.44745659831745]]]}},{"type":"Feature","properties":{"rain":0.02,"period":"3day","row":30,"col":30,"distance_miles":24.22,"normal":null,"departure":null,"percent_normal":null},"geometry":{"type":"Polygon","coordinates":[[[-87.78900506328593,40.43627497317363],[-87.74152955915774,40.42506440117795],[-87.75626279308906,40.388936561593475],[-87.80370276769831,40.40013458908891],[-87.78900506328593,40.43627497317363]]]}},{"type":"Feature","properties":{"rain":0.114,"period":"3day","row":30,"col":31,"distance_miles":26.21,"normal":null,"departure":null,"percent_normal":null},"geometry":{"type":"Polygon","coordinates":[[[-87.74152955915774,40.42506440117795],[-87.69407848498676,40.41382491361459],[-87.7088471897684,40.37770964580948],[-87.75626279308906,40.388936561593475],[-87.74152955915774,40.42506440117795]]]}},{"type":"Feature","properties":{"rain":0.083,"period":"3day","row":30,"col":32,"distance_miles":28.31,"normal":null,"departure":null,"percent_normal":null},"geometry":{"type":"Polygon","coordinates":[[[-87.69407848498676,40.41382491361459],[-87.64665188696208,40.40255654182],[-87.66145600385612,40.366453873002335],[-87.7088471897684,40.37770964580948],[-87.69407848498676,40.41382491361459]]]}},{"type":"Feature","properties":{"rain":0.098,"period":"3day","row":30,"col":33,"distance_miles":30.48,"normal":null,"departure":null,"percent_normal":null},"geometry":{"type":"Polygon","coordinates":[[[-87.64665188696208,40.40255654182],[-87.59924981109097,40.39125931718262],[-87.61408928129089,40.35516927448939],[-87.66145600385612,40.366453873002335],[-87.64665188696208,40.40255654182]]]}},{"type":"Feature","properties":{"rain":0.122,"period":"3day","row":30,"col":34,"distance_miles":32.73,"normal":null,"departure":null,"percent_normal":null},"geometry":{"type":"Polygon","coordinates":[[[-87.59924981109097,40.39125931718262],[-87.55187230319886,40.379933271142654],[-87.56674706783018,40.34385588163968],[-87.61408928129089,40.35516927448939],[-87.59924981109097,40.39125931718262]]]}},{"type":"Feature","properties":{"rain":0.197,"period":"3day","row":30,"col":35,"distance_miles":35.02,"normal":null,"departure":null,"percent_normal":null},"geometry":{"type":"Polygon","coordinates":[[[-87.55187230319886,40.379933271142654],[-87.50451940892933,40.368578435191715],[-87.51942940905028,40.33251372587364],[-87.56674706783018,40.34385588163968],[-87.55187230319886,40.379933271142654]]]}},{"type":"Feature","properties":{"rain":0.299,"period":"3day","row":30,"col":36,"distance_miles":37.36,"normal":null,"departure":null,"percent_normal":null},"geometry":{"type":"Polygon","coordinates":[[[-87.50451940892933,40.368578435191715],[-87.45719117374401,40.35719484087261],[-87.47213635034628,40.32114283866279],[-87.51942940905028,40.33251372587364],[-87.50451940892933,40.368578435191715]]]}},{"type":"Feature","properties":{"rain":0.346,"period":"3day","row":30,"col":37,"distance_miles":39.73,"normal":null,"departure":null,"percent_normal":null},"geometry":{"type":"Polygon","coordinates":[[[-87.45719117374401,40.35719484087261],[-87.40988764292263,40.34578251977907],[-87.42486793693189,40.30974325152955],[-87.47213635034628,40.32114283866279],[-87.45719117374401,40.35719484087261]]]}},{"type":"Feature","properties":{"rain":0.433,"period":"3day","row":30,"col":38,"distance_miles":42.13,"normal":null,"departure":null,"percent_normal":null},"geometry":{"type":"Polygon","coordinates":[[[-87.40988764292263,40.34578251977907],[-87.3626088615629,40.33434150355541],[-87.37762421383961,40.2983149960469],[-87.42486793693189,40.30974325152955],[-87.40988764292263,40.34578251977907]]]}},{"type":"Feature","properties":{"rain":0.457,"period":"3day","row":30,"col":39,"distance_miles":44.56,"normal":null,"departure":null,"percent_normal":null},"geometry":{"type":"Polygon","coordinates":[[[-87.3626088615629,40.33434150355541],[-87.31535487458059,40.32287182389631],[-87.33040522592059,40.28685810383808],[-87.37762421383961,40.2983149960469],[-87.3626088615629,40.33434150355541]]]}},{"type":"Feature","properties":{"rain":0.551,"period":"3day","row":30,"col":40,"distance_miles":47.01,"normal":null,"departure":null,"percent_normal":null},"geometry":{"type":"Polygon","coordinates":[[[-87.31535487458059,40.32287182389631],[-87.26812572670946,40.31137351254653],[-87.28321101784461,40.27537260657641],[-87.33040522592059,40.28685810383808],[-87.31535487458059,40.32287182389631]]]}},{"type":"Feature","properties":{"rain":0.689,"period":"3day","row":30,"col":41,"distance_miles":49.47,"normal":null,"departure":null,"percent_normal":null},"geometry":{"type":"Polygon","coordinates":[[[-87.26812572670946,40.31137351254653],[-87.22092146250112,40.29984660130062],[-87.2360416341001,40.263858535984916],[-87.28321101784461,40.27537260657641],[-87.26812572670946,40.31137351254653]]]}},{"type":"Feature","properties":{"rain":0.0,"period":"3day","row":31,"col":6,"distance_miles":48.95,"normal":null,"departure":null,"percent_normal":null},"geometry":{"type":"Polygon","coordinates":[[[-88.94945045993647,40.66014041105384],[-88.90143988028744,40.64964494221669],[-88.91528117242714,40.61323181915656],[-88.96325488768157,40.62371543761636],[-88.94945045993647,40.66014041105384]]]}},{"type":"Feature","properties":{"rain":0.0,"period":"3day","row":31,"col":7,"distance_miles":46.54,"normal":null,"departure":null,"percent_normal":null},"geometry":{"type":"Polygon","coordinates":[[[-88.90143988028744,40.64964494221669],[-88.85345251086798,40.63911985102044],[-88.86733061077895,40.60271860727168],[-88.91528117242714,40.61323181915656],[-88.90143988028744,40.64964494221669]]]}},{"type":"Feature","properties":{"rain":0.0,"period":"3day","row":31,"col":8,"distance_miles":44.16,"normal":null,"departure":null,"percent_normal":null},"geometry":{"type":"Polygon","coordinates":[[[-88.85345251086798,40.63911985102044],[-88.8054884021255,40.62856516740124],[-88.81940325309891,40.59217583182866],[-88.86733061077895,40.60271860727168],[-88.85345251086798,40.63911985102044]]]}},{"type":"Feature","properties":{"rain":0.0,"period":"3day","row":31,"col":9,"distance_miles":41.8,"normal":null,"departure":null,"percent_normal":null},"geometry":{"type":"Polygon","coordinates":[[[-88.8054884021255,40.62856516740124],[-88.75754760432807,40.61798092135382],[-88.7714991495703,40.581603522752935],[-88.81940325309891,40.59217583182866],[-88.8054884021255,40.62856516740124]]]}},{"type":"Feature","properties":{"rain":0.0,"period":"3day","row":31,"col":10,"distance_miles":39.48,"normal":null,"departure":null,"percent_normal":null},"geometry":{"type":"Polygon","coordinates":[[[-88.75754760432807,40.61798092135382],[-88.70963016756434,40.60736714293117],[-88.7236183501977,40.5710017100281],[-88.7714991495703,40.581603522752935],[-88.75754760432807,40.61798092135382]]]}},{"type":"Feature","properties":{"rain":0.0,"period":"3day","row":31,"col":11,"distance_miles":37.2,"normal":null,"departure":null,"percent_normal":null},"geometry":{"type":"Polygon","coordinates":[[[-88.70963016756434,40.60736714293117],[-88.66173614174348,40.59672386224427],[-88.67576090480678,40.56037042369567],[-88.7236183501977,40.5710017100281],[-88.70963016756434,40.60736714293117]]]}},{"type":"Feature","properties":{"rain":0.0,"period":"3day","row":31,"col":12,"distance_miles":34.96,"normal":null,"departure":null,"percent_normal":null},"geometry":{"type":"Polygon","coordinates":[[[-88.66173614174348,40.59672386224427],[-88.61386557659502,40.586051109461806],[-88.62792686304435,40.54970969385484],[-88.67576090480678,40.56037042369567],[-88.66173614174348,40.59672386224427]]]}},{"type":"Feature","properties":{"rain":0.0,"period":"3day","row":31,"col":13,"distance_miles":32.79,"normal":null,"departure":null,"percent_normal":null},"geometry":{"type":"Polygon","coordinates":[[[-88.61386557659502,40.586051109461806],[-88.56601852166877,40.57534891480998],[-88.58011627437813,40.539019550662154],[-88.62792686304435,40.54970969385484],[-88.61386557659502,40.586051109461806]]]}},{"type":"Feature","properties":{"rain":0.0,"period":"3day","row":31,"col":14,"distance_miles":30.68,"normal":null,"departure":null,"percent_normal":null},"geometry":{"type":"Polygon","coordinates":[[[-88.56601852166877,40.57534891480998],[-88.5181950263347,40.56461730857206],[-88.53232918809672,40.528300024331244],[-88.58011627437813,40.539019550662154],[-88.56601852166877,40.57534891480998]]]}},{"type":"Feature","properties":{"rain":0.0,"period":"3day","row":31,"col":15,"distance_miles":28.66,"normal":null,"departure":null,"percent_normal":null},"geometry":{"type":"Polygon","coordinates":[[[-88.5181950263347,40.56461730857206],[-88.47039513978287,40.55385632108831],[-88.4845656533095,40.51755114513259],[-88.53232918809672,40.528300024331244],[-88.5181950263347,40.56461730857206]]]}},{"type":"Feature","properties":{"rain":0.0,"period":"3day","row":31,"col":16,"distance_miles":26.75,"normal":null,"departure":null,"percent_normal":null},"geometry":{"type":"Polygon","coordinates":[[[-88.47039513978287,40.55385632108831],[-88.42261891102335,40.54306598275558],[-88.43682571894645,40.506772943393216],[-88.4845656533095,40.51755114513259],[-88.47039513978287,40.55385632108831]]]}},{"type":"Feature","properties":{"rain":0.0,"period":"3day","row":31,"col":17,"distance_miles":24.97,"normal":null,"departure":null,"percent_normal":null},"geometry":{"type":"Polygon","coordinates":[[[-88.42261891102335,40.54306598275558],[-88.37486638888613,40.53224632402704],[-88.38910943375821,40.49596544949642],[-88.43682571894645,40.506772943393216],[-88.42261891102335,40.54306598275558]]]}},{"type":"Feature","properties":{"rain":0.0,"period":"3day","row":31,"col":18,"distance_miles":23.35,"normal":null,"departure":null,"percent_normal":null},"geometry":{"type":"Polygon","coordinates":[[[-88.37486638888613,40.53224632402704],[-88.32713762202097,40.52139737541198],[-88.34141684631585,40.48512869388151],[-88.38910943375821,40.49596544949642],[-88.37486638888613,40.53224632402704]]]}},{"type":"Feature","properties":{"rain":0.0,"period":"3day","row":31,"col":19,"distance_miles":21.92,"normal":null,"departure":null,"percent_normal":null},"geometry":{"type":"Polygon","coordinates":[[[-88.32713762202097,40.52139737541198],[-88.27943265889738,40.510519167475444],[-88.29374800501094,40.4742627070435],[-88.34141684631585,40.48512869388151],[-88.32713762202097,40.52139737541198]]]}},{"type":"Feature","properties":{"rain":0.0,"period":"3day","row":31,"col":20,"distance_miles":20.73,"normal":null,"departure":null,"percent_normal":null},"geometry":{"type":"Polygon","coordinates":[[[-88.27943265889738,40.510519167475444],[-88.23175154780454,40.49961173083803],[-88.24610295805527,40.46336751953289],[-88.29374800501094,40.4742627070435],[-88.27943265889738,40.510519167475444]]]}},{"type":"Feature","properties":{"rain":0.0,"period":"3day","row":31,"col":21,"distance_miles":19.81,"normal":null,"departure":null,"percent_normal":null},"geometry":{"type":"Polygon","coordinates":[[[-88.23175154780454,40.49961173083803],[-88.18409433685116,40.48867509617559],[-88.19848175348096,40.45244316195536],[-88.24610295805527,40.46336751953289],[-88.23175154780454,40.49961173083803]]]}},{"type":"Feature","properties":{"rain":0.0,"period":"3day","row":31,"col":22,"distance_miles":19.22,"normal":null,"departure":null,"percent_normal":null},"geometry":{"type":"Polygon","coordinates":[[[-88.18409433685116,40.48867509617559],[-88.13646107396553,40.47770929421891],[-88.15088443914026,40.441489664971456],[-88.19848175348096,40.45244316195536],[-88.18409433685116,40.48867509617559]]]}},{"type":"Feature","properties":{"rain":0.0,"period":"3day","row":31,"col":23,"distance_miles":18.97,"normal":null,"departure":null,"percent_normal":null},"geometry":{"type":"Polygon","coordinates":[[[-88.13646107396553,40.47770929421891],[-88.0888518068953,40.46671435575351],[-88.10331106270559,40.4305070592964],[-88.15088443914026,40.441489664971456],[-88.13646107396553,40.47770929421891]]]}},{"type":"Feature","properties":{"rain":0.0,"period":"3day","row":31,"col":24,"distance_miles":19.08,"normal":null,"departure":null,"percent_normal":null},"geometry":{"type":"Polygon","coordinates":[[[-88.0888518068953,40.46671435575351],[-88.0412665832075,40.45569031161933],[-88.0557616716693,40.41949537569975],[-88.10331106270559,40.4305070592964],[-88.0888518068953,40.46671435575351]]]}},{"type":"Feature","properties":{"rain":0.0,"period":"3day","row":31,"col":25,"distance_miles":19.55,"normal":null,"departure":null,"percent_normal":null},"geometry":{"type":"Polygon","coordinates":[[[-88.0412665832075,40.45569031161933],[-87.99370545028845,40.44463719271041],[-88.00823631334382,40.40845464500517],[-88.0557616716693,40.41949537569975],[-88.0412665832075,40.45569031161933]]]}},{"type":"Feature","properties":{"rain":0.0,"period":"3day","row":31,"col":26,"distance_miles":20.34,"normal":null,"departure":null,"percent_normal":null},"geometry":{"type":"Polygon","coordinates":[[[-87.99370545028845,40.44463719271041],[-87.94616845534372,40.433555029974734],[-87.9607350348614,40.39738489809011],[-88.00823631334382,40.40845464500517],[-87.99370545028845,40.44463719271041]]]}},{"type":"Feature","properties":{"rain":0.012,"period":"3day","row":31,"col":27,"distance_miles":21.43,"normal":null,"departure":null,"percent_normal":null},"geometry":{"type":"Polygon","coordinates":[[[-87.94616845534372,40.433555029974734],[-87.89865564539805,40.422443854413835],[-87.9132578831742,40.38628616588556],[-87.9607350348614,40.39738489809011],[-87.94616845534372,40.433555029974734]]]}},{"type":"Feature","properties":{"rain":0.031,"period":"3day","row":31,"col":28,"distance_miles":22.77,"normal":null,"departure":null,"percent_normal":null},"geometry":{"type":"Polygon","coordinates":[[[-87.89865564539805,40.422443854413835],[-87.85116706729528,40.41130369708259],[-87.86580490505413,40.37515847937579],[-87.9132578831742,40.38628616588556],[-87.89865564539805,40.422443854413835]]]}},{"type":"Feature","properties":{"rain":0.024,"period":"3day","row":31,"col":29,"distance_miles":24.32,"normal":null,"departure":null,"percent_normal":null},"geometry":{"type":"Polygon","coordinates":[[[-87.85116706729528,40.41130369708259],[-87.80370276769831,40.40013458908891],[-87.81837614709282,40.36400186959805],[-87.86580490505413,40.37515847937579],[-87.85116706729528,40.41130369708259]]]}},{"type":"Feature","properties":{"rain":0.031,"period":"3day","row":31,"col":30,"distance_miles":26.04,"normal":null,"departure":null,"percent_normal":null},"geometry":{"type":"Polygon","coordinates":[[[-87.80370276769831,40.40013458908891],[-87.75626279308906,40.388936561593475],[-87.77097165570162,40.352816367642276],[-87.81837614709282,40.36400186959805],[-87.80370276769831,40.40013458908891]]]}},{"type":"Feature","properties":{"rain":0.039,"period":"3day","row":31,"col":31,"distance_miles":27.91,"normal":null,"departure":null,"percent_normal":null},"geometry":{"type":"Polygon","coordinates":[[[-87.75626279308906,40.388936561593475],[-87.7088471897684,40.37770964580948],[-87.72359147711146,40.3416020046509],[-87.77097165570162,40.352816367642276],[-87.75626279308906,40.388936561593475]]]}},{"type":"Feature","properties":{"rain":0.043,"period":"3day","row":31,"col":32,"distance_miles":29.88,"normal":null,"departure":null,"percent_normal":null},"geometry":{"type":"Polygon","coordinates":[[[-87.7088471897684,40.37770964580948],[-87.66145600385612,40.366453873002335],[-87.67623565737291,40.33035881181846],[-87.72359147711146,40.3416020046509],[-87.7088471897684,40.37770964580948]]]}},{"type":"Feature","properties":{"rain":0.051,"period":"3day","row":31,"col":33,"distance_miles":31.95,"normal":null,"departure":null,"percent_normal":null},"geometry":{"type":"Polygon","coordinates":[[[-87.66145600385612,40.366453873002335],[-87.61408928129089,40.35516927448939],[-87.62890424235606,40.31908682039144],[-87.67623565737291,40.33035881181846],[-87.66145600385612,40.366453873002335]]]}},{"type":"Feature","properties":{"rain":0.059,"period":"3day","row":31,"col":34,"distance_miles":34.1,"normal":null,"departure":null,"percent_normal":null},"geometry":{"type":"Polygon","coordinates":[[[-87.61408928129089,40.35516927448939],[-87.56674706783018,40.34385588163968],[-87.58159727775045,40.30778606166788],[-87.62890424235606,40.31908682039144],[-87.61408928129089,40.35516927448939]]]}},{"type":"Feature","properties":{"rain":0.071,"period":"3day","row":31,"col":35,"distance_miles":36.3,"normal":null,"departure":null,"percent_normal":null},"geometry":{"type":"Polygon","coordinates":[[[-87.56674706783018,40.34385588163968],[-87.51942940905028,40.33251372587364],[-87.53431480906517,40.29645656699725],[-87.58159727775045,40.30778606166788],[-87.56674706783018,40.34385588163968]]]}},{"type":"Feature","properties":{"rain":0.091,"period":"3day","row":31,"col":36,"distance_miles":38.56,"normal":null,"departure":null,"percent_normal":null},"geometry":{"type":"Polygon","coordinates":[[[-87.51942940905028,40.33251372587364],[-87.47213635034628,40.32114283866279],[-87.48705688162866,40.28509836778],[-87.53431480906517,40.29645656699725],[-87.51942940905028,40.33251372587364]]]}},{"type":"Feature","properties":{"rain":0.154,"period":"3day","row":31,"col":37,"distance_miles":40.86,"normal":null,"departure":null,"percent_normal":null},"geometry":{"type":"Polygon","coordinates":[[[-87.47213635034628,40.32114283866279],[-87.42486793693189,40.30974325152955],[-87.4398235405888,40.27371149546744],[-87.48705688162866,40.28509836778],[-87.47213635034628,40.32114283866279]]]}},{"type":"Feature","properties":{"rain":0.307,"period":"3day","row":31,"col":38,"distance_miles":43.2,"normal":null,"departure":null,"percent_normal":null},"geometry":{"type":"Polygon","coordinates":[[[-87.42486793693189,40.30974325152955],[-87.37762421383961,40.2983149960469],[-87.39261483091282,40.26229598156136],[-87.4398235405888,40.27371149546744],[-87.42486793693189,40.30974325152955]]]}},{"type":"Feature","properties":{"rain":0.37,"period":"3day","row":31,"col":39,"distance_miles":45.57,"normal":null,"departure":null,"percent_normal":null},"geometry":{"type":"Polygon","coordinates":[[[-87.37762421383961,40.2983149960469],[-87.33040522592059,40.28685810383808],[-87.34543079738728,40.250851857613846],[-87.39261483091282,40.26229598156136],[-87.37762421383961,40.2983149960469]]]}},{"type":"Feature","properties":{"rain":0.437,"period":"3day","row":31,"col":40,"distance_miles":47.96,"normal":null,"departure":null,"percent_normal":null},"geometry":{"type":"Polygon","coordinates":[[[-87.33040522592059,40.28685810383808],[-87.28321101784461,40.27537260657641],[-87.29827148461806,40.239379155226914],[-87.34543079738728,40.250851857613846],[-87.33040522592059,40.28685810383808]]]}},{"type":"Feature","properties":{"rain":0.0,"period":"3day","row":32,"col":7,"distance_miles":47.67,"normal":null,"departure":null,"percent_normal":null},"geometry":{"type":"Polygon","coordinates":[[[-88.91528117242714,40.61323181915656],[-88.86733061077895,40.60271860727168],[-88.881185506692,40.566325449549886],[-88.92909931093085,40.57682680038729],[-88.91528117242714,40.61323181915656]]]}},{"type":"Feature","properties":{"rain":0.0,"period":"3day","row":32,"col":8,"distance_miles":45.34,"normal":null,"departure":null,"percent_normal":null},"geometry":{"type":"Polygon","coordinates":[[[-88.86733061077895,40.60271860727168],[-88.81940325309891,40.59217583182866],[-88.8332948498911,40.55579456398837],[-88.881185506692,40.566325449549886],[-88.86733061077895,40.60271860727168]]]}},{"type":"Feature","properties":{"rain":0.0,"period":"3day","row":32,"col":9,"distance_miles":43.05,"normal":null,"departure":null,"percent_normal":null},"geometry":{"type":"Polygon","coordinates":[[[-88.81940325309891,40.59217583182866],[-88.7714991495703,40.581603522752935],[-88.78542739062675,40.545234173559045],[-88.8332948498911,40.55579456398837],[-88.81940325309891,40.59217583182866]]]}},{"type":"Feature","properties":{"rain":0.0,"period":"3day","row":32,"col":10,"distance_miles":40.8,"normal":null,"departure":null,"percent_normal":null},"geometry":{"type":"Polygon","coordinates":[[[-88.7714991495703,40.581603522752935],[-88.7236183501977,40.5710017100281],[-88.73758317881949,40.53464430817634],[-88.78542739062675,40.545234173559045],[-88.7714991495703,40.581603522752935]]]}},{"type":"Feature","properties":{"rain":0.0,"period":"3day","row":32,"col":11,"distance_miles":38.59,"normal":null,"departure":null,"percent_normal":null},"geometry":{"type":"Polygon","coordinates":[[[-88.7236183501977,40.5710017100281],[-88.67576090480678,40.56037042369567],[-88.68976226421174,40.52402499781252],[-88.73758317881949,40.53464430817634],[-88.7236183501977,40.5710017100281]]]}},{"type":"Feature","properties":{"rain":0.0,"period":"3day","row":32,"col":12,"distance_miles":36.45,"normal":null,"departure":null,"percent_normal":null},"geometry":{"type":"Polygon","coordinates":[[[-88.67576090480678,40.56037042369567],[-88.62792686304435,40.54970969385484],[-88.6419646963676,40.51337627249744],[-88.68976226421174,40.52402499781252],[-88.67576090480678,40.56037042369567]]]}},{"type":"Feature","properties":{"rain":0.0,"period":"3day","row":32,"col":13,"distance_miles":34.37,"normal":null,"departure":null,"percent_normal":null},"geometry":{"type":"Polygon","coordinates":[[[-88.62792686304435,40.54970969385484],[-88.58011627437813,40.539019550662154],[-88.59419052467283,40.50269816231824],[-88.6419646963676,40.51337627249744],[-88.62792686304435,40.54970969385484]]]}},{"type":"Feature","properties":{"rain":0.0,"period":"3day","row":32,"col":14,"distance_miles":32.36,"normal":null,"departure":null,"percent_normal":null},"geometry":{"type":"Polygon","coordinates":[[[-88.58011627437813,40.539019550662154],[-88.53232918809672,40.528300024331244],[-88.54643979833473,40.49199069741908],[-88.59419052467283,40.50269816231824],[-88.58011627437813,40.539019550662154]]]}},{"type":"Feature","properties":{"rain":0.0,"period":"3day","row":32,"col":15,"distance_miles":30.46,"normal":null,"departure":null,"percent_normal":null},"geometry":{"type":"Polygon","coordinates":[[[-88.53232918809672,40.528300024331244],[-88.4845656533095,40.51755114513259],[-88.49871256638203,40.48125390800089],[-88.54643979833473,40.49199069741908],[-88.53232918809672,40.528300024331244]]]}},{"type":"Feature","properties":{"rain":0.0,"period":"3day","row":32,"col":16,"distance_miles":28.67,"normal":null,"departure":null,"percent_normal":null},"geometry":{"type":"Polygon","coordinates":[[[-88.4845656533095,40.51755114513259],[-88.43682571894645,40.506772943393216],[-88.45100887766482,40.47048782432105],[-88.49871256638203,40.48125390800089],[-88.4845656533095,40.51755114513259]]]}},{"type":"Feature","properties":{"rain":0.0,"period":"3day","row":32,"col":17,"distance_miles":27.01,"normal":null,"departure":null,"percent_normal":null},"geometry":{"type":"Polygon","coordinates":[[[-88.43682571894645,40.506772943393216],[-88.38910943375821,40.49596544949642],[-88.40332878085445,40.4596924766932],[-88.45100887766482,40.47048782432105],[-88.43682571894645,40.506772943393216]]]}},{"type":"Feature","properties":{"rain":0.0,"period":"3day","row":32,"col":18,"distance_miles":25.52,"normal":null,"departure":null,"percent_normal":null},"geometry":{"type":"Polygon","coordinates":[[[-88.38910943375821,40.49596544949642],[-88.34141684631585,40.48512869388151],[-88.35567232444339,40.44886789548684],[-88.40332878085445,40.4596924766932],[-88.38910943375821,40.49596544949642]]]}},{"type":"Feature","properties":{"rain":0.0,"period":"3day","row":32,"col":19,"distance_miles":24.22,"normal":null,"departure":null,"percent_normal":null},"geometry":{"type":"Polygon","coordinates":[[[-88.34141684631585,40.48512869388151],[-88.29374800501094,40.4742627070435],[-88.30803955674527,40.43801411112717],[-88.35567232444339,40.44886789548684],[-88.34141684631585,40.48512869388151]]]}},{"type":"Feature","properties":{"rain":0.0,"period":"3day","row":32,"col":20,"distance_miles":23.14,"normal":null,"departure":null,"percent_normal":null},"geometry":{"type":"Polygon","coordinates":[[[-88.29374800501094,40.4742627070435],[-88.24610295805527,40.46336751953289],[-88.26043052589468,40.42713115409481],[-88.30803955674527,40.43801411112717],[-88.29374800501094,40.4742627070435]]]}},{"type":"Feature","properties":{"rain":0.0,"period":"3day","row":32,"col":21,"distance_miles":22.33,"normal":null,"departure":null,"percent_normal":null},"geometry":{"type":"Polygon","coordinates":[[[-88.24610295805527,40.46336751953289],[-88.19848175348096,40.45244316195536],[-88.21284527984713,40.41621905492543],[-88.26043052589468,40.42713115409481],[-88.24610295805527,40.46336751953289]]]}},{"type":"Feature","properties":{"rain":0.0,"period":"3day","row":32,"col":22,"distance_miles":21.8,"normal":null,"departure":null,"percent_normal":null},"geometry":{"type":"Polygon","coordinates":[[[-88.19848175348096,40.45244316195536],[-88.15088443914026,40.441489664971456],[-88.165283866379,40.40527784420957],[-88.21284527984713,40.41621905492543],[-88.19848175348096,40.45244316195536]]]}},{"type":"Feature","properties":{"rain":0.0,"period":"3day","row":32,"col":23,"distance_miles":21.58,"normal":null,"departure":null,"percent_normal":null},"geometry":{"type":"Polygon","coordinates":[[[-88.15088443914026,40.441489664971456],[-88.10331106270559,40.4305070592964],[-88.11774633308744,40.39430755259235],[-88.165283866379,40.40527784420957],[-88.15088443914026,40.441489664971456]]]}},{"type":"Feature","properties":{"rain":0.0,"period":"3day","row":32,"col":24,"distance_miles":21.68,"normal":null,"departure":null,"percent_normal":null},"geometry":{"type":"Polygon","coordinates":[[[-88.10331106270559,40.4305070592964],[-88.0557616716693,40.41949537569975],[-88.0702327273903,40.38330821077317],[-88.11774633308744,40.39430755259235],[-88.10331106270559,40.4305070592964]]]}},{"type":"Feature","properties":{"rain":0.0,"period":"3day","row":32,"col":25,"distance_miles":22.09,"normal":null,"departure":null,"percent_normal":null},"geometry":{"type":"Polygon","coordinates":[[[-88.0557616716693,40.41949537569975],[-88.00823631334382,40.40845464500517],[-88.02274309652607,40.372279849505446],[-88.0702327273903,40.38330821077317],[-88.0557616716693,40.41949537569975]]]}},{"type":"Feature","properties":{"rain":0.0,"period":"3day","row":32,"col":26,"distance_miles":22.79,"normal":null,"departure":null,"percent_normal":null},"geometry":{"type":"Polygon","coordinates":[[[-88.00823631334382,40.40845464500517],[-87.9607350348614,40.39738489809011],[-87.97527748755384,40.36122249959636],[-88.02274309652607,40.372279849505446],[-88.00823631334382,40.40845464500517]]]}},{"type":"Feature","properties":{"rain":0.02,"period":"3day","row":32,"col":27,"distance_miles":23.77,"normal":null,"departure":null,"percent_normal":null},"geometry":{"type":"Polygon","coordinates":[[[-87.9607350348614,40.39738489809011],[-87.9132578831742,40.38628616588556],[-87.92783594735319,40.350136191906536],[-87.97527748755384,40.36122249959636],[-87.9607350348614,40.39738489809011]]]}},{"type":"Feature","properties":{"rain":0.055,"period":"3day","row":32,"col":28,"distance_miles":24.98,"normal":null,"departure":null,"percent_normal":null},"geometry":{"type":"Polygon","coordinates":[[[-87.9132578831742,40.38628616588556],[-87.86580490505413,40.37515847937579],[-87.88041852262414,40.339020957349845],[-87.92783594735319,40.350136191906536],[-87.9132578831742,40.38628616588556]]]}},{"type":"Feature","properties":{"rain":0.055,"period":"3day","row":32,"col":29,"distance_miles":26.4,"normal":null,"departure":null,"percent_normal":null},"geometry":{"type":"Polygon","coordinates":[[[-87.86580490505413,40.37515847937579],[-87.81837614709282,40.36400186959805],[-87.83302525988717,40.32787682689304],[-87.88041852262414,40.339020957349845],[-87.86580490505413,40.37515847937579]]]}},{"type":"Feature","properties":{"rain":0.063,"period":"3day","row":32,"col":30,"distance_miles":28.0,"normal":null,"departure":null,"percent_normal":null},"geometry":{"type":"Polygon","coordinates":[[[-87.81837614709282,40.36400186959805],[-87.77097165570162,40.352816367642276],[-87.78565620548304,40.316703831555586],[-87.83302525988717,40.32787682689304],[-87.81837614709282,40.36400186959805]]]}},{"type":"Feature","properties":{"rain":0.035,"period":"3day","row":32,"col":31,"distance_miles":29.74,"normal":null,"departure":null,"percent_normal":null},"geometry":{"type":"Polygon","coordinates":[[[-87.77097165570162,40.352816367642276],[-87.72359147711146,40.3416020046509],[-87.73831140557286,40.30550200240927],[-87.78565620548304,40.316703831555586],[-87.77097165570162,40.352816367642276]]]}},{"type":"Feature","properties":{"rain":0.02,"period":"3day","row":32,"col":32,"distance_miles":31.6,"normal":null,"departure":null,"percent_normal":null},"geometry":{"type":"Polygon","coordinates":[[[-87.72359147711146,40.3416020046509],[-87.67623565737291,40.33035881181846],[-87.69099090613794,40.29427137057803],[-87.73831140557286,40.30550200240927],[-87.72359147711146,40.3416020046509]]]}},{"type":"Feature","properties":{"rain":0.012,"period":"3day","row":32,"col":33,"distance_miles":33.56,"normal":null,"departure":null,"percent_normal":null},"geometry":{"type":"Polygon","coordinates":[[[-87.67623565737291,40.33035881181846],[-87.62890424235606,40.31908682039144],[-87.64369475297987,40.28301196723762],[-87.69099090613794,40.29427137057803],[-87.67623565737291,40.33035881181846]]]}},{"type":"Feature","properties":{"rain":0.004,"period":"3day","row":32,"col":34,"distance_miles":35.61,"normal":null,"departure":null,"percent_normal":null},"geometry":{"type":"Polygon","coordinates":[[[-87.62890424235606,40.31908682039144],[-87.58159727775045,40.30778606166788],[-87.59642299172033,40.27172382361536],[-87.64369475297987,40.28301196723762],[-87.62890424235606,40.31908682039144]]]}},{"type":"Feature","properties":{"rain":0.02,"period":"3day","row":32,"col":35,"distance_miles":37.72,"normal":null,"departure":null,"percent_normal":null},"geometry":{"type":"Polygon","coordinates":[[[-87.58159727775045,40.30778606166788],[-87.53431480906517,40.29645656699725],[-87.54917566780117,40.26040697098988],[-87.59642299172033,40.27172382361536],[-87.58159727775045,40.30778606166788]]]}},{"type":"Feature","properties":{"rain":0.039,"period":"3day","row":32,"col":36,"distance_miles":39.9,"normal":null,"departure":null,"percent_normal":null},"geometry":{"type":"Polygon","coordinates":[[[-87.53431480906517,40.29645656699725],[-87.48705688162866,40.28509836778],[-87.50195282648431,40.249061440690795],[-87.54917566780117,40.26040697098988],[-87.53431480906517,40.29645656699725]]]}},{"type":"Feature","properties":{"rain":0.114,"period":"3day","row":32,"col":37,"distance_miles":42.13,"normal":null,"departure":null,"percent_normal":null},"geometry":{"type":"Polygon","coordinates":[[[-87.48705688162866,40.28509836778],[-87.4398235405888,40.27371149546744],[-87.45475451285175,40.23768726409849],[-87.50195282648431,40.249061440690795],[-87.48705688162866,40.28509836778]]]}},{"type":"Feature","properties":{"rain":0.134,"period":"3day","row":32,"col":38,"distance_miles":44.4,"normal":null,"departure":null,"percent_normal":null},"geometry":{"type":"Polygon","coordinates":[[[-87.4398235405888,40.27371149546744],[-87.39261483091282,40.26229598156136],[-87.40758077180548,40.22628447264381],[-87.45475451285175,40.23768726409849],[-87.4398235405888,40.27371149546744]]]}},{"type":"Feature","properties":{"rain":0.169,"period":"3day","row":32,"col":39,"distance_miles":46.71,"normal":null,"departure":null,"percent_normal":null},"geometry":{"type":"Polygon","coordinates":[[[-87.39261483091282,40.26229598156136],[-87.34543079738728,40.250851857613846],[-87.36043164806755,40.214853097807826],[-87.40758077180548,40.22628447264381],[-87.39261483091282,40.26229598156136]]]}},{"type":"Feature","properties":{"rain":0.295,"period":"3day","row":32,"col":40,"distance_miles":49.04,"normal":null,"departure":null,"percent_normal":null},"geometry":{"type":"Polygon","coordinates":[[[-87.34543079738728,40.250851857613846],[-87.29827148461806,40.239379155226914],[-87.31330718617991,40.20339317112147],[-87.36043164806755,40.214853097807826],[-87.34543079738728,40.250851857613846]]]}},{"type":"Feature","properties":{"rain":0.0,"period":"3day","row":33,"col":7,"distance_miles":48.91,"normal":null,"departure":null,"percent_normal":null},"geometry":{"type":"Polygon","coordinates":[[[-88.92909931093085,40.57682680038729],[-88.881185506692,40.566325449549886],[-88.89501725513743,40.52994038914889],[-88.9428943522435,40.54042989716384],[-88.92909931093085,40.57682680038729]]]}},{"type":"Feature","properties":{"rain":0.0,"period":"3day","row":33,"col":8,"distance_miles":46.64,"normal":null,"departure":null,"percent_normal":null},"geometry":{"type":"Polygon","coordinates":[[[-88.881185506692,40.566325449549886],[-88.8332948498911,40.55579456398837],[-88.84716324911706,40.51942137521305],[-88.89501725513743,40.52994038914889],[-88.881185506692,40.566325449549886]]]}},{"type":"Feature","properties":{"rain":0.0,"period":"3day","row":33,"col":9,"distance_miles":44.42,"normal":null,"departure":null,"percent_normal":null},"geometry":{"type":"Polygon","coordinates":[[[-88.8332948498911,40.55579456398837],[-88.78542739062675,40.545234173559045],[-88.7993323841964,40.50887288514374],[-88.84716324911706,40.51942137521305],[-88.8332948498911,40.55579456398837]]]}},{"type":"Feature","properties":{"rain":0.0,"period":"3day","row":33,"col":10,"distance_miles":42.24,"normal":null,"departure":null,"percent_normal":null},"geometry":{"type":"Polygon","coordinates":[[[-88.78542739062675,40.545234173559045],[-88.73758317881949,40.53464430817634],[-88.75152471021212,40.498294948786395],[-88.7993323841964,40.50887288514374],[-88.78542739062675,40.545234173559045]]]}},{"type":"Feature","properties":{"rain":0.0,"period":"3day","row":33,"col":11,"distance_miles":40.11,"normal":null,"departure":null,"percent_normal":null},"geometry":{"type":"Polygon","coordinates":[[[-88.73758317881949,40.53464430817634],[-88.68976226421174,40.52402499781252],[-88.70374027682337,40.48768759604426],[-88.75152471021212,40.498294948786395],[-88.73758317881949,40.53464430817634]]]}},{"type":"Feature","properties":{"rain":0.0,"period":"3day","row":33,"col":12,"distance_miles":38.05,"normal":null,"departure":null,"percent_normal":null},"geometry":{"type":"Polygon","coordinates":[[[-88.68976226421174,40.52402499781252],[-88.6419646963676,40.51337627249744],[-88.65597913351174,40.477050856878016],[-88.70374027682337,40.48768759604426],[-88.68976226421174,40.52402499781252]]]}},{"type":"Feature","properties":{"rain":0.0,"period":"3day","row":33,"col":13,"distance_miles":36.07,"normal":null,"departure":null,"percent_normal":null},"geometry":{"type":"Polygon","coordinates":[[[-88.6419646963676,40.51337627249744],[-88.59419052467283,40.50269816231824],[-88.60824132958109,40.466384761305605],[-88.65597913351174,40.477050856878016],[-88.6419646963676,40.51337627249744]]]}},{"type":"Feature","properties":{"rain":0.0,"period":"3day","row":33,"col":14,"distance_miles":34.16,"normal":null,"departure":null,"percent_normal":null},"geometry":{"type":"Polygon","coordinates":[[[-88.59419052467283,40.50269816231824],[-88.54643979833473,40.49199069741908],[-88.56052691415752,40.455689339401935],[-88.60824132958109,40.466384761305605],[-88.59419052467283,40.50269816231824]]]}},{"type":"Feature","properties":{"rain":0.0,"period":"3day","row":33,"col":15,"distance_miles":32.36,"normal":null,"departure":null,"percent_normal":null},"geometry":{"type":"Polygon","coordinates":[[[-88.54643979833473,40.49199069741908],[-88.49871256638203,40.48125390800089],[-88.51283593618928,40.44496462129855],[-88.56052691415752,40.455689339401935],[-88.54643979833473,40.49199069741908]]]}},{"type":"Feature","properties":{"rain":0.0,"period":"3day","row":33,"col":16,"distance_miles":30.68,"normal":null,"departure":null,"percent_normal":null},"geometry":{"type":"Polygon","coordinates":[[[-88.49871256638203,40.48125390800089],[-88.45100887766482,40.47048782432105],[-88.46516844444656,40.434210637183455],[-88.51283593618928,40.44496462129855],[-88.49871256638203,40.48125390800089]]]}},{"type":"Feature","properties":{"rain":0.0,"period":"3day","row":33,"col":17,"distance_miles":29.14,"normal":null,"departure":null,"percent_normal":null},"geometry":{"type":"Polygon","coordinates":[[[-88.45100887766482,40.47048782432105],[-88.40332878085445,40.4596924766932],[-88.41752448752152,40.42342741730073],[-88.46516844444656,40.434210637183455],[-88.45100887766482,40.47048782432105]]]}},{"type":"Feature","properties":{"rain":0.0,"period":"3day","row":33,"col":18,"distance_miles":27.76,"normal":null,"departure":null,"percent_normal":null},"geometry":{"type":"Polygon","coordinates":[[[-88.40332878085445,40.4596924766932],[-88.35567232444339,40.44886789548684],[-88.36990411382816,40.41261499195038],[-88.41752448752152,40.42342741730073],[-88.40332878085445,40.4596924766932]]]}},{"type":"Feature","properties":{"rain":0.0,"period":"3day","row":33,"col":19,"distance_miles":26.57,"normal":null,"departure":null,"percent_normal":null},"geometry":{"type":"Polygon","coordinates":[[[-88.35567232444339,40.44886789548684],[-88.30803955674527,40.43801411112717],[-88.32230737160224,40.40177339148793],[-88.36990411382816,40.41261499195038],[-88.35567232444339,40.44886789548684]]]}},{"type":"Feature","properties":{"rain":0.0,"period":"3day","row":33,"col":20,"distance_miles":25.6,"normal":null,"departure":null,"percent_normal":null},"geometry":{"type":"Polygon","coordinates":[[[-88.30803955674527,40.43801411112717],[-88.26043052589468,40.42713115409481],[-88.27473430890117,40.39090264632428],[-88.32230737160224,40.40177339148793],[-88.30803955674527,40.43801411112717]]]}},{"type":"Feature","properties":{"rain":0.0,"period":"3day","row":33,"col":21,"distance_miles":24.86,"normal":null,"departure":null,"percent_normal":null},"geometry":{"type":"Polygon","coordinates":[[[-88.26043052589468,40.42713115409481],[-88.21284527984713,40.41621905492543],[-88.22718497360401,40.38000278692538],[-88.27473430890117,40.39090264632428],[-88.26043052589468,40.42713115409481]]]}},{"type":"Feature","properties":{"rain":0.0,"period":"3day","row":33,"col":22,"distance_miles":24.39,"normal":null,"departure":null,"percent_normal":null},"geometry":{"type":"Polygon","coordinates":[[[-88.21284527984713,40.41621905492543],[-88.165283866379,40.40527784420957],[-88.17965941341129,40.36907384381192],[-88.22718497360401,40.38000278692538],[-88.21284527984713,40.41621905492543]]]}},{"type":"Feature","properties":{"rain":0.0,"period":"3day","row":33,"col":23,"distance_miles":24.19,"normal":null,"departure":null,"percent_normal":null},"geometry":{"type":"Polygon","coordinates":[[[-88.165283866379,40.40527784420957],[-88.11774633308744,40.39430755259235],[-88.132157675845,40.35811584755911],[-88.17965941341129,40.36907384381192],[-88.165283866379,40.40527784420957]]]}},{"type":"Feature","properties":{"rain":0.0,"period":"3day","row":33,"col":24,"distance_miles":24.28,"normal":null,"departure":null,"percent_normal":null},"geometry":{"type":"Polygon","coordinates":[[[-88.11774633308744,40.39430755259235],[-88.0702327273903,40.38330821077317],[-88.08467980824848,40.347128828796386],[-88.132157675845,40.35811584755911],[-88.11774633308744,40.39430755259235]]]}},{"type":"Feature","properties":{"rain":0.0,"period":"3day","row":33,"col":25,"distance_miles":24.64,"normal":null,"departure":null,"percent_normal":null},"geometry":{"type":"Polygon","coordinates":[[[-88.0702327273903,40.38330821077317],[-88.02274309652607,40.372279849505446],[-88.03722585778642,40.33611281820713],[-88.08467980824848,40.347128828796386],[-88.0702327273903,40.38330821077317]]]}},{"type":"Feature","properties":{"rain":0.0,"period":"3day","row":33,"col":26,"distance_miles":25.28,"normal":null,"departure":null,"percent_normal":null},"geometry":{"type":"Polygon","coordinates":[[[-88.02274309652607,40.372279849505446],[-87.97527748755384,40.36122249959636],[-87.98979587144478,40.32506784652846],[-88.03722585778642,40.33611281820713],[-88.02274309652607,40.372279849505446]]]}},{"type":"Feature","properties":{"rain":0.004,"period":"3day","row":33,"col":27,"distance_miles":26.16,"normal":null,"departure":null,"percent_normal":null},"geometry":{"type":"Polygon","coordinates":[[[-87.97527748755384,40.36122249959636],[-87.92783594735319,40.350136191906536],[-87.94238989603062,40.31399394455085],[-87.98979587144478,40.32506784652846],[-87.97527748755384,40.36122249959636]]]}},{"type":"Feature","properties":{"rain":0.051,"period":"3day","row":33,"col":28,"distance_miles":27.27,"normal":null,"departure":null,"percent_normal":null},"geometry":{"type":"Polygon","coordinates":[[[-87.92783594735319,40.350136191906536],[-87.88041852262414,40.339020957349845],[-87.89500797817217,40.30289114311793],[-87.94238989603062,40.31399394455085],[-87.92783594735319,40.350136191906536]]]}},{"type":"Feature","properties":{"rain":0.063,"period":"3day","row":33,"col":29,"distance_miles":28.57,"normal":null,"departure":null,"percent_normal":null},"geometry":{"type":"Polygon","coordinates":[[[-87.88041852262414,40.339020957349845],[-87.83302525988717,40.32787682689304],[-87.84765016431871,40.29175947312622],[-87.89500797817217,40.30289114311793],[-87.88041852262414,40.339020957349845]]]}},{"type":"Feature","properties":{"rain":0.075,"period":"3day","row":33,"col":30,"distance_miles":30.05,"normal":null,"departure":null,"percent_normal":null},"geometry":{"type":"Polygon","coordinates":[[[-87.83302525988717,40.32787682689304],[-87.78565620548304,40.316703831555586],[-87.80031650074056,40.28059896552482],[-87.84765016431871,40.29175947312622],[-87.83302525988717,40.32787682689304]]]}},{"type":"Feature","properties":{"rain":0.039,"period":"3day","row":33,"col":31,"distance_miles":31.67,"normal":null,"departure":null,"percent_normal":null},"geometry":{"type":"Polygon","coordinates":[[[-87.78565620548304,40.316703831555586],[-87.73831140557286,40.30550200240927],[-87.75300703352899,40.269409651315165],[-87.80031650074056,40.28059896552482],[-87.78565620548304,40.316703831555586]]]}},{"type":"Feature","properties":{"rain":0.016,"period":"3day","row":33,"col":32,"distance_miles":33.43,"normal":null,"departure":null,"percent_normal":null},"geometry":{"type":"Polygon","coordinates":[[[-87.73831140557286,40.30550200240927],[-87.69099090613794,40.29427137057803],[-87.70572180859617,40.2581915615507],[-87.75300703352899,40.269409651315165],[-87.73831140557286,40.30550200240927]]]}},{"type":"Feature","properties":{"rain":0.016,"period":"3day","row":33,"col":33,"distance_miles":35.29,"normal":null,"departure":null,"percent_normal":null},"geometry":{"type":"Polygon","coordinates":[[[-87.69099090613794,40.29427137057803],[-87.64369475297987,40.28301196723762],[-87.65846087167516,40.24694472733675],[-87.70572180859617,40.2581915615507],[-87.69099090613794,40.29427137057803]]]}},{"type":"Feature","properties":{"rain":0.051,"period":"3day","row":33,"col":34,"distance_miles":37.24,"normal":null,"departure":null,"percent_normal":null},"geometry":{"type":"Polygon","coordinates":[[[-87.64369475297987,40.28301196723762],[-87.59642299172033,40.27172382361536],[-87.61122426831984,40.235669179830026],[-87.65846087167516,40.24694472733675],[-87.64369475297987,40.28301196723762]]]}},{"type":"Feature","properties":{"rain":0.071,"period":"3day","row":33,"col":35,"distance_miles":39.27,"normal":null,"departure":null,"percent_normal":null},"geometry":{"type":"Polygon","coordinates":[[[-87.59642299172033,40.27172382361536],[-87.54917566780117,40.26040697098988],[-87.56401204390487,40.22436495023857],[-87.61122426831984,40.235669179830026],[-87.59642299172033,40.27172382361536]]]}},{"type":"Feature","properties":{"rain":0.059,"period":"3day","row":33,"col":36,"distance_miles":41.36,"normal":null,"departure":null,"percent_normal":null},"geometry":{"type":"Polygon","coordinates":[[[-87.54917566780117,40.26040697098988],[-87.50195282648431,40.249061440690795],[-87.51682424362566,40.213032069821345],[-87.56401204390487,40.22436495023857],[-87.54917566780117,40.26040697098988]]]}},{"type":"Feature","properties":{"rain":0.094,"period":"3day","row":33,"col":37,"distance_miles":43.51,"normal":null,"departure":null,"percent_normal":null},"geometry":{"type":"Polygon","coordinates":[[[-87.50195282648431,40.249061440690795],[-87.45475451285175,40.23768726409849],[-87.46966091249837,40.201670569888],[-87.51682424362566,40.213032069821345],[-87.50195282648431,40.249061440690795]]]}},{"type":"Feature","properties":{"rain":0.094,"period":"3day","row":33,"col":38,"distance_miles":45.71,"normal":null,"departure":null,"percent_normal":null},"geometry":{"type":"Polygon","coordinates":[[[-87.45475451285175,40.23768726409849],[-87.40758077180548,40.22628447264381],[-87.42252209535982,40.190280481798645],[-87.46966091249837,40.201670569888],[-87.45475451285175,40.23768726409849]]]}},{"type":"Feature","properties":{"rain":0.232,"period":"3day","row":33,"col":39,"distance_miles":47.96,"normal":null,"departure":null,"percent_normal":null},"geometry":{"type":"Polygon","coordinates":[[[-87.40758077180548,40.22628447264381],[-87.36043164806755,40.214853097807826],[-87.37540783686748,40.17886183696351],[-87.42252209535982,40.190280481798645],[-87.40758077180548,40.22628447264381]]]}},{"type":"Feature","properties":{"rain":0.0,"period":"3day","row":34,"col":8,"distance_miles":48.05,"normal":null,"departure":null,"percent_normal":null},"geometry":{"type":"Polygon","coordinates":[[[-88.89501725513743,40.52994038914889],[-88.84716324911706,40.51942137521305],[-88.86100850721374,40.4830562767981],[-88.90882591246763,40.49356343732527],[-88.89501725513743,40.52994038914889]]]}},{"type":"Feature","properties":{"rain":0.0,"period":"3day","row":34,"col":9,"distance_miles":45.89,"normal":null,"departure":null,"percent_normal":null},"geometry":{"type":"Polygon","coordinates":[[[-88.84716324911706,40.51942137521305],[-88.7993323841964,40.50887288514374],[-88.81321418680011,40.47251966884121],[-88.86100850721374,40.4830562767981],[-88.84716324911706,40.51942137521305]]]}},{"type":"Feature","properties":{"rain":0.0,"period":"3day","row":34,"col":10,"distance_miles":43.79,"normal":null,"departure":null,"percent_normal":null},"geometry":{"type":"Polygon","coordinates":[[[-88.7993323841964,40.50887288514374],[-88.75152471021212,40.498294948786395],[-88.7654430009796,40.4619536432313],[-88.81321418680011,40.47251966884121],[-88.7993323841964,40.50887288514374]]]}},{"type":"Feature","properties":{"rain":0.0,"period":"3day","row":34,"col":11,"distance_miles":41.74,"normal":null,"departure":null,"percent_normal":null},"geometry":{"type":"Polygon","coordinates":[[[-88.75152471021212,40.498294948786395],[-88.70374027682337,40.48768759604426],[-88.71769499932826,40.4513582298027],[-88.7654430009796,40.4619536432313],[-88.75152471021212,40.498294948786395]]]}},{"type":"Feature","properties":{"rain":0.0,"period":"3day","row":34,"col":12,"distance_miles":39.77,"normal":null,"departure":null,"percent_normal":null},"geometry":{"type":"Polygon","coordinates":[[[-88.70374027682337,40.48768759604426],[-88.65597913351174,40.477050856878016],[-88.66997023124523,40.440733458447234],[-88.71769499932826,40.4513582298027],[-88.70374027682337,40.48768759604426]]]}},{"type":"Feature","properties":{"rain":0.004,"period":"3day","row":34,"col":13,"distance_miles":37.87,"normal":null,"departure":null,"percent_normal":null},"geometry":{"type":"Polygon","coordinates":[[[-88.65597913351174,40.477050856878016],[-88.60824132958109,40.466384761305605],[-88.62226874595261,40.4300793591138],[-88.66997023124523,40.440733458447234],[-88.65597913351174,40.477050856878016]]]}},{"type":"Feature","properties":{"rain":0.0,"period":"3day","row":34,"col":14,"distance_miles":36.06,"normal":null,"departure":null,"percent_normal":null},"geometry":{"type":"Polygon","coordinates":[[[-88.60824132958109,40.466384761305605],[-88.56052691415752,40.455689339401935],[-88.57459059249537,40.41939596180822],[-88.62226874595261,40.4300793591138],[-88.60824132958109,40.466384761305605]]]}},{"type":"Feature","properties":{"rain":0.0,"period":"3day","row":34,"col":15,"distance_miles":34.36,"normal":null,"departure":null,"percent_normal":null},"geometry":{"type":"Polygon","coordinates":[[[-88.56052691415752,40.455689339401935],[-88.51283593618928,40.44496462129855],[-88.52693581974134,40.4086832965929],[-88.57459059249537,40.41939596180822],[-88.56052691415752,40.455689339401935]]]}},{"type":"Feature","properties":{"rain":0.0,"period":"3day","row":34,"col":16,"distance_miles":32.78,"normal":null,"departure":null,"percent_normal":null},"geometry":{"type":"Polygon","coordinates":[[[-88.51283593618928,40.44496462129855],[-88.46516844444656,40.434210637183455],[-88.47930447638092,40.39794139358661],[-88.52693581974134,40.4086832965929],[-88.51283593618928,40.44496462129855]]]}},{"type":"Feature","properties":{"rain":0.0,"period":"3day","row":34,"col":17,"distance_miles":31.34,"normal":null,"departure":null,"percent_normal":null},"geometry":{"type":"Polygon","coordinates":[[[-88.46516844444656,40.434210637183455],[-88.41752448752152,40.42342741730073],[-88.43169661092722,40.387170282964156],[-88.47930447638092,40.39794139358661],[-88.46516844444656,40.434210637183455]]]}},{"type":"Feature","properties":{"rain":0.0,"period":"3day","row":34,"col":18,"distance_miles":30.07,"normal":null,"departure":null,"percent_normal":null},"geometry":{"type":"Polygon","coordinates":[[[-88.41752448752152,40.42342741730073],[-88.36990411382816,40.41261499195038],[-88.38411227171578,40.37636999495615],[-88.43169661092722,40.387170282964156],[-88.41752448752152,40.42342741730073]]]}},{"type":"Feature","properties":{"rain":0.0,"period":"3day","row":34,"col":19,"distance_miles":28.97,"normal":null,"departure":null,"percent_normal":null},"geometry":{"type":"Polygon","coordinates":[[[-88.36990411382816,40.41261499195038],[-88.32230737160224,40.40177339148793],[-88.33655150690461,40.36554055984872],[-88.38411227171578,40.37636999495615],[-88.36990411382816,40.41261499195038]]]}},{"type":"Feature","properties":{"rain":0.0,"period":"3day","row":34,"col":20,"distance_miles":28.08,"normal":null,"departure":null,"percent_normal":null},"geometry":{"type":"Polygon","coordinates":[[[-88.32230737160224,40.40177339148793],[-88.27473430890117,40.39090264632428],[-88.28901436447404,40.354682007983236],[-88.33655150690461,40.36554055984872],[-88.32230737160224,40.40177339148793]]]}},{"type":"Feature","properties":{"rain":0.0,"period":"3day","row":34,"col":21,"distance_miles":27.41,"normal":null,"departure":null,"percent_normal":null},"geometry":{"type":"Polygon","coordinates":[[[-88.27473430890117,40.39090264632428],[-88.22718497360401,40.38000278692538],[-88.24150089222671,40.343794369756075],[-88.28901436447404,40.354682007983236],[-88.27473430890117,40.39090264632428]]]}},{"type":"Feature","properties":{"rain":0.0,"period":"3day","row":34,"col":22,"distance_miles":26.98,"normal":null,"departure":null,"percent_normal":null},"geometry":{"type":"Polygon","coordinates":[[[-88.22718497360401,40.38000278692538],[-88.17965941341129,40.36907384381192],[-88.19401113778737,40.33287767561832],[-88.24150089222671,40.343794369756075],[-88.22718497360401,40.38000278692538]]]}},{"type":"Feature","properties":{"rain":0.0,"period":"3day","row":34,"col":23,"distance_miles":26.8,"normal":null,"departure":null,"percent_normal":null},"geometry":{"type":"Polygon","coordinates":[[[-88.17965941341129,40.36907384381192],[-88.132157675845,40.35811584755911],[-88.14654514860295,40.32193195607545],[-88.19401113778737,40.33287767561832],[-88.17965941341129,40.36907384381192]]]}},{"type":"Feature","properties":{"rain":0.0,"period":"3day","row":34,"col":24,"distance_miles":26.88,"normal":null,"departure":null,"percent_normal":null},"geometry":{"type":"Polygon","coordinates":[[[-88.132157675845,40.35811584755911],[-88.08467980824848,40.347128828796386],[-88.09910297194239,40.31095724168716],[-88.14654514860295,40.32193195607545],[-88.132157675845,40.35811584755911]]]}},{"type":"Feature","properties":{"rain":0.0,"period":"3day","row":34,"col":25,"distance_miles":27.21,"normal":null,"departure":null,"percent_normal":null},"geometry":{"type":"Polygon","coordinates":[[[-88.08467980824848,40.347128828796386],[-88.03722585778642,40.33611281820713],[-88.0516846548966,40.29995356306701],[-88.09910297194239,40.31095724168716],[-88.08467980824848,40.347128828796386]]]}},{"type":"Feature","properties":{"rain":0.0,"period":"3day","row":34,"col":26,"distance_miles":27.78,"normal":null,"departure":null,"percent_normal":null},"geometry":{"type":"Polygon","coordinates":[[[-88.03722585778642,40.33611281820713],[-87.98979587144478,40.32506784652846],[-88.00429024437841,40.28892095088219],[-88.0516846548966,40.29995356306701],[-88.03722585778642,40.33611281820713]]]}},{"type":"Feature","properties":{"rain":0.004,"period":"3day","row":34,"col":27,"distance_miles":28.59,"normal":null,"departure":null,"percent_normal":null},"geometry":{"type":"Polygon","coordinates":[[[-87.98979587144478,40.32506784652846],[-87.94238989603062,40.31399394455085],[-87.9569197871225,40.277859435853266],[-88.00429024437841,40.28892095088219],[-87.98979587144478,40.32506784652846]]]}},{"type":"Feature","properties":{"rain":0.031,"period":"3day","row":34,"col":28,"distance_miles":29.6,"normal":null,"departure":null,"percent_normal":null},"geometry":{"type":"Polygon","coordinates":[[[-87.94238989603062,40.31399394455085],[-87.89500797817217,40.30289114311793],[-87.90957332968534,40.26676904875383],[-87.9569197871225,40.277859435853266],[-87.94238989603062,40.31399394455085]]]}},{"type":"Feature","properties":{"rain":0.071,"period":"3day","row":34,"col":29,"distance_miles":30.81,"normal":null,"departure":null,"percent_normal":null},"geometry":{"type":"Polygon","coordinates":[[[-87.89500797817217,40.30289114311793],[-87.84765016431871,40.29175947312622],[-87.86225091844511,40.25564982041034],[-87.90957332968534,40.26676904875383],[-87.89500797817217,40.30289114311793]]]}},{"type":"Feature","properties":{"rain":0.075,"period":"3day","row":34,"col":30,"distance_miles":32.18,"normal":null,"departure":null,"percent_normal":null},"geometry":{"type":"Polygon","coordinates":[[[-87.84765016431871,40.29175947312622],[-87.80031650074056,40.28059896552482],[-87.81495259960168,40.244501781701764],[-87.86225091844511,40.25564982041034],[-87.84765016431871,40.29175947312622]]]}},{"type":"Feature","properties":{"rain":0.051,"period":"3day","row":34,"col":31,"distance_miles":33.7,"normal":null,"departure":null,"percent_normal":null},"geometry":{"type":"Polygon","coordinates":[[[-87.80031650074056,40.28059896552482],[-87.75300703352899,40.269409651315165],[-87.76767841917652,40.23332496355934],[-87.81495259960168,40.244501781701764],[-87.80031650074056,40.28059896552482]]]}},{"type":"Feature","properties":{"rain":0.016,"period":"3day","row":34,"col":32,"distance_miles":35.35,"normal":null,"departure":null,"percent_normal":null},"geometry":{"type":"Polygon","coordinates":[[[-87.75300703352899,40.269409651315165],[-87.70572180859617,40.2581915615507],[-87.72042842301273,40.2221193969663],[-87.76767841917652,40.23332496355934],[-87.75300703352899,40.269409651315165]]]}},{"type":"Feature","properties":{"rain":0.024,"period":"3day","row":34,"col":33,"distance_miles":37.12,"normal":null,"departure":null,"percent_normal":null},"geometry":{"type":"Polygon","coordinates":[[[-87.70572180859617,40.2581915615507],[-87.65846087167516,40.24694472733675],[-87.6732026567749,40.210885112957634],[-87.72042842301273,40.2221193969663],[-87.70572180859617,40.2581915615507]]]}},{"type":"Feature","properties":{"rain":0.067,"period":"3day","row":34,"col":34,"distance_miles":38.97,"normal":null,"departure":null,"percent_normal":null},"geometry":{"type":"Polygon","coordinates":[[[-87.65846087167516,40.24694472733675],[-87.61122426831984,40.235669179830026],[-87.62600116594912,40.19962214261971],[-87.6732026567749,40.210885112957634],[-87.65846087167516,40.24694472733675]]]}},{"type":"Feature","properties":{"rain":0.051,"period":"3day","row":34,"col":35,"distance_miles":40.92,"normal":null,"departure":null,"percent_normal":null},"geometry":{"type":"Polygon","coordinates":[[[-87.61122426831984,40.235669179830026],[-87.56401204390487,40.22436495023857],[-87.57882399584291,40.188330517090165],[-87.62600116594912,40.19962214261971],[-87.61122426831984,40.235669179830026]]]}},{"type":"Feature","properties":{"rain":0.035,"period":"3day","row":34,"col":36,"distance_miles":42.93,"normal":null,"departure":null,"percent_normal":null},"geometry":{"type":"Polygon","coordinates":[[[-87.56401204390487,40.22436495023857],[-87.51682424362566,40.213032069821345],[-87.53167119158523,40.17701026755749],[-87.57882399584291,40.188330517090165],[-87.56401204390487,40.22436495023857]]]}},{"type":"Feature","properties":{"rain":0.079,"period":"3day","row":34,"col":37,"distance_miles":45.01,"normal":null,"departure":null,"percent_normal":null},"geometry":{"type":"Polygon","coordinates":[[[-87.51682424362566,40.213032069821345],[-87.46966091249837,40.201670569888],[-87.4845427981264,40.16566142526084],[-87.53167119158523,40.17701026755749],[-87.51682424362566,40.213032069821345]]]}},{"type":"Feature","properties":{"rain":0.165,"period":"3day","row":34,"col":38,"distance_miles":47.14,"normal":null,"departure":null,"percent_normal":null},"geometry":{"type":"Polygon","coordinates":[[[-87.46966091249837,40.201670569888],[-87.42252209535982,40.190280481798645],[-87.43743886023806,40.154284021489744],[-87.4845427981264,40.16566142526084],[-87.46966091249837,40.201670569888]]]}},{"type":"Feature","properties":{"rain":0.122,"period":"3day","row":34,"col":39,"distance_miles":49.31,"normal":null,"departure":null,"percent_normal":null},"geometry":{"type":"Polygon","coordinates":[[[-87.42252209535982,40.190280481798645],[-87.37540783686748,40.17886183696351],[-87.39035942251321,40.14287808758382],[-87.43743886023806,40.154284021489744],[-87.42252209535982,40.190280481798645]]]}},{"type":"Feature","properties":{"rain":0.0,"period":"3day","row":35,"col":8,"distance_miles":49.55,"normal":null,"departure":null,"percent_normal":null},"geometry":{"type":"Polygon","coordinates":[[[-88.90882591246763,40.49356343732527],[-88.86100850721374,40.4830562767981],[-88.8748306804407,40.4466992800017],[-88.92261153485771,40.45719460529857],[-88.90882591246763,40.49356343732527]]]}},{"type":"Feature","properties":{"rain":0.0,"period":"3day","row":35,"col":9,"distance_miles":47.47,"normal":null,"departure":null,"percent_normal":null},"geometry":{"type":"Polygon","coordinates":[[[-88.86100850721374,40.4830562767981],[-88.81321418680011,40.47251966884121],[-88.82707285478122,40.43617453594834],[-88.8748306804407,40.4466992800017],[-88.86100850721374,40.4830562767981]]]}},{"type":"Feature","properties":{"rain":0.0,"period":"3day","row":35,"col":10,"distance_miles":45.43,"normal":null,"departure":null,"percent_normal":null},"geometry":{"type":"Polygon","coordinates":[[[-88.81321418680011,40.47251966884121],[-88.7654430009796,40.4619536432313],[-88.77933810754843,40.425620402846604],[-88.82707285478122,40.43617453594834],[-88.81321418680011,40.47251966884121]]]}},{"type":"Feature","properties":{"rain":0.0,"period":"3day","row":35,"col":11,"distance_miles":43.47,"normal":null,"departure":null,"percent_normal":null},"geometry":{"type":"Polygon","coordinates":[[[-88.7654430009796,40.4619536432313],[-88.71769499932826,40.4513582298027],[-88.73162648823535,40.415036910462184],[-88.77933810754843,40.425620402846604],[-88.7654430009796,40.4619536432313]]]}},{"type":"Feature","properties":{"rain":0.004,"period":"3day","row":35,"col":12,"distance_miles":41.57,"normal":null,"departure":null,"percent_normal":null},"geometry":{"type":"Polygon","coordinates":[[[-88.71769499932826,40.4513582298027],[-88.66997023124523,40.440733458447234],[-88.6839380461588,40.40442408861815],[-88.73162648823535,40.415036910462184],[-88.71769499932826,40.4513582298027]]]}},{"type":"Feature","properties":{"rain":0.012,"period":"3day","row":35,"col":13,"distance_miles":39.76,"normal":null,"departure":null,"percent_normal":null},"geometry":{"type":"Polygon","coordinates":[[[-88.66997023124523,40.440733458447234],[-88.62226874595261,40.4300793591138],[-88.63627283045919,40.393781967194606],[-88.6839380461588,40.40442408861815],[-88.66997023124523,40.440733458447234]]]}},{"type":"Feature","properties":{"rain":0.0,"period":"3day","row":35,"col":14,"distance_miles":38.04,"normal":null,"departure":null,"percent_normal":null},"geometry":{"type":"Polygon","coordinates":[[[-88.62226874595261,40.4300793591138],[-88.57459059249537,40.41939596180822],[-88.5886308901005,40.38311057612849],[-88.63627283045919,40.393781967194606],[-88.62226874595261,40.4300793591138]]]}},{"type":"Feature","properties":{"rain":0.0,"period":"3day","row":35,"col":15,"distance_miles":36.43,"normal":null,"departure":null,"percent_normal":null},"geometry":{"type":"Polygon","coordinates":[[[-88.57459059249537,40.41939596180822],[-88.52693581974134,40.4086832965929],[-88.54101227387017,40.37240994541327],[-88.5886308901005,40.38311057612849],[-88.57459059249537,40.41939596180822]]]}},{"type":"Feature","properties":{"rain":0.0,"period":"3day","row":35,"col":16,"distance_miles":34.95,"normal":null,"departure":null,"percent_normal":null},"geometry":{"type":"Polygon","coordinates":[[[-88.52693581974134,40.4086832965929],[-88.47930447638092,40.39794139358661],[-88.49341703037899,40.36168010509867],[-88.54101227387017,40.37240994541327],[-88.52693581974134,40.4086832965929]]]}},{"type":"Feature","properties":{"rain":0.0,"period":"3day","row":35,"col":17,"distance_miles":33.6,"normal":null,"departure":null,"percent_normal":null},"geometry":{"type":"Polygon","coordinates":[[[-88.47930447638092,40.39794139358661],[-88.43169661092722,40.387170282964156],[-88.44584520806103,40.35092108529041],[-88.49341703037899,40.36168010509867],[-88.47930447638092,40.39794139358661]]]}},{"type":"Feature","properties":{"rain":0.0,"period":"3day","row":35,"col":18,"distance_miles":32.42,"normal":null,"departure":null,"percent_normal":null},"geometry":{"type":"Polygon","coordinates":[[[-88.43169661092722,40.387170282964156],[-88.38411227171578,40.37636999495615],[-88.3982968551735,40.34013291614993],[-88.44584520806103,40.35092108529041],[-88.43169661092722,40.387170282964156]]]}},{"type":"Feature","properties":{"rain":0.0,"period":"3day","row":35,"col":19,"distance_miles":31.4,"normal":null,"departure":null,"percent_normal":null},"geometry":{"type":"Polygon","coordinates":[[[-88.38411227171578,40.37636999495615],[-88.33655150690461,40.36554055984872],[-88.35077201979674,40.32931562789413],[-88.3982968551735,40.34013291614993],[-88.38411227171578,40.37636999495615]]]}},{"type":"Feature","properties":{"rain":0.0,"period":"3day","row":35,"col":20,"distance_miles":30.58,"normal":null,"departure":null,"percent_normal":null},"geometry":{"type":"Polygon","coordinates":[[[-88.33655150690461,40.36554055984872],[-88.28901436447404,40.354682007983236],[-88.30327074983407,40.3184692507951],[-88.35077201979674,40.32931562789413],[-88.33655150690461,40.36554055984872]]]}},{"type":"Feature","properties":{"rain":0.0,"period":"3day","row":35,"col":21,"distance_miles":29.97,"normal":null,"departure":null,"percent_normal":null},"geometry":{"type":"Polygon","coordinates":[[[-88.28901436447404,40.354682007983236],[-88.24150089222671,40.343794369756075],[-88.25579309301175,40.30759381517981],[-88.30327074983407,40.3184692507951],[-88.28901436447404,40.354682007983236]]]}},{"type":"Feature","properties":{"rain":0.0,"period":"3day","row":35,"col":22,"distance_miles":29.57,"normal":null,"departure":null,"percent_normal":null},"geometry":{"type":"Polygon","coordinates":[[[-88.24150089222671,40.343794369756075],[-88.19401113778737,40.33287767561832],[-88.2083390968789,40.296689351429904],[-88.25579309301175,40.30759381517981],[-88.24150089222671,40.343794369756075]]]}},{"type":"Feature","properties":{"rain":0.0,"period":"3day","row":35,"col":23,"distance_miles":29.41,"normal":null,"departure":null,"percent_normal":null},"geometry":{"type":"Polygon","coordinates":[[[-88.19401113778737,40.33287767561832],[-88.14654514860295,40.32193195607545],[-88.16090880880739,40.2857558899814],[-88.2083390968789,40.296689351429904],[-88.19401113778737,40.33287767561832]]]}},{"type":"Feature","properties":{"rain":0.0,"period":"3day","row":35,"col":24,"distance_miles":29.48,"normal":null,"departure":null,"percent_normal":null},"geometry":{"type":"Polygon","coordinates":[[[-88.14654514860295,40.32193195607545],[-88.09910297194239,40.31095724168716],[-88.11350227599183,40.2747934613244],[-88.16090880880739,40.2857558899814],[-88.14654514860295,40.32193195607545]]]}},{"type":"Feature","properties":{"rain":0.0,"period":"3day","row":35,"col":25,"distance_miles":29.78,"normal":null,"departure":null,"percent_normal":null},"geometry":{"type":"Polygon","coordinates":[[[-88.09910297194239,40.31095724168716],[-88.0516846548966,40.29995356306701],[-88.06611954544947,40.26380209600283],[-88.11350227599183,40.2747934613244],[-88.09910297194239,40.31095724168716]]]}},{"type":"Feature","properties":{"rain":0.0,"period":"3day","row":35,"col":26,"distance_miles":30.3,"normal":null,"departure":null,"percent_normal":null},"geometry":{"type":"Polygon","coordinates":[[[-88.0516846548966,40.29995356306701],[-88.00429024437841,40.28892095088219],[-88.01876066402006,40.25278182461421],[-88.06611954544947,40.26380209600283],[-88.0516846548966,40.29995356306701]]]}},{"type":"Feature","properties":{"rain":0.0,"period":"3day","row":35,"col":27,"distance_miles":31.04,"normal":null,"departure":null,"percent_normal":null},"geometry":{"type":"Polygon","coordinates":[[[-88.00429024437841,40.28892095088219],[-87.9569197871225,40.277859435853266],[-87.97142567836595,40.24173267780933],[-88.01876066402006,40.25278182461421],[-88.00429024437841,40.28892095088219]]]}},{"type":"Feature","properties":{"rain":0.0,"period":"3day","row":35,"col":28,"distance_miles":31.98,"normal":null,"departure":null,"percent_normal":null},"geometry":{"type":"Polygon","coordinates":[[[-87.9569197871225,40.277859435853266],[-87.90957332968534,40.26676904875383],[-87.92411463497187,40.230654686291984],[-87.97142567836595,40.24173267780933],[-87.9569197871225,40.277859435853266]]]}},{"type":"Feature","properties":{"rain":0.0,"period":"3day","row":35,"col":29,"distance_miles":33.1,"normal":null,"departure":null,"percent_normal":null},"geometry":{"type":"Polygon","coordinates":[[[-87.90957332968534,40.26676904875383],[-87.86225091844511,40.25564982041034],[-87.87682758014498,40.21954788081875],[-87.92411463497187,40.230654686291984],[-87.90957332968534,40.26676904875383]]]}},{"type":"Feature","properties":{"rain":0.0,"period":"3day","row":35,"col":30,"distance_miles":34.38,"normal":null,"departure":null,"percent_normal":null},"geometry":{"type":"Polygon","coordinates":[[[-87.86225091844511,40.25564982041034],[-87.81495259960168,40.244501781701764],[-87.82956456001476,40.20841229219866],[-87.87682758014498,40.21954788081875],[-87.86225091844511,40.25564982041034]]]}},{"type":"Feature","properties":{"rain":0.0,"period":"3day","row":35,"col":31,"distance_miles":35.81,"normal":null,"departure":null,"percent_normal":null},"geometry":{"type":"Polygon","coordinates":[[[-87.81495259960168,40.244501781701764],[-87.76767841917652,40.23332496355934],[-87.78232562053296,40.19724795129297],[-87.82956456001476,40.20841229219866],[-87.81495259960168,40.244501781701764]]]}},{"type":"Feature","properties":{"rain":0.0,"period":"3day","row":35,"col":32,"distance_miles":37.36,"normal":null,"departure":null,"percent_normal":null},"geometry":{"type":"Polygon","coordinates":[[[-87.76767841917652,40.23332496355934],[-87.72042842301273,40.2221193969663],[-87.73511080747359,40.18605488901488],[-87.78232562053296,40.19724795129297],[-87.76767841917652,40.23332496355934]]]}},{"type":"Feature","properties":{"rain":0.004,"period":"3day","row":35,"col":33,"distance_miles":39.03,"normal":null,"departure":null,"percent_normal":null},"geometry":{"type":"Polygon","coordinates":[[[-87.72042842301273,40.2221193969663],[-87.6732026567749,40.210885112957634],[-87.68792016643283,40.174833136329234],[-87.73511080747359,40.18605488901488],[-87.72042842301273,40.2221193969663]]]}},{"type":"Feature","properties":{"rain":0.031,"period":"3day","row":35,"col":34,"distance_miles":40.8,"normal":null,"departure":null,"percent_normal":null},"geometry":{"type":"Polygon","coordinates":[[[-87.6732026567749,40.210885112957634],[-87.62600116594912,40.19962214261971],[-87.64075374282906,40.16358272425231],[-87.68792016643283,40.174833136329234],[-87.6732026567749,40.210885112957634]]]}},{"type":"Feature","properties":{"rain":0.024,"period":"3day","row":35,"col":35,"distance_miles":42.66,"normal":null,"departure":null,"percent_normal":null},"geometry":{"type":"Polygon","coordinates":[[[-87.62600116594912,40.19962214261971],[-87.57882399584291,40.188330517090165],[-87.59361158190266,40.15230368385147],[-87.64075374282906,40.16358272425231],[-87.62600116594912,40.19962214261971]]]}},{"type":"Feature","properties":{"rain":0.031,"period":"3day","row":35,"col":36,"distance_miles":44.59,"normal":null,"departure":null,"percent_normal":null},"geometry":{"type":"Polygon","coordinates":[[[-87.57882399584291,40.188330517090165],[-87.53167119158523,40.17701026755749],[-87.54649372871617,40.140996046244965],[-87.59361158190266,40.15230368385147],[-87.57882399584291,40.188330517090165]]]}},{"type":"Feature","properties":{"rain":0.075,"period":"3day","row":35,"col":37,"distance_miles":46.6,"normal":null,"departure":null,"percent_normal":null},"geometry":{"type":"Polygon","coordinates":[[[-87.53167119158523,40.17701026755749],[-87.4845427981264,40.16566142526084],[-87.49940022815412,40.12965984260165],[-87.54649372871617,40.140996046244965],[-87.53167119158523,40.17701026755749]]]}},{"type":"Feature","properties":{"rain":0.134,"period":"3day","row":35,"col":38,"distance_miles":48.65,"normal":null,"departure":null,"percent_normal":null},"geometry":{"type":"Polygon","coordinates":[[[-87.4845427981264,40.16566142526084],[-87.43743886023806,40.154284021489744],[-87.45233112492302,40.11829510414064],[-87.49940022815412,40.12965984260165],[-87.4845427981264,40.16566142526084]]]}},{"type":"Feature","properties":{"rain":0.0,"period":"3day","row":36,"col":9,"distance_miles":49.13,"normal":null,"departure":null,"percent_normal":null},"geometry":{"type":"Polygon","coordinates":[[[-88.8748306804407,40.4466992800017],[-88.82707285478122,40.43617453594834],[-88.84090844430628,40.399837497724825],[-88.88862982488082,40.41035039604498],[-88.8748306804407,40.4466992800017]]]}},{"type":"Feature","properties":{"rain":0.0,"period":"3day","row":36,"col":10,"distance_miles":47.17,"normal":null,"departure":null,"percent_normal":null},"geometry":{"type":"Polygon","coordinates":[[[-88.82707285478122,40.43617453594834],[-88.77933810754843,40.425620402846604],[-88.79321008616816,40.38929523893062],[-88.84090844430628,40.399837497724825],[-88.82707285478122,40.43617453594834]]]}},{"type":"Feature","properties":{"rain":0.0,"period":"3day","row":36,"col":11,"distance_miles":45.27,"normal":null,"departure":null,"percent_normal":null},"geometry":{"type":"Polygon","coordinates":[[[-88.77933810754843,40.425620402846604],[-88.73162648823535,40.415036910462184],[-88.74553479987655,40.37872364935959],[-88.79321008616816,40.38929523893062],[-88.77933810754843,40.425620402846604]]]}},{"type":"Feature","properties":{"rain":0.0,"period":"3day","row":36,"col":12,"distance_miles":43.46,"normal":null,"departure":null,"percent_normal":null},"geometry":{"type":"Polygon","coordinates":[[[-88.73162648823535,40.415036910462184],[-88.6839380461588,40.40442408861815],[-88.69788263466603,40.36812275876628],[-88.74553479987655,40.37872364935959],[-88.73162648823535,40.415036910462184]]]}},{"type":"Feature","properties":{"rain":0.0,"period":"3day","row":36,"col":13,"distance_miles":41.73,"normal":null,"departure":null,"percent_normal":null},"geometry":{"type":"Polygon","coordinates":[[[-88.6839380461588,40.40442408861815],[-88.63627283045919,40.393781967194606],[-88.65025363959542,40.3574925969622],[-88.69788263466603,40.36812275876628],[-88.6839380461588,40.40442408861815]]]}},{"type":"Feature","properties":{"rain":0.0,"period":"3day","row":36,"col":14,"distance_miles":40.1,"normal":null,"departure":null,"percent_normal":null},"geometry":{"type":"Polygon","coordinates":[[[-88.63627283045919,40.393781967194606],[-88.5886308901005,40.38311057612849],[-88.60264786354782,40.34683319381559],[-88.65025363959542,40.3574925969622],[-88.63627283045919,40.393781967194606]]]}},{"type":"Feature","properties":{"rain":0.0,"period":"3day","row":36,"col":15,"distance_miles":38.57,"normal":null,"departure":null,"percent_normal":null},"geometry":{"type":"Polygon","coordinates":[[[-88.5886308901005,40.38311057612849],[-88.54101227387017,40.37240994541327],[-88.55506535523041,40.33614457925117],[-88.60264786354782,40.34683319381559],[-88.5886308901005,40.38311057612849]]]}},{"type":"Feature","properties":{"rain":0.0,"period":"3day","row":36,"col":16,"distance_miles":37.17,"normal":null,"departure":null,"percent_normal":null},"geometry":{"type":"Polygon","coordinates":[[[-88.54101227387017,40.37240994541327],[-88.49341703037899,40.36168010509867],[-88.5075061631744,40.32542678324982],[-88.55506535523041,40.33614457925117],[-88.54101227387017,40.37240994541327]]]}},{"type":"Feature","properties":{"rain":0.0,"period":"3day","row":36,"col":17,"distance_miles":35.91,"normal":null,"departure":null,"percent_normal":null},"geometry":{"type":"Polygon","coordinates":[[[-88.49341703037899,40.36168010509867],[-88.44584520806103,40.35092108529041],[-88.45997033573492,40.314679835848395],[-88.5075061631744,40.32542678324982],[-88.49341703037899,40.36168010509867]]]}},{"type":"Feature","properties":{"rain":0.0,"period":"3day","row":36,"col":18,"distance_miles":34.8,"normal":null,"departure":null,"percent_normal":null},"geometry":{"type":"Polygon","coordinates":[[[-88.44584520806103,40.35092108529041],[-88.3982968551735,40.34013291614993],[-88.41245792109096,40.30390376713934],[-88.45997033573492,40.314679835848395],[-88.44584520806103,40.35092108529041]]]}},{"type":"Feature","properties":{"rain":0.0,"period":"3day","row":36,"col":19,"distance_miles":33.86,"normal":null,"departure":null,"percent_normal":null},"geometry":{"type":"Polygon","coordinates":[[[-88.3982968551735,40.34013291614993],[-88.35077201979674,40.32931562789413],[-88.36496896724526,40.29309860727052],[-88.41245792109096,40.30390376713934],[-88.3982968551735,40.34013291614993]]]}},{"type":"Feature","properties":{"rain":0.0,"period":"3day","row":36,"col":20,"distance_miles":33.1,"normal":null,"departure":null,"percent_normal":null},"geometry":{"type":"Polygon","coordinates":[[[-88.35077201979674,40.32931562789413],[-88.30327074983407,40.3184692507951],[-88.3175035220242,40.28226438644493],[-88.36496896724526,40.29309860727052],[-88.35077201979674,40.32931562789413]]]}},{"type":"Feature","properties":{"rain":0.0,"period":"3day","row":36,"col":21,"distance_miles":32.53,"normal":null,"departure":null,"percent_normal":null},"geometry":{"type":"Polygon","coordinates":[[[-88.30327074983407,40.3184692507951],[-88.25579309301175,40.30759381517981],[-88.27006163307779,40.27140113492037],[-88.3175035220242,40.28226438644493],[-88.30327074983407,40.3184692507951]]]}},{"type":"Feature","properties":{"rain":0.0,"period":"3day","row":36,"col":22,"distance_miles":32.17,"normal":null,"departure":null,"percent_normal":null},"geometry":{"type":"Polygon","coordinates":[[[-88.25579309301175,40.30759381517981],[-88.2083390968789,40.296689351429904],[-88.22264334787951,40.26050888300925],[-88.27006163307779,40.27140113492037],[-88.25579309301175,40.30759381517981]]]}},{"type":"Feature","properties":{"rain":0.0,"period":"3day","row":36,"col":23,"distance_miles":32.02,"normal":null,"departure":null,"percent_normal":null},"geometry":{"type":"Polygon","coordinates":[[[-88.2083390968789,40.296689351429904],[-88.16090880880739,40.2857558899814],[-88.17524871372635,40.249587661078266],[-88.22264334787951,40.26050888300925],[-88.2083390968789,40.296689351429904]]]}},{"type":"Feature","properties":{"rain":0.004,"period":"3day","row":36,"col":24,"distance_miles":32.08,"normal":null,"departure":null,"percent_normal":null},"geometry":{"type":"Polygon","coordinates":[[[-88.16090880880739,40.2857558899814],[-88.11350227599183,40.2747934613244],[-88.12787777773856,40.23863749954816],[-88.17524871372635,40.249587661078266],[-88.16090880880739,40.2857558899814]]]}},{"type":"Feature","properties":{"rain":0.0,"period":"3day","row":36,"col":25,"distance_miles":32.36,"normal":null,"departure":null,"percent_normal":null},"geometry":{"type":"Polygon","coordinates":[[[-88.11350227599183,40.2747934613244],[-88.06611954544947,40.26380209600283],[-88.08053058685978,40.22765842889345],[-88.12787777773856,40.23863749954816],[-88.11350227599183,40.2747934613244]]]}},{"type":"Feature","properties":{"rain":0.0,"period":"3day","row":36,"col":26,"distance_miles":32.84,"normal":null,"departure":null,"percent_normal":null},"geometry":{"type":"Polygon","coordinates":[[[-88.06611954544947,40.26380209600283],[-88.01876066402006,40.25278182461421],[-88.03320718785685,40.216650479642134],[-88.08053058685978,40.22765842889345],[-88.06611954544947,40.26380209600283]]]}},{"type":"Feature","properties":{"rain":0.0,"period":"3day","row":36,"col":27,"distance_miles":33.52,"normal":null,"departure":null,"percent_normal":null},"geometry":{"type":"Polygon","coordinates":[[[-88.01876066402006,40.25278182461421],[-87.97142567836595,40.24173267780933],[-87.98590762731975,40.20561368237544],[-88.03320718785685,40.216650479642134],[-88.01876066402006,40.25278182461421]]]}},{"type":"Feature","properties":{"rain":0.0,"period":"3day","row":36,"col":28,"distance_miles":34.39,"normal":null,"departure":null,"percent_normal":null},"geometry":{"type":"Polygon","coordinates":[[[-87.97142567836595,40.24173267780933],[-87.92411463497187,40.230654686291984],[-87.9386319516616,40.19454806772759],[-87.98590762731975,40.20561368237544],[-87.97142567836595,40.24173267780933]]]}},{"type":"Feature","properties":{"rain":0.0,"period":"3day","row":36,"col":29,"distance_miles":35.43,"normal":null,"departure":null,"percent_normal":null},"geometry":{"type":"Polygon","coordinates":[[[-87.92411463497187,40.230654686291984],[-87.87682758014498,40.21954788081875],[-87.89138020711856,40.18345366638544],[-87.9386319516616,40.19454806772759],[-87.92411463497187,40.230654686291984]]]}},{"type":"Feature","properties":{"rain":0.0,"period":"3day","row":36,"col":30,"distance_miles":36.63,"normal":null,"departure":null,"percent_normal":null},"geometry":{"type":"Polygon","coordinates":[[[-87.87682758014498,40.21954788081875],[-87.82956456001476,40.20841229219866],[-87.84415243974976,40.17233050908832],[-87.89138020711856,40.18345366638544],[-87.87682758014498,40.21954788081875]]]}},{"type":"Feature","properties":{"rain":0.0,"period":"3day","row":36,"col":31,"distance_miles":37.97,"normal":null,"departure":null,"percent_normal":null},"geometry":{"type":"Polygon","coordinates":[[[-87.82956456001476,40.20841229219866],[-87.78232562053296,40.19724795129297],[-87.79694869543732,40.16117862662767],[-87.84415243974976,40.17233050908832],[-87.82956456001476,40.20841229219866]]]}},{"type":"Feature","properties":{"rain":0.0,"period":"3day","row":36,"col":32,"distance_miles":39.44,"normal":null,"departure":null,"percent_normal":null},"geometry":{"type":"Polygon","coordinates":[[[-87.78232562053296,40.19724795129297],[-87.73511080747359,40.18605488901488],[-87.74976901988617,40.14999804984684],[-87.79694869543732,40.16117862662767],[-87.78232562053296,40.19724795129297]]]}},{"type":"Feature","properties":{"rain":0.035,"period":"3day","row":36,"col":33,"distance_miles":41.03,"normal":null,"departure":null,"percent_normal":null},"geometry":{"type":"Polygon","coordinates":[[[-87.73511080747359,40.18605488901488],[-87.68792016643283,40.174833136329234],[-87.70261345862419,40.1387888096408],[-87.74976901988617,40.14999804984684],[-87.73511080747359,40.18605488901488]]]}},{"type":"Feature","properties":{"rain":0.031,"period":"3day","row":36,"col":34,"distance_miles":42.71,"normal":null,"departure":null,"percent_normal":null},"geometry":{"type":"Polygon","coordinates":[[[-87.68792016643283,40.174833136329234],[-87.64075374282906,40.16358272425231],[-87.65548205700196,40.12755093695582],[-87.70261345862419,40.1387888096408],[-87.68792016643283,40.174833136329234]]]}},{"type":"Feature","properties":{"rain":0.055,"period":"3day","row":36,"col":35,"distance_miles":44.49,"normal":null,"departure":null,"percent_normal":null},"geometry":{"type":"Polygon","coordinates":[[[-87.64075374282906,40.16358272425231],[-87.59361158190266,40.15230368385147],[-87.60837486019287,40.1162844627893],[-87.65548205700196,40.12755093695582],[-87.64075374282906,40.16358272425231]]]}},{"type":"Feature","properties":{"rain":0.091,"period":"3day","row":36,"col":36,"distance_miles":46.35,"normal":null,"departure":null,"percent_normal":null},"geometry":{"type":"Polygon","coordinates":[[[-87.59361158190266,40.15230368385147],[-87.54649372871617,40.140996046244965],[-87.56129191319302,40.1049894181894],[-87.60837486019287,40.1162844627893],[-87.59361158190266,40.15230368385147]]]}},{"type":"Feature","properties":{"rain":0.059,"period":"3day","row":36,"col":37,"distance_miles":48.27,"normal":null,"departure":null,"percent_normal":null},"geometry":{"type":"Polygon","coordinates":[[[-87.54649372871617,40.140996046244965],[-87.49940022815412,40.12965984260165],[-87.51423326082119,40.09366583425483],[-87.56129191319302,40.1049894181894],[-87.54649372871617,40.140996046244965]]]}},{"type":"Feature","properties":{"rain":0.0,"period":"3day","row":37,"col":10,"distance_miles":48.98,"normal":null,"departure":null,"percent_normal":null},"geometry":{"type":"Polygon","coordinates":[[[-88.84090844430628,40.399837497724825],[-88.79321008616816,40.38929523893062],[-88.80705899291209,40.35297816274445],[-88.85472101136571,40.363508565393296],[-88.84090844430628,40.399837497724825]]]}},{"type":"Feature","properties":{"rain":0.0,"period":"3day","row":37,"col":11,"distance_miles":47.16,"normal":null,"departure":null,"percent_normal":null},"geometry":{"type":"Polygon","coordinates":[[[-88.79321008616816,40.38929523893062],[-88.74553479987655,40.37872364935959],[-88.7594199904074,40.342418457794565],[-88.80705899291209,40.35297816274445],[-88.79321008616816,40.38929523893062]]]}},{"type":"Feature","properties":{"rain":0.0,"period":"3day","row":37,"col":12,"distance_miles":45.42,"normal":null,"departure":null,"percent_normal":null},"geometry":{"type":"Polygon","coordinates":[[[-88.74553479987655,40.37872364935959],[-88.69788263466603,40.36812275876628],[-88.711804053004,40.331829480229814],[-88.7594199904074,40.342418457794565],[-88.74553479987655,40.37872364935959]]]}},{"type":"Feature","properties":{"rain":0.0,"period":"3day","row":37,"col":13,"distance_miles":43.76,"normal":null,"departure":null,"percent_normal":null},"geometry":{"type":"Polygon","coordinates":[[[-88.69788263466603,40.36812275876628],[-88.65025363959542,40.3574925969622],[-88.66421122967932,40.32121125979327],[-88.711804053004,40.331829480229814],[-88.69788263466603,40.36812275876628]]]}},{"type":"Feature","properties":{"rain":0.0,"period":"3day","row":37,"col":14,"distance_miles":42.21,"normal":null,"departure":null,"percent_normal":null},"geometry":{"type":"Polygon","coordinates":[[[-88.65025363959542,40.3574925969622],[-88.60264786354782,40.34683319381559],[-88.61664156923561,40.310563826284756],[-88.66421122967932,40.32121125979327],[-88.65025363959542,40.3574925969622]]]}},{"type":"Feature","properties":{"rain":0.0,"period":"3day","row":37,"col":15,"distance_miles":40.77,"normal":null,"departure":null,"percent_normal":null},"geometry":{"type":"Polygon","coordinates":[[[-88.60264786354782,40.34683319381559],[-88.55506535523041,40.33614457925117],[-88.56909512029989,40.29988720956038],[-88.61664156923561,40.310563826284756],[-88.60264786354782,40.34683319381559]]]}},{"type":"Feature","properties":{"rain":0.0,"period":"3day","row":37,"col":16,"distance_miles":39.44,"normal":null,"departure":null,"percent_normal":null},"geometry":{"type":"Polygon","coordinates":[[[-88.55506535523041,40.33614457925117],[-88.5075061631744,40.32542678324982],[-88.5215719313239,40.28918143953245],[-88.56909512029989,40.29988720956038],[-88.55506535523041,40.33614457925117]]]}},{"type":"Feature","properties":{"rain":0.0,"period":"3day","row":37,"col":17,"distance_miles":38.26,"normal":null,"departure":null,"percent_normal":null},"geometry":{"type":"Polygon","coordinates":[[[-88.5075061631744,40.32542678324982],[-88.45997033573492,40.314679835848395],[-88.47407205058394,40.27844654616905],[-88.5215719313239,40.28918143953245],[-88.5075061631744,40.32542678324982]]]}},{"type":"Feature","properties":{"rain":0.0,"period":"3day","row":37,"col":18,"distance_miles":37.22,"normal":null,"departure":null,"percent_normal":null},"geometry":{"type":"Polygon","coordinates":[[[-88.45997033573492,40.314679835848395],[-88.41245792109096,40.30390376713934],[-88.4265955261808,40.26768255949392],[-88.47407205058394,40.27844654616905],[-88.45997033573492,40.314679835848395]]]}},{"type":"Feature","properties":{"rain":0.0,"period":"3day","row":37,"col":19,"distance_miles":36.34,"normal":null,"departure":null,"percent_normal":null},"geometry":{"type":"Polygon","coordinates":[[[-88.41245792109096,40.30390376713934],[-88.36496896724526,40.29309860727052],[-88.37914240603975,40.25688950958605],[-88.4265955261808,40.26768255949392],[-88.41245792109096,40.30390376713934]]]}},{"type":"Feature","properties":{"rain":0.0,"period":"3day","row":37,"col":20,"distance_miles":35.63,"normal":null,"departure":null,"percent_normal":null},"geometry":{"type":"Polygon","coordinates":[[[-88.36496896724526,40.29309860727052],[-88.3175035220242,40.28226438644493],[-88.33171273791028,40.246067426579536],[-88.37914240603975,40.25688950958605],[-88.36496896724526,40.29309860727052]]]}},{"type":"Feature","properties":{"rain":0.0,"period":"3day","row":37,"col":21,"distance_miles":35.1,"normal":null,"departure":null,"percent_normal":null},"geometry":{"type":"Polygon","coordinates":[[[-88.3175035220242,40.28226438644493],[-88.27006163307779,40.27140113492037],[-88.28430656936624,40.235216340663214],[-88.33171273791028,40.246067426579536],[-88.3175035220242,40.28226438644493]]]}},{"type":"Feature","properties":{"rain":0.0,"period":"3day","row":37,"col":22,"distance_miles":34.77,"normal":null,"departure":null,"percent_normal":null},"geometry":{"type":"Polygon","coordinates":[[[-88.27006163307779,40.27140113492037],[-88.22264334787951,40.26050888300925],[-88.23692394780561,40.22433628208043],[-88.28430656936624,40.235216340663214],[-88.27006163307779,40.27140113492037]]]}},{"type":"Feature","properties":{"rain":0.0,"period":"3day","row":37,"col":23,"distance_miles":34.62,"normal":null,"departure":null,"percent_normal":null},"geometry":{"type":"Polygon","coordinates":[[[-88.22264334787951,40.26050888300925],[-88.17524871372635,40.249587661078266],[-88.18956492045044,40.2134272811288],[-88.23692394780561,40.22433628208043],[-88.22264334787951,40.26050888300925]]]}},{"type":"Feature","properties":{"rain":0.0,"period":"3day","row":37,"col":24,"distance_miles":34.68,"normal":null,"departure":null,"percent_normal":null},"geometry":{"type":"Polygon","coordinates":[[[-88.17524871372635,40.249587661078266],[-88.12787777773856,40.23863749954816],[-88.1422295343468,40.20248936815988],[-88.18956492045044,40.2134272811288],[-88.17524871372635,40.249587661078266]]]}},{"type":"Feature","properties":{"rain":0.0,"period":"3day","row":37,"col":25,"distance_miles":34.94,"normal":null,"departure":null,"percent_normal":null},"geometry":{"type":"Polygon","coordinates":[[[-88.12787777773856,40.23863749954816],[-88.08053058685978,40.22765842889345],[-88.09491783636479,40.19152257357895],[-88.1422295343468,40.20248936815988],[-88.12787777773856,40.23863749954816]]]}},{"type":"Feature","properties":{"rain":0.0,"period":"3day","row":37,"col":26,"distance_miles":35.38,"normal":null,"departure":null,"percent_normal":null},"geometry":{"type":"Polygon","coordinates":[[[-88.08053058685978,40.22765842889345],[-88.03320718785685,40.216650479642134],[-88.04762987319829,40.18052692784472],[-88.09491783636479,40.19152257357895],[-88.08053058685978,40.22765842889345]]]}},{"type":"Feature","properties":{"rain":0.0,"period":"3day","row":37,"col":27,"distance_miles":36.02,"normal":null,"departure":null,"percent_normal":null},"geometry":{"type":"Polygon","coordinates":[[[-88.03320718785685,40.216650479642134],[-87.98590762731975,40.20561368237544],[-88.00036569136512,40.169502461469065],[-88.04762987319829,40.18052692784472],[-88.03320718785685,40.216650479642134]]]}},{"type":"Feature","properties":{"rain":0.0,"period":"3day","row":37,"col":28,"distance_miles":36.83,"normal":null,"departure":null,"percent_normal":null},"geometry":{"type":"Polygon","coordinates":[[[-87.98590762731975,40.20561368237544],[-87.9386319516616,40.19454806772759],[-87.95312533720673,40.158449205016765],[-88.00036569136512,40.169502461469065],[-87.98590762731975,40.20561368237544]]]}},{"type":"Feature","properties":{"rain":0.0,"period":"3day","row":37,"col":29,"distance_miles":37.8,"normal":null,"departure":null,"percent_normal":null},"geometry":{"type":"Polygon","coordinates":[[[-87.9386319516616,40.19454806772759],[-87.89138020711856,40.18345366638544],[-87.90590885688839,40.14736718910524],[-87.95312533720673,40.158449205016765],[-87.9386319516616,40.19454806772759]]]}},{"type":"Feature","properties":{"rain":0.0,"period":"3day","row":37,"col":30,"distance_miles":38.92,"normal":null,"departure":null,"percent_normal":null},"geometry":{"type":"Polygon","coordinates":[[[-87.89138020711856,40.18345366638544],[-87.84415243974976,40.17233050908832],[-87.85871629639892,40.136256444404225],[-87.90590885688839,40.14736718910524],[-87.89138020711856,40.18345366638544]]]}},{"type":"Feature","properties":{"rain":0.004,"period":"3day","row":37,"col":31,"distance_miles":40.19,"normal":null,"departure":null,"percent_normal":null},"geometry":{"type":"Polygon","coordinates":[[[-87.84415243974976,40.17233050908832],[-87.79694869543732,40.16117862662767],[-87.81154770155084,40.12511700163563],[-87.85871629639892,40.136256444404225],[-87.84415243974976,40.17233050908832]]]}},{"type":"Feature","properties":{"rain":0.063,"period":"3day","row":37,"col":32,"distance_miles":41.58,"normal":null,"departure":null,"percent_normal":null},"geometry":{"type":"Polygon","coordinates":[[[-87.79694869543732,40.16117862662767],[-87.74976901988617,40.14999804984684],[-87.7644031179801,40.11394889157311],[-87.81154770155084,40.12511700163563],[-87.79694869543732,40.16117862662767]]]}},{"type":"Feature","properties":{"rain":0.102,"period":"3day","row":37,"col":33,"distance_miles":43.08,"normal":null,"departure":null,"percent_normal":null},"geometry":{"type":"Polygon","coordinates":[[[-87.74976901988617,40.14999804984684],[-87.70261345862419,40.1387888096408],[-87.71728259114622,40.102752145041926],[-87.7644031179801,40.11394889157311],[-87.74976901988617,40.14999804984684]]]}},{"type":"Feature","properties":{"rain":0.098,"period":"3day","row":37,"col":34,"distance_miles":44.69,"normal":null,"departure":null,"percent_normal":null},"geometry":{"type":"Polygon","coordinates":[[[-87.70261345862419,40.1387888096408],[-87.65548205700196,40.12755093695582],[-87.67018616633216,40.0915267929186],[-87.71728259114622,40.102752145041926],[-87.70261345862419,40.1387888096408]]]}},{"type":"Feature","properties":{"rain":0.134,"period":"3day","row":37,"col":35,"distance_miles":46.39,"normal":null,"departure":null,"percent_normal":null},"geometry":{"type":"Polygon","coordinates":[[[-87.65548205700196,40.12755093695582],[-87.60837486019287,40.1162844627893],[-87.62311388864427,40.08027286613069],[-87.67018616633216,40.0915267929186],[-87.65548205700196,40.12755093695582]]]}},{"type":"Feature","properties":{"rain":0.055,"period":"3day","row":37,"col":36,"distance_miles":48.18,"normal":null,"departure":null,"percent_normal":null},"geometry":{"type":"Polygon","coordinates":[[[-87.60837486019287,40.1162844627893],[-87.56129191319302,40.1049894181894],[-87.57606580301227,40.06899039565652],[-87.62311388864427,40.08027286613069],[-87.60837486019287,40.1162844627893]]]}},{"type":"Feature","properties":{"rain":0.0,"period":"3day","row":38,"col":11,"distance_miles":49.11,"normal":null,"departure":null,"percent_normal":null},"geometry":{"type":"Polygon","coordinates":[[[-88.80705899291209,40.35297816274445],[-88.7594199904074,40.342418457794565],[-88.77328211580773,40.30612134702951],[-88.82088488367795,40.31666918551215],[-88.80705899291209,40.35297816274445]]]}},{"type":"Feature","properties":{"rain":0.0,"period":"3day","row":38,"col":12,"distance_miles":47.44,"normal":null,"departure":null,"percent_normal":null},"geometry":{"type":"Polygon","coordinates":[[[-88.7594199904074,40.342418457794565],[-88.711804053004,40.331829480229814],[-88.7257023572341,40.29554426430954],[-88.77328211580773,40.30612134702951],[-88.7594199904074,40.342418457794565]]]}},{"type":"Feature","properties":{"rain":0.0,"period":"3day","row":38,"col":13,"distance_miles":45.86,"normal":null,"departure":null,"percent_normal":null},"geometry":{"type":"Polygon","coordinates":[[[-88.711804053004,40.331829480229814],[-88.66421122967932,40.32121125979327],[-88.67814565685308,40.2849379670271],[-88.7257023572341,40.29554426430954],[-88.711804053004,40.331829480229814]]]}},{"type":"Feature","properties":{"rain":0.0,"period":"3day","row":38,"col":14,"distance_miles":44.38,"normal":null,"departure":null,"percent_normal":null},"geometry":{"type":"Polygon","coordinates":[[[-88.66421122967932,40.32121125979327],[-88.61664156923561,40.310563826284756],[-88.6306120633862,40.27430248491371],[-88.67814565685308,40.2849379670271],[-88.66421122967932,40.32121125979327]]]}},{"type":"Feature","properties":{"rain":0.0,"period":"3day","row":38,"col":15,"distance_miles":43.01,"normal":null,"departure":null,"percent_normal":null},"geometry":{"type":"Polygon","coordinates":[[[-88.61664156923561,40.310563826284756],[-88.56909512029989,40.29988720956038],[-88.58310162538044,40.26363784775712],[-88.6306120633862,40.27430248491371],[-88.61664156923561,40.310563826284756]]]}},{"type":"Feature","properties":{"rain":0.0,"period":"3day","row":38,"col":16,"distance_miles":41.75,"normal":null,"departure":null,"percent_normal":null},"geometry":{"type":"Polygon","coordinates":[[[-88.56909512029989,40.29988720956038],[-88.5215719313239,40.28918143953245],[-88.53561439120813,40.2529440854012],[-88.58310162538044,40.26363784775712],[-88.56909512029989,40.29988720956038]]]}},{"type":"Feature","properties":{"rain":0.0,"period":"3day","row":38,"col":17,"distance_miles":40.63,"normal":null,"departure":null,"percent_normal":null},"geometry":{"type":"Polygon","coordinates":[[[-88.5215719313239,40.28918143953245],[-88.47407205058394,40.27844654616905],[-88.48815040906685,40.242221227745546],[-88.53561439120813,40.2529440854012],[-88.5215719313239,40.28918143953245]]]}},{"type":"Feature","properties":{"rain":0.0,"period":"3day","row":38,"col":18,"distance_miles":39.66,"normal":null,"departure":null,"percent_normal":null},"geometry":{"type":"Polygon","coordinates":[[[-88.47407205058394,40.27844654616905],[-88.4265955261808,40.26768255949392],[-88.44070972697929,40.23146930474532],[-88.48815040906685,40.242221227745546],[-88.47407205058394,40.27844654616905]]]}},{"type":"Feature","properties":{"rain":0.0,"period":"3day","row":38,"col":19,"distance_miles":38.83,"normal":null,"departure":null,"percent_normal":null},"geometry":{"type":"Polygon","coordinates":[[[-88.4265955261808,40.26768255949392],[-88.37914240603975,40.25688950958605],[-88.3932923927933,40.22068834641088],[-88.44070972697929,40.23146930474532],[-88.4265955261808,40.26768255949392]]]}},{"type":"Feature","properties":{"rain":0.0,"period":"3day","row":38,"col":20,"distance_miles":38.17,"normal":null,"departure":null,"percent_normal":null},"geometry":{"type":"Polygon","coordinates":[[[-88.37914240603975,40.25688950958605],[-88.33171273791028,40.246067426579536],[-88.34589845418165,40.20987838280759],[-88.3932923927933,40.22068834641088],[-88.37914240603975,40.25688950958605]]]}},{"type":"Feature","properties":{"rain":0.0,"period":"3day","row":38,"col":21,"distance_miles":37.68,"normal":null,"departure":null,"percent_normal":null},"geometry":{"type":"Polygon","coordinates":[[[-88.33171273791028,40.246067426579536],[-88.28430656936624,40.235216340663214],[-88.298527958642,40.199039444055515],[-88.34589845418165,40.20987838280759],[-88.33171273791028,40.246067426579536]]]}},{"type":"Feature","properties":{"rain":0.0,"period":"3day","row":38,"col":22,"distance_miles":37.36,"normal":null,"departure":null,"percent_normal":null},"geometry":{"type":"Polygon","coordinates":[[[-88.28430656936624,40.235216340663214],[-88.23692394780561,40.22433628208043],[-88.2511809534969,40.18817156032918],[-88.298527958642,40.199039444055515],[-88.28430656936624,40.235216340663214]]]}},{"type":"Feature","properties":{"rain":0.0,"period":"3day","row":38,"col":23,"distance_miles":37.23,"normal":null,"departure":null,"percent_normal":null},"geometry":{"type":"Polygon","coordinates":[[[-88.23692394780561,40.22433628208043],[-88.18956492045044,40.2134272811288],[-88.20385748589361,40.17727476185728],[-88.2511809534969,40.18817156032918],[-88.23692394780561,40.22433628208043]]]}},{"type":"Feature","properties":{"rain":0.0,"period":"3day","row":38,"col":24,"distance_miles":37.28,"normal":null,"departure":null,"percent_normal":null},"geometry":{"type":"Polygon","coordinates":[[[-88.18956492045044,40.2134272811288],[-88.1422295343468,40.20248936815988],[-88.15655760280409,40.166349078922366],[-88.20385748589361,40.17727476185728],[-88.18956492045044,40.2134272811288]]]}},{"type":"Feature","properties":{"rain":0.0,"period":"3day","row":38,"col":25,"distance_miles":37.52,"normal":null,"departure":null,"percent_normal":null},"geometry":{"type":"Polygon","coordinates":[[[-88.1422295343468,40.20248936815988],[-88.09491783636479,40.19152257357895],[-88.10928135102488,40.15539454186071],[-88.15655760280409,40.166349078922366],[-88.1422295343468,40.20248936815988]]]}},{"type":"Feature","properties":{"rain":0.0,"period":"3day","row":38,"col":26,"distance_miles":37.94,"normal":null,"departure":null,"percent_normal":null},"geometry":{"type":"Polygon","coordinates":[[[-88.09491783636479,40.19152257357895],[-88.04762987319829,40.18052692784472],[-88.06202877717708,40.14441118106193],[-88.10928135102488,40.15539454186071],[-88.09491783636479,40.19152257357895]]]}},{"type":"Feature","properties":{"rain":0.0,"period":"3day","row":38,"col":27,"distance_miles":38.53,"normal":null,"departure":null,"percent_normal":null},"geometry":{"type":"Polygon","coordinates":[[[-88.04762987319829,40.18052692784472],[-88.00036569136512,40.169502461469065],[-88.01479992770628,40.133399026968725],[-88.06202877717708,40.14441118106193],[-88.04762987319829,40.18052692784472]]]}},{"type":"Feature","properties":{"rain":0.0,"period":"3day","row":38,"col":28,"distance_miles":39.28,"normal":null,"departure":null,"percent_normal":null},"geometry":{"type":"Polygon","coordinates":[[[-88.00036569136512,40.169502461469065],[-87.95312533720673,40.158449205016765],[-87.96759484888244,40.122358110076654],[-88.01479992770628,40.133399026968725],[-88.00036569136512,40.169502461469065]]]}},{"type":"Feature","properties":{"rain":0.0,"period":"3day","row":38,"col":29,"distance_miles":40.2,"normal":null,"departure":null,"percent_normal":null},"geometry":{"type":"Polygon","coordinates":[[[-87.95312533720673,40.158449205016765],[-87.90590885688839,40.14736718910524],[-87.9204135867999,40.11128846093385],[-87.96759484888244,40.122358110076654],[-87.95312533720673,40.158449205016765]]]}},{"type":"Feature","properties":{"rain":0.0,"period":"3day","row":38,"col":30,"distance_miles":41.25,"normal":null,"departure":null,"percent_normal":null},"geometry":{"type":"Polygon","coordinates":[[[-87.90590885688839,40.14736718910524],[-87.85871629639892,40.136256444404225],[-87.87325618737732,40.10019011014073],[-87.9204135867999,40.11128846093385],[-87.90590885688839,40.14736718910524]]]}},{"type":"Feature","properties":{"rain":0.161,"period":"3day","row":38,"col":31,"distance_miles":42.45,"normal":null,"departure":null,"percent_normal":null},"geometry":{"type":"Polygon","coordinates":[[[-87.85871629639892,40.136256444404225],[-87.81154770155084,40.12511700163563],[-87.82612269635756,40.089063088349754],[-87.87325618737732,40.10019011014073],[-87.85871629639892,40.136256444404225]]]}},{"type":"Feature","properties":{"rain":0.173,"period":"3day","row":38,"col":32,"distance_miles":43.77,"normal":null,"departure":null,"percent_normal":null},"geometry":{"type":"Polygon","coordinates":[[[-87.81154770155084,40.12511700163563],[-87.7644031179801,40.11394889157311],[-87.77901315930771,40.07790742626518],[-87.82612269635756,40.089063088349754],[-87.81154770155084,40.12511700163563]]]}},{"type":"Feature","properties":{"rain":0.122,"period":"3day","row":38,"col":33,"distance_miles":45.2,"normal":null,"departure":null,"percent_normal":null},"geometry":{"type":"Polygon","coordinates":[[[-87.7644031179801,40.11394889157311],[-87.71728259114622,40.102752145041926],[-87.73192762161901,40.0667231546427],[-87.77901315930771,40.07790742626518],[-87.7644031179801,40.11394889157311]]]}},{"type":"Feature","properties":{"rain":0.114,"period":"3day","row":38,"col":34,"distance_miles":46.73,"normal":null,"departure":null,"percent_normal":null},"geometry":{"type":"Polygon","coordinates":[[[-87.71728259114622,40.102752145041926],[-87.67018616633216,40.0915267929186],[-87.68486612850674,40.05551030428932],[-87.73192762161901,40.0667231546427],[-87.71728259114622,40.102752145041926]]]}},{"type":"Feature","properties":{"rain":0.055,"period":"3day","row":38,"col":35,"distance_miles":48.36,"normal":null,"departure":null,"percent_normal":null},"geometry":{"type":"Polygon","coordinates":[[[-87.67018616633216,40.0915267929186],[-87.62311388864427,40.08027286613069],[-87.63782872501032,40.04426890606296],[-87.68486612850674,40.05551030428932],[-87.67018616633216,40.0915267929186]]]}},{"type":"Feature","properties":{"rain":0.0,"period":"3day","row":39,"col":12,"distance_miles":49.51,"normal":null,"departure":null,"percent_normal":null},"geometry":{"type":"Polygon","coordinates":[[[-88.77328211580773,40.30612134702951],[-88.7257023572341,40.29554426430954],[-88.73957760324252,40.25926712226913],[-88.78712123188242,40.269832328289795],[-88.77328211580773,40.30612134702951]]]}},{"type":"Feature","properties":{"rain":0.0,"period":"3day","row":39,"col":13,"distance_miles":48.0,"normal":null,"departure":null,"percent_normal":null},"geometry":{"type":"Polygon","coordinates":[[[-88.7257023572341,40.29554426430954],[-88.67814565685308,40.2849379670271],[-88.69205697708358,40.24867272996564],[-88.73957760324252,40.25926712226913],[-88.7257023572341,40.29554426430954]]]}},{"type":"Feature","properties":{"rain":0.0,"period":"3day","row":39,"col":14,"distance_miles":46.59,"normal":null,"departure":null,"percent_normal":null},"geometry":{"type":"Polygon","coordinates":[[[-88.67814565685308,40.2849379670271],[-88.6306120633862,40.27430248491371],[-88.64455940204654,40.23804918104273],[-88.69205697708358,40.24867272996564],[-88.67814565685308,40.2849379670271]]]}},{"type":"Feature","properties":{"rain":0.0,"period":"3day","row":39,"col":15,"distance_miles":45.28,"normal":null,"departure":null,"percent_normal":null},"geometry":{"type":"Polygon","coordinates":[[[-88.6306120633862,40.27430248491371],[-88.58310162538044,40.26363784775712],[-88.5970849265984,40.227396505220014],[-88.64455940204654,40.23804918104273],[-88.6306120633862,40.27430248491371]]]}},{"type":"Feature","properties":{"rain":0.012,"period":"3day","row":39,"col":16,"distance_miles":44.1,"normal":null,"departure":null,"percent_normal":null},"geometry":{"type":"Polygon","coordinates":[[[-88.58310162538044,40.26363784775712],[-88.53561439120813,40.2529440854012],[-88.54963359903219,40.2167147322731],[-88.5970849265984,40.227396505220014],[-88.58310162538044,40.26363784775712]]]}},{"type":"Feature","properties":{"rain":0.0,"period":"3day","row":39,"col":17,"distance_miles":43.04,"normal":null,"departure":null,"percent_normal":null},"geometry":{"type":"Polygon","coordinates":[[[-88.53561439120813,40.2529440854012],[-88.48815040906685,40.242221227745546],[-88.50220546746684,40.20600389203328],[-88.54963359903219,40.2167147322731],[-88.53561439120813,40.2529440854012]]]}},{"type":"Feature","properties":{"rain":0.0,"period":"3day","row":39,"col":18,"distance_miles":42.11,"normal":null,"departure":null,"percent_normal":null},"geometry":{"type":"Polygon","coordinates":[[[-88.48815040906685,40.242221227745546],[-88.44070972697929,40.23146930474532],[-88.45480057984709,40.195264014387334],[-88.50220546746684,40.20600389203328],[-88.48815040906685,40.242221227745546]]]}},{"type":"Feature","properties":{"rain":0.0,"period":"3day","row":39,"col":19,"distance_miles":41.34,"normal":null,"departure":null,"percent_normal":null},"geometry":{"type":"Polygon","coordinates":[[[-88.44070972697929,40.23146930474532],[-88.3932923927933,40.22068834641088],[-88.40741898394336,40.1844951292772],[-88.45480057984709,40.195264014387334],[-88.44070972697929,40.23146930474532]]]}},{"type":"Feature","properties":{"rain":0.0,"period":"3day","row":39,"col":20,"distance_miles":40.72,"normal":null,"departure":null,"percent_normal":null},"geometry":{"type":"Polygon","coordinates":[[[-88.3932923927933,40.22068834641088],[-88.34589845418165,40.20987838280759],[-88.36006072735177,40.173697266699705],[-88.40741898394336,40.1844951292772],[-88.3932923927933,40.22068834641088]]]}},{"type":"Feature","properties":{"rain":0.0,"period":"3day","row":39,"col":21,"distance_miles":40.25,"normal":null,"departure":null,"percent_normal":null},"geometry":{"type":"Polygon","coordinates":[[[-88.34589845418165,40.20987838280759],[-88.298527958642,40.199039444055515],[-88.31272585749399,40.162870456706344],[-88.36006072735177,40.173697266699705],[-88.34589845418165,40.20987838280759]]]}},{"type":"Feature","properties":{"rain":0.0,"period":"3day","row":39,"col":22,"distance_miles":39.96,"normal":null,"departure":null,"percent_normal":null},"geometry":{"type":"Polygon","coordinates":[[[-88.298527958642,40.199039444055515],[-88.2511809534969,40.18817156032918],[-88.26541442161717,40.152014729402985],[-88.31272585749399,40.162870456706344],[-88.298527958642,40.199039444055515]]]}},{"type":"Feature","properties":{"rain":0.0,"period":"3day","row":39,"col":23,"distance_miles":39.84,"normal":null,"departure":null,"percent_normal":null},"geometry":{"type":"Polygon","coordinates":[[[-88.2511809534969,40.18817156032918],[-88.20385748589361,40.17727476185728],[-88.21812646679382,40.141130114949604],[-88.26541442161717,40.152014729402985],[-88.2511809534969,40.18817156032918]]]}},{"type":"Feature","properties":{"rain":0.0,"period":"3day","row":39,"col":24,"distance_miles":39.89,"normal":null,"departure":null,"percent_normal":null},"geometry":{"type":"Polygon","coordinates":[[[-88.20385748589361,40.17727476185728],[-88.15655760280409,40.166349078922366],[-88.17086203992183,40.13021664356002],[-88.21812646679382,40.141130114949604],[-88.20385748589361,40.17727476185728]]]}},{"type":"Feature","properties":{"rain":0.0,"period":"3day","row":39,"col":25,"distance_miles":40.11,"normal":null,"departure":null,"percent_normal":null},"geometry":{"type":"Polygon","coordinates":[[[-88.15655760280409,40.166349078922366],[-88.10928135102488,40.15539454186071],[-88.12362118772432,40.1192743455016],[-88.17086203992183,40.13021664356002],[-88.15655760280409,40.166349078922366]]]}},{"type":"Feature","properties":{"rain":0.0,"period":"3day","row":39,"col":26,"distance_miles":40.5,"normal":null,"departure":null,"percent_normal":null},"geometry":{"type":"Polygon","coordinates":[[[-88.10928135102488,40.15539454186071],[-88.06202877717708,40.14441118106193],[-88.07640395674963,40.10830325109509],[-88.12362118772432,40.1192743455016],[-88.10928135102488,40.15539454186071]]]}},{"type":"Feature","properties":{"rain":0.0,"period":"3day","row":39,"col":27,"distance_miles":41.05,"normal":null,"departure":null,"percent_normal":null},"geometry":{"type":"Polygon","coordinates":[[[-88.06202877717708,40.14441118106193],[-88.01479992770628,40.133399026968725],[-88.0292103933712,40.09730339071421],[-88.07640395674963,40.10830325109509],[-88.06202877717708,40.14441118106193]]]}},{"type":"Feature","properties":{"rain":0.0,"period":"3day","row":39,"col":28,"distance_miles":41.76,"normal":null,"departure":null,"percent_normal":null},"geometry":{"type":"Polygon","coordinates":[[[-88.01479992770628,40.133399026968725],[-87.96759484888244,40.122358110076654],[-87.98204054378755,40.08627479478551],[-88.0292103933712,40.09730339071421],[-88.01479992770628,40.133399026968725]]]}},{"type":"Feature","properties":{"rain":0.0,"period":"3day","row":39,"col":29,"distance_miles":42.62,"normal":null,"departure":null,"percent_normal":null},"geometry":{"type":"Polygon","coordinates":[[[-87.96759484888244,40.122358110076654],[-87.9204135867999,40.11128846093385],[-87.93489445402219,40.075217493788024],[-87.98204054378755,40.08627479478551],[-87.96759484888244,40.122358110076654]]]}},{"type":"Feature","properties":{"rain":0.004,"period":"3day","row":39,"col":30,"distance_miles":43.62,"normal":null,"departure":null,"percent_normal":null},"geometry":{"type":"Polygon","coordinates":[[[-87.9204135867999,40.11128846093385],[-87.87325618737732,40.10019011014073],[-87.88777216992358,40.06413151825302],[-87.93489445402219,40.075217493788024],[-87.9204135867999,40.11128846093385]]]}},{"type":"Feature","properties":{"rain":0.083,"period":"3day","row":39,"col":31,"distance_miles":44.75,"normal":null,"departure":null,"percent_normal":null},"geometry":{"type":"Polygon","coordinates":[[[-87.87325618737732,40.10019011014073],[-87.82612269635756,40.089063088349754],[-87.84067373716508,40.05301689876378],[-87.88777216992358,40.06413151825302],[-87.87325618737732,40.10019011014073]]]}},{"type":"Feature","properties":{"rain":0.098,"period":"3day","row":39,"col":32,"distance_miles":46.0,"normal":null,"departure":null,"percent_normal":null},"geometry":{"type":"Polygon","coordinates":[[[-87.82612269635756,40.089063088349754],[-87.77901315930771,40.07790742626518],[-87.79359920124489,40.04187366595525],[-87.84067373716508,40.05301689876378],[-87.82612269635756,40.089063088349754]]]}},{"type":"Feature","properties":{"rain":0.075,"period":"3day","row":39,"col":33,"distance_miles":47.36,"normal":null,"departure":null,"percent_normal":null},"geometry":{"type":"Polygon","coordinates":[[[-87.77901315930771,40.07790742626518],[-87.73192762161901,40.0667231546427],[-87.74654860748602,40.030701850513864],[-87.79359920124489,40.04187366595525],[-87.77901315930771,40.07790742626518]]]}},{"type":"Feature","properties":{"rain":0.016,"period":"3day","row":39,"col":34,"distance_miles":48.83,"normal":null,"departure":null,"percent_normal":null},"geometry":{"type":"Polygon","coordinates":[[[-87.73192762161901,40.0667231546427],[-87.68486612850674,40.05551030428932],[-87.69952200103617,40.019501483177216],[-87.74654860748602,40.030701850513864],[-87.73192762161901,40.0667231546427]]]}},{"type":"Feature","properties":{"rain":0.0,"period":"3day","row":40,"col":14,"distance_miles":48.84,"normal":null,"departure":null,"percent_normal":null},"geometry":{"type":"Polygon","coordinates":[[[-88.69205697708358,40.24867272996564],[-88.64455940204654,40.23804918104273],[-88.65848364108895,40.20180392597491],[-88.7059452461632,40.21241555987373],[-88.69205697708358,40.24867272996564]]]}},{"type":"Feature","properties":{"rain":0.0,"period":"3day","row":40,"col":15,"distance_miles":47.59,"normal":null,"departure":null,"percent_normal":null},"geometry":{"type":"Polygon","coordinates":[[[-88.64455940204654,40.23804918104273],[-88.5970849265984,40.227396505220014],[-88.61104507990541,40.191163193290365],[-88.65848364108895,40.20180392597491],[-88.64455940204654,40.23804918104273]]]}},{"type":"Feature","properties":{"rain":0.0,"period":"3day","row":40,"col":16,"distance_miles":46.47,"normal":null,"departure":null,"percent_normal":null},"geometry":{"type":"Polygon","coordinates":[[[-88.5970849265984,40.227396505220014],[-88.54963359903219,40.2167147322731],[-88.56362961082638,40.1804933915277],[-88.61104507990541,40.191163193290365],[-88.5970849265984,40.227396505220014]]]}},{"type":"Feature","properties":{"rain":0.0,"period":"3day","row":40,"col":17,"distance_miles":45.46,"normal":null,"departure":null,"percent_normal":null},"geometry":{"type":"Polygon","coordinates":[[[-88.54963359903219,40.2167147322731],[-88.50220546746684,40.20600389203328],[-88.51623728189222,40.169794550450085],[-88.56362961082638,40.1804933915277],[-88.54963359903219,40.2167147322731]]]}},{"type":"Feature","properties":{"rain":0.0,"period":"3day","row":40,"col":18,"distance_miles":44.59,"normal":null,"departure":null,"percent_normal":null},"geometry":{"type":"Polygon","coordinates":[[[-88.50220546746684,40.20600389203328],[-88.45480057984709,40.195264014387334],[-88.46886814096975,40.1590666998761],[-88.51623728189222,40.169794550450085],[-88.50220546746684,40.20600389203328]]]}},{"type":"Feature","properties":{"rain":0.0,"period":"3day","row":40,"col":19,"distance_miles":43.86,"normal":null,"departure":null,"percent_normal":null},"geometry":{"type":"Polygon","coordinates":[[[-88.45480057984709,40.195264014387334],[-88.40741898394336,40.1844951292772],[-88.42152223575219,40.14830986967942],[-88.46886814096975,40.1590666998761],[-88.45480057984709,40.195264014387334]]]}},{"type":"Feature","properties":{"rain":0.0,"period":"3day","row":40,"col":20,"distance_miles":43.27,"normal":null,"departure":null,"percent_normal":null},"geometry":{"type":"Polygon","coordinates":[[[-88.40741898394336,40.1844951292772],[-88.36006072735177,40.173697266699705],[-88.37419961375903,40.13752408978862],[-88.42152223575219,40.14830986967942],[-88.40741898394336,40.1844951292772]]]}},{"type":"Feature","properties":{"rain":0.0,"period":"3day","row":40,"col":21,"distance_miles":42.84,"normal":null,"departure":null,"percent_normal":null},"geometry":{"type":"Polygon","coordinates":[[[-88.36006072735177,40.173697266699705],[-88.31272585749399,40.162870456706344],[-88.32690032233596,40.12670939018674],[-88.37419961375903,40.13752408978862],[-88.36006072735177,40.173697266699705]]]}},{"type":"Feature","properties":{"rain":0.0,"period":"3day","row":40,"col":22,"distance_miles":42.56,"normal":null,"departure":null,"percent_normal":null},"geometry":{"type":"Polygon","coordinates":[[[-88.31272585749399,40.162870456706344],[-88.26541442161717,40.152014729402985],[-88.27962440865484,40.11586580091122],[-88.32690032233596,40.12670939018674],[-88.31272585749399,40.162870456706344]]]}},{"type":"Feature","properties":{"rain":0.0,"period":"3day","row":40,"col":23,"distance_miles":42.44,"normal":null,"departure":null,"percent_normal":null},"geometry":{"type":"Polygon","coordinates":[[[-88.26541442161717,40.152014729402985],[-88.21812646679382,40.141130114949604],[-88.23237191971353,40.10499335205352],[-88.27962440865484,40.11586580091122],[-88.26541442161717,40.152014729402985]]]}},{"type":"Feature","properties":{"rain":0.0,"period":"3day","row":40,"col":24,"distance_miles":42.49,"normal":null,"departure":null,"percent_normal":null},"geometry":{"type":"Polygon","coordinates":[[[-88.21812646679382,40.141130114949604],[-88.17086203992183,40.13021664356002],[-88.18514290233593,40.094092073758866],[-88.23237191971353,40.10499335205352],[-88.21812646679382,40.141130114949604]]]}},{"type":"Feature","properties":{"rain":0.0,"period":"3day","row":40,"col":25,"distance_miles":42.69,"normal":null,"departure":null,"percent_normal":null},"geometry":{"type":"Polygon","coordinates":[[[-88.17086203992183,40.13021664356002],[-88.12362118772432,40.1192743455016],[-88.13793740317179,40.08316199622601],[-88.18514290233593,40.094092073758866],[-88.17086203992183,40.13021664356002]]]}},{"type":"Feature","properties":{"rain":0.0,"period":"3day","row":40,"col":26,"distance_miles":43.06,"normal":null,"departure":null,"percent_normal":null},"geometry":{"type":"Polygon","coordinates":[[[-88.12362118772432,40.1192743455016],[-88.07640395674963,40.10830325109509],[-88.09075546869676,40.07220314970695],[-88.13793740317179,40.08316199622601],[-88.12362118772432,40.1192743455016]]]}},{"type":"Feature","properties":{"rain":0.0,"period":"3day","row":40,"col":27,"distance_miles":43.58,"normal":null,"departure":null,"percent_normal":null},"geometry":{"type":"Polygon","coordinates":[[[-88.07640395674963,40.10830325109509],[-88.0292103933712,40.09730339071421],[-88.04359714521219,40.06121556450666],[-88.09075546869676,40.07220314970695],[-88.07640395674963,40.10830325109509]]]}},{"type":"Feature","properties":{"rain":0.0,"period":"3day","row":40,"col":28,"distance_miles":44.25,"normal":null,"departure":null,"percent_normal":null},"geometry":{"type":"Polygon","coordinates":[[[-88.0292103933712,40.09730339071421],[-87.98204054378755,40.08627479478551],[-87.99646247884517,40.05019927098284],[-88.04359714521219,40.06121556450666],[-88.0292103933712,40.09730339071421]]]}},{"type":"Feature","properties":{"rain":0.004,"period":"3day","row":40,"col":29,"distance_miles":45.06,"normal":null,"departure":null,"percent_normal":null},"geometry":{"type":"Polygon","coordinates":[[[-87.98204054378755,40.08627479478551],[-87.93489445402219,40.075217493788024],[-87.94935151554853,40.03915429954565],[-87.99646247884517,40.05019927098284],[-87.98204054378755,40.08627479478551]]]}},{"type":"Feature","properties":{"rain":0.059,"period":"3day","row":40,"col":30,"distance_miles":46.0,"normal":null,"departure":null,"percent_normal":null},"geometry":{"type":"Polygon","coordinates":[[[-87.93489445402219,40.075217493788024],[-87.88777216992358,40.06413151825302],[-87.90226430110053,40.0280806806574],[-87.94935151554853,40.03915429954565],[-87.93489445402219,40.075217493788024]]]}},{"type":"Feature","properties":{"rain":0.122,"period":"3day","row":40,"col":31,"distance_miles":47.08,"normal":null,"departure":null,"percent_normal":null},"geometry":{"type":"Polygon","coordinates":[[[-87.88777216992358,40.06413151825302],[-87.84067373716508,40.05301689876378],[-87.85520088110509,40.01697844483234],[-87.90226430110053,40.0280806806574],[-87.88777216992358,40.06413151825302]]]}},{"type":"Feature","properties":{"rain":0.039,"period":"3day","row":40,"col":32,"distance_miles":48.27,"normal":null,"departure":null,"percent_normal":null},"geometry":{"type":"Polygon","coordinates":[[[-87.84067373716508,40.05301689876378],[-87.79359920124489,40.04187366595525],[-87.80816130099157,40.00584762263639],[-87.85520088110509,40.01697844483234],[-87.84067373716508,40.05301689876378]]]}},{"type":"Feature","properties":{"rain":0.0,"period":"3day","row":40,"col":33,"distance_miles":49.57,"normal":null,"departure":null,"percent_normal":null},"geometry":{"type":"Polygon","coordinates":[[[-87.79359920124489,40.04187366595525],[-87.74654860748602,40.030701850513864],[-87.76114560601476,39.99468824468685],[-87.80816130099157,40.00584762263639],[-87.79359920124489,40.04187366595525]]]}},{"type":"Feature","properties":{"rain":0.0,"period":"3day","row":41,"col":15,"distance_miles":49.93,"normal":null,"departure":null,"percent_normal":null},"geometry":{"type":"Polygon","coordinates":[[[-88.65848364108895,40.20180392597491],[-88.61104507990541,40.191163193290365],[-88.62498214107902,40.15493792327218],[-88.67238483621179,40.16556673097605],[-88.65848364108895,40.20180392597491]]]}},{"type":"Feature","properties":{"rain":0.0,"period":"3day","row":41,"col":16,"distance_miles":48.86,"normal":null,"departure":null,"percent_normal":null},"geometry":{"type":"Polygon","coordinates":[[[-88.61104507990541,40.191163193290365],[-88.56362961082638,40.1804933915277],[-88.57760248244676,40.144280074507144],[-88.62498214107902,40.15493792327218],[-88.61104507990541,40.191163193290365]]]}},{"type":"Feature","properties":{"rain":0.0,"period":"3day","row":41,"col":17,"distance_miles":47.9,"normal":null,"departure":null,"percent_normal":null},"geometry":{"type":"Polygon","coordinates":[[[-88.56362961082638,40.1804933915277],[-88.51623728189222,40.169794550450085],[-88.53024590827695,40.133593214376255],[-88.57760248244676,40.144280074507144],[-88.56362961082638,40.1804933915277]]]}},{"type":"Feature","properties":{"rain":0.0,"period":"3day","row":41,"col":18,"distance_miles":47.08,"normal":null,"departure":null,"percent_normal":null},"geometry":{"type":"Polygon","coordinates":[[[-88.51623728189222,40.169794550450085],[-88.46886814096975,40.1590666998761],[-88.48291246635858,40.12287737263007],[-88.53024590827695,40.133593214376255],[-88.51623728189222,40.169794550450085]]]}},{"type":"Feature","properties":{"rain":0.0,"period":"3day","row":41,"col":19,"distance_miles":46.38,"normal":null,"departure":null,"percent_normal":null},"geometry":{"type":"Polygon","coordinates":[[[-88.46886814096975,40.1590666998761],[-88.42152223575219,40.14830986967942],[-88.43560220430766,40.11213257907426],[-88.48291246635858,40.12287737263007],[-88.46886814096975,40.1590666998761]]]}},{"type":"Feature","properties":{"rain":0.0,"period":"3day","row":41,"col":20,"distance_miles":45.83,"normal":null,"departure":null,"percent_normal":null},"geometry":{"type":"Polygon","coordinates":[[[-88.42152223575219,40.14830986967942],[-88.37419961375903,40.13752408978862],[-88.38831516956719,40.1013588635692],[-88.43560220430766,40.11213257907426],[-88.42152223575219,40.14830986967942]]]}},{"type":"Feature","properties":{"rain":0.0,"period":"3day","row":41,"col":21,"distance_miles":45.42,"normal":null,"departure":null,"percent_normal":null},"geometry":{"type":"Polygon","coordinates":[[[-88.37419961375903,40.13752408978862],[-88.32690032233596,40.12670939018674],[-88.34105140940699,40.09055625602979],[-88.38831516956719,40.1013588635692],[-88.37419961375903,40.13752408978862]]]}},{"type":"Feature","properties":{"rain":0.0,"period":"3day","row":41,"col":22,"distance_miles":45.16,"normal":null,"departure":null,"percent_normal":null},"geometry":{"type":"Polygon","coordinates":[[[-88.32690032233596,40.12670939018674],[-88.27962440865484,40.11586580091122],[-88.29381097092367,40.07972478642521],[-88.34105140940699,40.09055625602979],[-88.32690032233596,40.12670939018674]]]}},{"type":"Feature","properties":{"rain":0.0,"period":"3day","row":41,"col":23,"distance_miles":45.05,"normal":null,"departure":null,"percent_normal":null},"geometry":{"type":"Polygon","coordinates":[[[-88.27962440865484,40.11586580091122],[-88.23237191971353,40.10499335205352],[-88.24659390104054,40.068864484778565],[-88.29381097092367,40.07972478642521],[-88.27962440865484,40.11586580091122]]]}},{"type":"Feature","properties":{"rain":0.0,"period":"3day","row":41,"col":24,"distance_miles":45.09,"normal":null,"departure":null,"percent_normal":null},"geometry":{"type":"Polygon","coordinates":[[[-88.23237191971353,40.10499335205352],[-88.18514290233593,40.094092073758866],[-88.19940024650754,40.057975381166735],[-88.24659390104054,40.068864484778565],[-88.23237191971353,40.10499335205352]]]}},{"type":"Feature","properties":{"rain":0.0,"period":"3day","row":41,"col":25,"distance_miles":45.28,"normal":null,"departure":null,"percent_normal":null},"geometry":{"type":"Polygon","coordinates":[[[-88.18514290233593,40.094092073758866],[-88.13793740317179,40.08316199622601],[-88.15223005390114,40.04705750572],[-88.19940024650754,40.057975381166735],[-88.18514290233593,40.094092073758866]]]}},{"type":"Feature","properties":{"rain":0.0,"period":"3day","row":41,"col":26,"distance_miles":45.63,"normal":null,"departure":null,"percent_normal":null},"geometry":{"type":"Polygon","coordinates":[[[-88.13793740317179,40.08316199622601],[-88.09075546869676,40.07220314970695],[-88.10508336962435,40.03611088862184],[-88.15223005390114,40.04705750572],[-88.13793740317179,40.08316199622601]]]}},{"type":"Feature","properties":{"rain":0.0,"period":"3day","row":41,"col":27,"distance_miles":46.12,"normal":null,"departure":null,"percent_normal":null},"geometry":{"type":"Polygon","coordinates":[[[-88.09075546869676,40.07220314970695],[-88.04359714521219,40.06121556450666],[-88.05796023990654,40.02513556010865],[-88.10508336962435,40.03611088862184],[-88.09075546869676,40.07220314970695]]]}},{"type":"Feature","properties":{"rain":0.0,"period":"3day","row":41,"col":28,"distance_miles":46.75,"normal":null,"departure":null,"percent_normal":null},"geometry":{"type":"Polygon","coordinates":[[[-88.04359714521219,40.06121556450666],[-87.99646247884517,40.05019927098284],[-88.01086071080344,40.01413155046951],[-88.05796023990654,40.02513556010865],[-88.04359714521219,40.06121556450666]]]}},{"type":"Feature","properties":{"rain":0.016,"period":"3day","row":41,"col":29,"distance_miles":47.51,"normal":null,"departure":null,"percent_normal":null},"geometry":{"type":"Polygon","coordinates":[[[-87.99646247884517,40.05019927098284],[-87.94935151554853,40.03915429954565],[-87.96378482819712,40.003098890045855],[-88.01086071080344,40.01413155046951],[-87.99646247884517,40.05019927098284]]]}},{"type":"Feature","properties":{"rain":0.075,"period":"3day","row":41,"col":30,"distance_miles":48.41,"normal":null,"departure":null,"percent_normal":null},"geometry":{"type":"Polygon","coordinates":[[[-87.94935151554853,40.03915429954565],[-87.90226430110053,40.0280806806574],[-87.91673263779585,39.99203760923127],[-87.96378482819712,40.003098890045855],[-87.94935151554853,40.03915429954565]]]}},{"type":"Feature","properties":{"rain":0.051,"period":"3day","row":41,"col":31,"distance_miles":49.43,"normal":null,"departure":null,"percent_normal":null},"geometry":{"type":"Polygon","coordinates":[[[-87.90226430110053,40.0280806806574],[-87.85520088110509,40.01697844483234],[-87.86970418513407,39.98094773847117],[-87.91673263779585,39.99203760923127],[-87.90226430110053,40.0280806806574]]]}},{"type":"Feature","properties":{"rain":0.0,"period":"3day","row":42,"col":18,"distance_miles":49.58,"normal":null,"departure":null,"percent_normal":null},"geometry":{"type":"Polygon","coordinates":[[[-88.53024590827695,40.133593214376255],[-88.48291246635858,40.12287737263007],[-88.49693361185109,40.086696044030305],[-88.54423140238143,40.09739989515473],[-88.53024590827695,40.133593214376255]]]}},{"type":"Feature","properties":{"rain":0.0,"period":"3day","row":42,"col":19,"distance_miles":48.92,"normal":null,"departure":null,"percent_normal":null},"geometry":{"type":"Polygon","coordinates":[[[-88.48291246635858,40.12287737263007],[-88.43560220430766,40.11213257907426],[-88.44965894552384,40.075963268880784],[-88.49693361185109,40.086696044030305],[-88.48291246635858,40.12287737263007]]]}},{"type":"Feature","properties":{"rain":0.0,"period":"3day","row":42,"col":20,"distance_miles":48.39,"normal":null,"departure":null,"percent_normal":null},"geometry":{"type":"Polygon","coordinates":[[[-88.43560220430766,40.11213257907426],[-88.38831516956719,40.1013588635692],[-88.4024074507662,40.06520159949865],[-88.44965894552384,40.075963268880784],[-88.43560220430766,40.11213257907426]]]}},{"type":"Feature","properties":{"rain":0.0,"period":"3day","row":42,"col":21,"distance_miles":48.0,"normal":null,"departure":null,"percent_normal":null},"geometry":{"type":"Polygon","coordinates":[[[-88.38831516956719,40.1013588635692],[-88.34105140940699,40.09055625602979],[-88.35517917477225,40.05441106573082],[-88.4024074507662,40.06520159949865],[-88.38831516956719,40.1013588635692]]]}},{"type":"Feature","properties":{"rain":0.0,"period":"3day","row":42,"col":22,"distance_miles":47.76,"normal":null,"departure":null,"percent_normal":null},"geometry":{"type":"Polygon","coordinates":[[[-88.34105140940699,40.09055625602979],[-88.29381097092367,40.07972478642521],[-88.30797416456342,40.043591697478384],[-88.35517917477225,40.05441106573082],[-88.34105140940699,40.09055625602979]]]}},{"type":"Feature","properties":{"rain":0.0,"period":"3day","row":42,"col":23,"distance_miles":47.65,"normal":null,"departure":null,"percent_normal":null},"geometry":{"type":"Polygon","coordinates":[[[-88.29381097092367,40.07972478642521],[-88.24659390104054,40.068864484778565],[-88.2607924669885,40.032743524696336],[-88.30797416456342,40.043591697478384],[-88.29381097092367,40.07972478642521]]]}},{"type":"Feature","properties":{"rain":0.0,"period":"3day","row":42,"col":24,"distance_miles":47.69,"normal":null,"departure":null,"percent_normal":null},"geometry":{"type":"Polygon","coordinates":[[[-88.24659390104054,40.068864484778565],[-88.19940024650754,40.057975381166735],[-88.21363412872361,40.02186657739335],[-88.2607924669885,40.032743524696336],[-88.24659390104054,40.068864484778565]]]}},{"type":"Feature","properties":{"rain":0.0,"period":"3day","row":42,"col":25,"distance_miles":47.87,"normal":null,"departure":null,"percent_normal":null},"geometry":{"type":"Polygon","coordinates":[[[-88.19940024650754,40.057975381166735],[-88.15223005390114,40.04705750572],[-88.16649919627197,40.01096088563142],[-88.21363412872361,40.02186657739335],[-88.19940024650754,40.057975381166735]]]}},{"type":"Feature","properties":{"rain":0.0,"period":"3day","row":42,"col":26,"distance_miles":48.2,"normal":null,"departure":null,"percent_normal":null},"geometry":{"type":"Polygon","coordinates":[[[-88.15223005390114,40.04705750572],[-88.10508336962435,40.03611088862184],[-88.11938771596402,40.000026479525765],[-88.16649919627197,40.01096088563142],[-88.15223005390114,40.04705750572]]]}},{"type":"Feature","properties":{"rain":0.0,"period":"3day","row":42,"col":27,"distance_miles":48.66,"normal":null,"departure":null,"percent_normal":null},"geometry":{"type":"Polygon","coordinates":[[[-88.10508336962435,40.03611088862184],[-88.05796023990654,40.02513556010865],[-88.0722997339572,39.98906338924437],[-88.11938771596402,40.000026479525765],[-88.10508336962435,40.03611088862184]]]}},{"type":"Feature","properties":{"rain":0.004,"period":"3day","row":42,"col":28,"distance_miles":49.26,"normal":null,"departure":null,"percent_normal":null},"geometry":{"type":"Polygon","coordinates":[[[-88.05796023990654,40.02513556010865],[-88.01086071080344,40.01413155046951],[-88.02523529623596,39.97807164500785],[-88.0722997339572,39.98906338924437],[-88.05796023990654,40.02513556010865]]]}},{"type":"Feature","properties":{"rain":0.031,"period":"3day","row":42,"col":29,"distance_miles":49.99,"normal":null,"departure":null,"percent_normal":null},"geometry":{"type":"Polygon","coordinates":[[[-88.01086071080344,40.01413155046951],[-87.96378482819712,40.003098890045855],[-87.97819444861169,39.96705127708917],[-88.02523529623596,39.97807164500785],[-88.01086071080344,40.01413155046951]]]}}]}