{"type":"FeatureCollection","metadata":{"period":"7day","source_date":"2026-08-14","source_file":"nws_precip_last7days_20260814_conus.tif","source_crs":"PROJCS[\"NOAA_HRAP_Grid\",GEOGCS[\"GCS_NOAA_HRAP\",DATUM[\"D_NOAA_HRAP\",SPHEROID[\"Sphere\",6371200,0]],PRIMEM[\"Greenwich\",0],UNIT[\"degree\",0.0174532925199433,AUTHORITY[\"EPSG\",\"9122\"]]],PROJECTION[\"Polar_Stereographic\"],PARAMETER[\"latitude_of_origin\",60],PARAMETER[\"central_meridian\",-105],PARAMETER[\"false_easting\",0],PARAMETER[\"false_northing\",0],UNIT[\"metre\",1],AXIS[\"Easting\",SOUTH],AXIS[\"Northing\",SOUTH]]","units":"Inches","center":{"lon":-88.0062,"lat":40.715},"radius_miles":25,"cell_count":287,"source_band_count":4,"context_available":true,"bands":{"1":{"name":"observation","long_name":"Observation","units":"Inches"},"2":{"name":"normal","long_name":"PRISM normals","units":"Inches"},"3":{"name":"departure_from_normal","long_name":"Departure from normal","units":"Inches"},"4":{"name":"percent_of_normal","long_name":"Percent of normal","units":"Percent"}}},"features":[{"type":"Feature","properties":{"rain":2.126,"period":"7day","row":3,"col":9,"distance_miles":24.39,"normal":0.839,"departure":1.287,"percent_normal":253.5},"geometry":{"type":"Polygon","coordinates":[[[-88.04710345934814,41.091682360203365],[-87.99883872692608,41.080576369044536],[-88.01357959525274,41.04420826067654],[-88.06180748455046,41.05530169893153],[-88.04710345934814,41.091682360203365]]]}},{"type":"Feature","properties":{"rain":2.028,"period":"7day","row":3,"col":10,"distance_miles":23.62,"normal":0.836,"departure":1.191,"percent_normal":242.5},"geometry":{"type":"Polygon","coordinates":[[[-87.99883872692608,41.080576369044536],[-87.95059884379012,41.069440728691305],[-87.96537649451184,41.03308520163728],[-88.01357959525274,41.04420826067654],[-87.99883872692608,41.080576369044536]]]}},{"type":"Feature","properties":{"rain":2.173,"period":"7day","row":3,"col":11,"distance_miles":23.13,"normal":0.835,"departure":1.339,"percent_normal":260.4},"geometry":{"type":"Polygon","coordinates":[[[-87.95059884379012,41.069440728691305],[-87.90238385909338,41.058275471026114],[-87.91719823140392,41.021932553622655],[-87.96537649451184,41.03308520163728],[-87.95059884379012,41.069440728691305]]]}},{"type":"Feature","properties":{"rain":2.346,"period":"7day","row":3,"col":12,"distance_miles":22.93,"normal":0.834,"departure":1.513,"percent_normal":281.5},"geometry":{"type":"Polygon","coordinates":[[[-87.90238385909338,41.058275471026114],[-87.85419382179721,41.04708062798714],[-87.86904485481396,41.01075034849723],[-87.91719823140392,41.021932553622655],[-87.90238385909338,41.058275471026114]]]}},{"type":"Feature","properties":{"rain":2.339,"period":"7day","row":3,"col":13,"distance_miles":23.04,"normal":0.835,"departure":1.504,"percent_normal":280.1},"geometry":{"type":"Polygon","coordinates":[[[-87.85419382179721,41.04708062798714],[-87.80602878067116,41.035856231567976],[-87.82091641343591,40.999538618180964],[-87.86904485481396,41.01075034849723],[-87.85419382179721,41.04708062798714]]]}},{"type":"Feature","properties":{"rain":2.142,"period":"7day","row":3,"col":14,"distance_miles":23.44,"normal":0.833,"departure":1.309,"percent_normal":257.2},"geometry":{"type":"Polygon","coordinates":[[[-87.80602878067116,41.035856231567976],[-87.75788878429283,41.02460231381742],[-87.7728129557725,40.98829739464887],[-87.82091641343591,40.999538618180964],[-87.80602878067116,41.035856231567976]]]}},{"type":"Feature","properties":{"rain":2.055,"period":"7day","row":3,"col":15,"distance_miles":24.12,"normal":0.837,"departure":1.218,"percent_normal":245.6},"geometry":{"type":"Polygon","coordinates":[[[-87.75788878429283,41.02460231381742],[-87.70977388104792,41.01331890683905],[-87.72473453013528,40.97702670993076],[-87.7728129557725,40.98829739464887],[-87.75788878429283,41.02460231381742]]]}},{"type":"Feature","properties":{"rain":3.457,"period":"7day","row":4,"col":7,"distance_miles":24.42,"normal":0.833,"departure":2.624,"percent_normal":415.0},"geometry":{"type":"Polygon","coordinates":[[[-88.15833743155719,41.07739958613314],[-88.11006011313795,41.066365484649296],[-88.12470254470092,41.02997998922084],[-88.1729429484203,41.04100161407253],[-88.15833743155719,41.07739958613314]]]}},{"type":"Feature","properties":{"rain":2.913,"period":"7day","row":4,"col":8,"distance_miles":23.06,"normal":0.834,"departure":2.079,"percent_normal":349.2},"geometry":{"type":"Polygon","coordinates":[[[-88.11006011313795,41.066365484649296],[-88.06180748455046,41.05530169893153],[-88.0764867704312,41.01892870866352],[-88.12470254470092,41.02997998922084],[-88.11006011313795,41.066365484649296]]]}},{"type":"Feature","properties":{"rain":3.071,"period":"7day","row":4,"col":9,"distance_miles":21.94,"normal":0.835,"departure":2.236,"percent_normal":367.7},"geometry":{"type":"Polygon","coordinates":[[[-88.06180748455046,41.05530169893153],[-88.01357959525274,41.04420826067654],[-88.02829567499069,41.00784780402409],[-88.0764867704312,41.01892870866352],[-88.06180748455046,41.05530169893153]]]}},{"type":"Feature","properties":{"rain":3.193,"period":"7day","row":4,"col":10,"distance_miles":21.08,"normal":0.832,"departure":2.361,"percent_normal":383.8},"geometry":{"type":"Polygon","coordinates":[[[-88.01357959525274,41.04420826067654],[-87.96537649451184,41.03308520163728],[-87.9801293075688,40.996737306982226],[-88.02829567499069,41.00784780402409],[-88.01357959525274,41.04420826067654]]]}},{"type":"Feature","properties":{"rain":3.055,"period":"7day","row":4,"col":11,"distance_miles":20.53,"normal":0.832,"departure":2.223,"percent_normal":367.2},"geometry":{"type":"Polygon","coordinates":[[[-87.96537649451184,41.03308520163728],[-87.91719823140392,41.021932553622655],[-87.93198771716462,40.98559724927349],[-87.9801293075688,40.996737306982226],[-87.96537649451184,41.03308520163728]]]}},{"type":"Feature","properties":{"rain":3.169,"period":"7day","row":4,"col":12,"distance_miles":20.31,"normal":0.83,"departure":2.339,"percent_normal":381.8},"geometry":{"type":"Polygon","coordinates":[[[-87.91719823140392,41.021932553622655],[-87.86904485481396,41.01075034849723],[-87.88387095258693,40.97442766268907],[-87.93198771716462,40.98559724927349],[-87.91719823140392,41.021932553622655]]]}},{"type":"Feature","properties":{"rain":3.079,"period":"7day","row":4,"col":13,"distance_miles":20.43,"normal":0.83,"departure":2.249,"percent_normal":370.9},"geometry":{"type":"Polygon","coordinates":[[[-87.86904485481396,41.01075034849723],[-87.82091641343591,40.999538618180964],[-87.83577906245412,40.96322857907544],[-87.88387095258693,40.97442766268907],[-87.86904485481396,41.01075034849723]]]}},{"type":"Feature","properties":{"rain":3.012,"period":"7day","row":4,"col":14,"distance_miles":20.87,"normal":0.827,"departure":2.185,"percent_normal":364.0},"geometry":{"type":"Polygon","coordinates":[[[-87.82091641343591,40.999538618180964],[-87.7728129557725,40.98829739464887],[-87.78771209519411,40.95200003033412],[-87.83577906245412,40.96322857907544],[-87.82091641343591,40.999538618180964]]]}},{"type":"Feature","properties":{"rain":2.807,"period":"7day","row":4,"col":15,"distance_miles":21.63,"normal":0.832,"departure":1.975,"percent_normal":337.5},"geometry":{"type":"Polygon","coordinates":[[[-87.7728129557725,40.98829739464887],[-87.72473453013528,40.97702670993076],[-87.7396700990443,40.94074204842135],[-87.78771209519411,40.95200003033412],[-87.7728129557725,40.98829739464887]]]}},{"type":"Feature","properties":{"rain":2.906,"period":"7day","row":4,"col":16,"distance_miles":22.68,"normal":0.836,"departure":2.069,"percent_normal":347.4},"geometry":{"type":"Polygon","coordinates":[[[-87.72473453013528,40.97702670993076],[-87.67668118464448,40.96572659611096],[-87.69165312205159,40.9294546653478],[-87.7396700990443,40.94074204842135],[-87.72473453013528,40.97702670993076]]]}},{"type":"Feature","properties":{"rain":2.819,"period":"7day","row":4,"col":17,"distance_miles":23.96,"normal":0.84,"departure":1.979,"percent_normal":335.5},"geometry":{"type":"Polygon","coordinates":[[[-87.67668118464448,40.96572659611096],[-87.62865296722906,40.95439708532803],[-87.64366121207219,40.91813791317831],[-87.69165312205159,40.9294546653478],[-87.67668118464448,40.96572659611096]]]}},{"type":"Feature","properties":{"rain":4.957,"period":"7day","row":5,"col":6,"distance_miles":23.98,"normal":0.827,"departure":4.13,"percent_normal":599.6},"geometry":{"type":"Polygon","coordinates":[[[-88.22120793201961,41.05199355165154],[-88.1729429484203,41.04100161407253],[-88.18752388537183,41.004611363817936],[-88.23575194372813,41.01559087252752],[-88.22120793201961,41.05199355165154]]]}},{"type":"Feature","properties":{"rain":4.539,"period":"7day","row":5,"col":7,"distance_miles":22.29,"normal":0.827,"departure":3.712,"percent_normal":548.6},"geometry":{"type":"Polygon","coordinates":[[[-88.1729429484203,41.04100161407253],[-88.12470254470092,41.02997998922084],[-88.13932034678258,40.99360219640817],[-88.18752388537183,41.004611363817936],[-88.1729429484203,41.04100161407253]]]}},{"type":"Feature","properties":{"rain":3.984,"period":"7day","row":5,"col":8,"distance_miles":20.79,"normal":0.83,"departure":3.154,"percent_normal":480.1},"geometry":{"type":"Polygon","coordinates":[[[-88.12470254470092,41.02997998922084],[-88.0764867704312,41.01892870866352],[-88.091141377451,40.982563401792376],[-88.13932034678258,40.99360219640817],[-88.12470254470092,41.02997998922084]]]}},{"type":"Feature","properties":{"rain":4.067,"period":"7day","row":5,"col":9,"distance_miles":19.54,"normal":0.831,"departure":3.236,"percent_normal":489.2},"geometry":{"type":"Polygon","coordinates":[[[-88.0764867704312,41.01892870866352],[-88.02829567499069,41.00784780402409],[-88.04298702667832,40.97149501152103],[-88.091141377451,40.982563401792376],[-88.0764867704312,41.01892870866352]]]}},{"type":"Feature","properties":{"rain":4.181,"period":"7day","row":5,"col":10,"distance_miles":18.57,"normal":0.832,"departure":3.349,"percent_normal":502.6},"geometry":{"type":"Polygon","coordinates":[[[-88.02829567499069,41.00784780402409],[-87.9801293075688,40.996737306982226],[-87.99485734357629,40.96039705720079],[-88.04298702667832,40.97149501152103],[-88.02829567499069,41.00784780402409]]]}},{"type":"Feature","properties":{"rain":4.047,"period":"7day","row":5,"col":11,"distance_miles":17.94,"normal":0.828,"departure":3.219,"percent_normal":488.8},"geometry":{"type":"Polygon","coordinates":[[[-87.9801293075688,40.996737306982226],[-87.93198771716462,40.98559724927349],[-87.94675237706709,40.949269570494096],[-87.99485734357629,40.96039705720079],[-87.9801293075688,40.996737306982226]]]}},{"type":"Feature","properties":{"rain":3.85,"period":"7day","row":5,"col":12,"distance_miles":17.69,"normal":0.826,"departure":3.024,"percent_normal":465.9},"geometry":{"type":"Polygon","coordinates":[[[-87.93198771716462,40.98559724927349],[-87.88387095258693,40.97442766268907],[-87.8986721758833,40.938112583118965],[-87.94675237706709,40.949269570494096],[-87.93198771716462,40.98559724927349]]]}},{"type":"Feature","properties":{"rain":3.63,"period":"7day","row":5,"col":13,"distance_miles":17.82,"normal":0.824,"departure":2.805,"percent_normal":440.3},"geometry":{"type":"Polygon","coordinates":[[[-87.88387095258693,40.97442766268907],[-87.83577906245412,40.96322857907544],[-87.85061678856779,40.92692612684859],[-87.8986721758833,40.938112583118965],[-87.88387095258693,40.97442766268907]]]}},{"type":"Feature","properties":{"rain":3.394,"period":"7day","row":5,"col":14,"distance_miles":18.33,"normal":0.825,"departure":2.569,"percent_normal":411.5},"geometry":{"type":"Polygon","coordinates":[[[-87.83577906245412,40.96322857907544],[-87.78771209519411,40.95200003033412],[-87.80258626347374,40.915710233511206],[-87.85061678856779,40.92692612684859],[-87.83577906245412,40.96322857907544]]]}},{"type":"Feature","properties":{"rain":3.346,"period":"7day","row":5,"col":15,"distance_miles":19.19,"normal":0.82,"departure":2.526,"percent_normal":407.9},"geometry":{"type":"Polygon","coordinates":[[[-87.78771209519411,40.95200003033412],[-87.7396700990443,40.94074204842135],[-87.7545806487645,40.904464934989676],[-87.80258626347374,40.915710233511206],[-87.78771209519411,40.95200003033412]]]}},{"type":"Feature","properties":{"rain":3.472,"period":"7day","row":5,"col":16,"distance_miles":20.36,"normal":0.826,"departure":2.646,"percent_normal":420.4},"geometry":{"type":"Polygon","coordinates":[[[-87.7396700990443,40.94074204842135],[-87.69165312205159,40.9294546653478],[-87.70659999241359,40.89319026322124],[-87.7545806487645,40.904464934989676],[-87.7396700990443,40.94074204842135]]]}},{"type":"Feature","properties":{"rain":3.315,"period":"7day","row":5,"col":17,"distance_miles":21.78,"normal":0.83,"departure":2.485,"percent_normal":399.4},"geometry":{"type":"Polygon","coordinates":[[[-87.69165312205159,40.9294546653478],[-87.64366121207219,40.91813791317831],[-87.65864434220461,40.88188625019726],[-87.70659999241359,40.89319026322124],[-87.69165312205159,40.9294546653478]]]}},{"type":"Feature","properties":{"rain":3.228,"period":"7day","row":5,"col":18,"distance_miles":23.41,"normal":0.824,"departure":2.404,"percent_normal":391.8},"geometry":{"type":"Polygon","coordinates":[[[-87.64366121207219,40.91813791317831],[-87.59569441677175,40.90679182403161],[-87.61071374573129,40.8705529279629],[-87.65864434220461,40.88188625019726],[-87.64366121207219,40.91813791317831]]]}},{"type":"Feature","properties":{"rain":5.598,"period":"7day","row":6,"col":5,"distance_miles":24.11,"normal":0.821,"departure":4.777,"percent_normal":681.7},"geometry":{"type":"Polygon","coordinates":[[[-88.28400447217147,41.026540691099505],[-88.23575194372813,41.01559087252752],[-88.25027148531805,40.97919594660142],[-88.29848707835454,40.99013338404081],[-88.28400447217147,41.026540691099505]]]}},{"type":"Feature","properties":{"rain":5.343,"period":"7day","row":6,"col":6,"distance_miles":22.12,"normal":0.825,"departure":4.518,"percent_normal":647.8},"geometry":{"type":"Polygon","coordinates":[[[-88.23575194372813,41.01559087252752],[-88.18752388537183,41.004611363817936],[-88.20208030252476,40.96822884764067],[-88.25027148531805,40.97919594660142],[-88.23575194372813,41.01559087252752]]]}},{"type":"Feature","properties":{"rain":4.969,"period":"7day","row":6,"col":7,"distance_miles":20.27,"normal":0.827,"departure":4.141,"percent_normal":600.4},"geometry":{"type":"Polygon","coordinates":[[[-88.18752388537183,41.004611363817936],[-88.13932034678258,40.99360219640817],[-88.15391357957496,40.957232118523294],[-88.20208030252476,40.96822884764067],[-88.18752388537183,41.004611363817936]]]}},{"type":"Feature","properties":{"rain":4.929,"period":"7day","row":6,"col":8,"distance_miles":18.62,"normal":0.827,"departure":4.103,"percent_normal":596.4},"geometry":{"type":"Polygon","coordinates":[[[-88.13932034678258,40.99360219640817],[-88.091141377451,40.982563401792376],[-88.10577136588032,40.946205790670746],[-88.15391357957496,40.957232118523294],[-88.13932034678258,40.99360219640817]]]}},{"type":"Feature","properties":{"rain":5.063,"period":"7day","row":6,"col":9,"distance_miles":17.2,"normal":0.828,"departure":4.235,"percent_normal":611.7},"geometry":{"type":"Polygon","coordinates":[[[-88.091141377451,40.982563401792376],[-88.04298702667832,40.97149501152103],[-88.05765371066371,40.93514989556075],[-88.10577136588032,40.946205790670746],[-88.091141377451,40.982563401792376]]]}},{"type":"Feature","properties":{"rain":4.894,"period":"7day","row":6,"col":10,"distance_miles":16.1,"normal":0.828,"departure":4.066,"percent_normal":590.9},"geometry":{"type":"Polygon","coordinates":[[[-88.04298702667832,40.97149501152103],[-87.99485734357629,40.96039705720079],[-88.00956066295934,40.92406446472709],[-88.05765371066371,40.93514989556075],[-88.04298702667832,40.97149501152103]]]}},{"type":"Feature","properties":{"rain":4.496,"period":"7day","row":6,"col":11,"distance_miles":15.37,"normal":0.824,"departure":3.672,"percent_normal":545.4},"geometry":{"type":"Polygon","coordinates":[[[-87.99485734357629,40.96039705720079],[-87.94675237706709,40.949269570494096],[-87.96149227161256,40.91294952975931],[-88.00956066295934,40.92406446472709],[-87.99485734357629,40.96039705720079]]]}},{"type":"Feature","properties":{"rain":4.067,"period":"7day","row":6,"col":12,"distance_miles":15.07,"normal":0.823,"departure":3.244,"percent_normal":494.1},"geometry":{"type":"Polygon","coordinates":[[[-87.94675237706709,40.949269570494096],[-87.8986721758833,40.938112583118965],[-87.91344858527975,40.901805122302434],[-87.96149227161256,40.91294952975931],[-87.94675237706709,40.949269570494096]]]}},{"type":"Feature","properties":{"rain":3.827,"period":"7day","row":6,"col":13,"distance_miles":15.22,"normal":0.821,"departure":3.006,"percent_normal":466.0},"geometry":{"type":"Polygon","coordinates":[[[-87.8986721758833,40.938112583118965],[-87.85061678856779,40.92692612684859],[-87.8654296524284,40.890631274056666],[-87.91344858527975,40.901805122302434],[-87.8986721758833,40.938112583118965]]]}},{"type":"Feature","properties":{"rain":3.772,"period":"7day","row":6,"col":14,"distance_miles":15.81,"normal":0.82,"departure":2.952,"percent_normal":459.9},"geometry":{"type":"Polygon","coordinates":[[[-87.85061678856779,40.92692612684859],[-87.80258626347374,40.915710233511206],[-87.81743552133693,40.87942801677709],[-87.8654296524284,40.890631274056666],[-87.85061678856779,40.92692612684859]]]}},{"type":"Feature","properties":{"rain":3.776,"period":"7day","row":6,"col":15,"distance_miles":16.8,"normal":0.809,"departure":2.967,"percent_normal":466.8},"geometry":{"type":"Polygon","coordinates":[[[-87.80258626347374,40.915710233511206],[-87.7545806487645,40.904464934989676],[-87.76946624009472,40.868195382273434],[-87.81743552133693,40.87942801677709],[-87.80258626347374,40.915710233511206]]]}},{"type":"Feature","properties":{"rain":3.642,"period":"7day","row":6,"col":16,"distance_miles":18.12,"normal":0.809,"departure":2.833,"percent_normal":450.1},"geometry":{"type":"Polygon","coordinates":[[[-87.7545806487645,40.904464934989676],[-87.70659999241359,40.89319026322124],[-87.72152185660195,40.85693340240973],[-87.76946624009472,40.868195382273434],[-87.7545806487645,40.904464934989676]]]}},{"type":"Feature","properties":{"rain":3.461,"period":"7day","row":6,"col":17,"distance_miles":19.71,"normal":0.813,"departure":2.648,"percent_normal":425.7},"geometry":{"type":"Polygon","coordinates":[[[-87.70659999241359,40.89319026322124],[-87.65864434220461,40.88188625019726],[-87.67360241856971,40.845642109104055],[-87.72152185660195,40.85693340240973],[-87.70659999241359,40.89319026322124]]]}},{"type":"Feature","properties":{"rain":3.323,"period":"7day","row":6,"col":18,"distance_miles":21.49,"normal":0.824,"departure":2.499,"percent_normal":403.3},"geometry":{"type":"Polygon","coordinates":[[[-87.65864434220461,40.88188625019726],[-87.61071374573129,40.8705529279629],[-87.62570797351981,40.83432153432823],[-87.67360241856971,40.845642109104055],[-87.65864434220461,40.88188625019726]]]}},{"type":"Feature","properties":{"rain":3.35,"period":"7day","row":6,"col":19,"distance_miles":23.44,"normal":0.819,"departure":2.532,"percent_normal":409.3},"geometry":{"type":"Polygon","coordinates":[[[-87.61071374573129,40.8705529279629],[-87.56280825039732,40.85919032861684],[-87.57783856878477,40.82297171010754],[-87.62570797351981,40.83432153432823],[-87.61071374573129,40.8705529279629]]]}},{"type":"Feature","properties":{"rain":5.232,"period":"7day","row":7,"col":4,"distance_miles":24.81,"normal":0.813,"departure":4.419,"percent_normal":643.3},"geometry":{"type":"Polygon","coordinates":[[[-88.34672703184545,41.00104112865092],[-88.29848707835454,40.99013338404081],[-88.31294532405181,40.953733861421654],[-88.36114833234979,40.96462927260952],[-88.34672703184545,41.00104112865092]]]}},{"type":"Feature","properties":{"rain":4.972,"period":"7day","row":7,"col":5,"distance_miles":22.57,"normal":0.817,"departure":4.155,"percent_normal":608.6},"geometry":{"type":"Polygon","coordinates":[[[-88.29848707835454,40.99013338404081],[-88.25027148531805,40.97919594660142],[-88.26476661663332,40.94280878606394],[-88.31294532405181,40.953733861421654],[-88.29848707835454,40.99013338404081]]]}},{"type":"Feature","properties":{"rain":5.012,"period":"7day","row":7,"col":6,"distance_miles":20.43,"normal":0.82,"departure":4.191,"percent_normal":610.9},"geometry":{"type":"Polygon","coordinates":[[[-88.25027148531805,40.97919594660142],[-88.20208030252476,40.96822884764067],[-88.21661225980277,40.93185407777195],[-88.26476661663332,40.94280878606394],[-88.25027148531805,40.97919594660142]]]}},{"type":"Feature","properties":{"rain":5.004,"period":"7day","row":7,"col":7,"distance_miles":18.41,"normal":0.825,"departure":4.179,"percent_normal":606.6},"geometry":{"type":"Polygon","coordinates":[[[-88.20208030252476,40.96822884764067],[-88.15391357957496,40.957232118523294],[-88.1684823030808,40.92086976783802],[-88.21661225980277,40.93185407777195],[-88.20208030252476,40.96822884764067]]]}},{"type":"Feature","properties":{"rain":5.157,"period":"7day","row":7,"col":8,"distance_miles":16.57,"normal":0.825,"departure":4.333,"percent_normal":625.2},"geometry":{"type":"Polygon","coordinates":[[[-88.15391357957496,40.957232118523294],[-88.10577136588032,40.946205790670746],[-88.12037679580008,40.90985588761108],[-88.1684823030808,40.92086976783802],[-88.15391357957496,40.957232118523294]]]}},{"type":"Feature","properties":{"rain":5.244,"period":"7day","row":7,"col":9,"distance_miles":14.96,"normal":0.825,"departure":4.419,"percent_normal":635.5},"geometry":{"type":"Polygon","coordinates":[[[-88.10577136588032,40.946205790670746],[-88.05765371066371,40.93514989556075],[-88.07229578710539,40.898812468496246],[-88.12037679580008,40.90985588761108],[-88.10577136588032,40.946205790670746]]]}},{"type":"Feature","properties":{"rain":5.343,"period":"7day","row":7,"col":10,"distance_miles":13.68,"normal":0.825,"departure":4.517,"percent_normal":647.2},"geometry":{"type":"Polygon","coordinates":[[[-88.05765371066371,40.93514989556075],[-88.00956066295934,40.92406446472709],[-88.02423932595336,40.887739541954716],[-88.07229578710539,40.898812468496246],[-88.05765371066371,40.93514989556075]]]}},{"type":"Feature","properties":{"rain":5.134,"period":"7day","row":7,"col":11,"distance_miles":12.81,"normal":0.825,"departure":4.309,"percent_normal":622.3},"geometry":{"type":"Polygon","coordinates":[[[-88.00956066295934,40.92406446472709],[-87.96149227161256,40.91294952975931],[-87.97620746111254,40.87663713950332],[-88.02423932595336,40.887739541954716],[-88.00956066295934,40.92406446472709]]]}},{"type":"Feature","properties":{"rain":4.992,"period":"7day","row":7,"col":12,"distance_miles":12.45,"normal":0.82,"departure":4.172,"percent_normal":608.7},"geometry":{"type":"Polygon","coordinates":[[[-87.96149227161256,40.91294952975931],[-87.91344858527975,40.901805122302434],[-87.92820024116325,40.86550529271432],[-87.97620746111254,40.87663713950332],[-87.96149227161256,40.91294952975931]]]}},{"type":"Feature","properties":{"rain":4.701,"period":"7day","row":7,"col":13,"distance_miles":12.63,"normal":0.818,"departure":3.882,"percent_normal":574.4},"geometry":{"type":"Polygon","coordinates":[[[-87.91344858527975,40.901805122302434],[-87.8654296524284,40.890631274056666],[-87.8802177144976,40.854344033215085],[-87.92820024116325,40.86550529271432],[-87.91344858527975,40.901805122302434]]]}},{"type":"Feature","properties":{"rain":4.512,"period":"7day","row":7,"col":14,"distance_miles":13.34,"normal":0.812,"departure":3.7,"percent_normal":555.9},"geometry":{"type":"Polygon","coordinates":[[[-87.8654296524284,40.890631274056666],[-87.81743552133693,40.87942801677709],[-87.83225992931936,40.84315339268784],[-87.8802177144976,40.854344033215085],[-87.8654296524284,40.890631274056666]]]}},{"type":"Feature","properties":{"rain":4.472,"period":"7day","row":7,"col":15,"distance_miles":14.5,"normal":0.809,"departure":3.664,"percent_normal":553.0},"geometry":{"type":"Polygon","coordinates":[[[-87.81743552133693,40.87942801677709],[-87.76946624009472,40.868195382273434],[-87.78432693364392,40.83193340286932],[-87.83225992931936,40.84315339268784],[-87.81743552133693,40.87942801677709]]]}},{"type":"Feature","properties":{"rain":4.205,"period":"7day","row":7,"col":16,"distance_miles":16.01,"normal":0.798,"departure":3.407,"percent_normal":527.1},"geometry":{"type":"Polygon","coordinates":[[[-87.76946624009472,40.868195382273434],[-87.72152185660195,40.85693340240973],[-87.73641877529829,40.820684095550575],[-87.78432693364392,40.83193340286932],[-87.76946624009472,40.868195382273434]]]}},{"type":"Feature","properties":{"rain":4.15,"period":"7day","row":7,"col":17,"distance_miles":17.78,"normal":0.801,"departure":3.349,"percent_normal":518.2},"geometry":{"type":"Polygon","coordinates":[[[-87.72152185660195,40.85693340240973],[-87.67360241856971,40.845642109104055],[-87.68853550192094,40.8094055025766],[-87.73641877529829,40.820684095550575],[-87.72152185660195,40.85693340240973]]]}},{"type":"Feature","properties":{"rain":4.134,"period":"7day","row":7,"col":18,"distance_miles":19.74,"normal":0.808,"departure":3.326,"percent_normal":511.8},"geometry":{"type":"Polygon","coordinates":[[[-87.67360241856971,40.845642109104055],[-87.62570797351981,40.83432153432823],[-87.64067716096189,40.798097655846114],[-87.68853550192094,40.8094055025766],[-87.67360241856971,40.845642109104055]]]}},{"type":"Feature","properties":{"rain":4.083,"period":"7day","row":7,"col":19,"distance_miles":21.84,"normal":0.809,"departure":3.274,"percent_normal":504.8},"geometry":{"type":"Polygon","coordinates":[[[-87.62570797351981,40.83432153432823],[-87.57783856878477,40.82297171010754],[-87.59284379968253,40.78676058731119],[-87.64067716096189,40.798097655846114],[-87.62570797351981,40.83432153432823]]]}},{"type":"Feature","properties":{"rain":4.008,"period":"7day","row":7,"col":20,"distance_miles":24.05,"normal":0.812,"departure":3.196,"percent_normal":493.8},"geometry":{"type":"Polygon","coordinates":[[[-87.57783856878477,40.82297171010754],[-87.52999425150786,40.81159266852044],[-87.54503546515572,40.775394328977086],[-87.59284379968253,40.78676058731119],[-87.57783856878477,40.82297171010754]]]}},{"type":"Feature","properties":{"rain":4.626,"period":"7day","row":8,"col":4,"distance_miles":23.6,"normal":0.813,"departure":3.813,"percent_normal":568.7},"geometry":{"type":"Polygon","coordinates":[[[-88.36114833234979,40.96462927260952],[-88.31294532405181,40.953733861421654],[-88.32737926883831,40.91734213535252],[-88.37554538183959,40.92822523209931],[-88.36114833234979,40.96462927260952]]]}},{"type":"Feature","properties":{"rain":4.783,"period":"7day","row":8,"col":5,"distance_miles":21.24,"normal":0.818,"departure":3.965,"percent_normal":584.6},"geometry":{"type":"Polygon","coordinates":[[[-88.31294532405181,40.953733861421654],[-88.26476661663332,40.94280878606394],[-88.27923739732934,40.90642940306603],[-88.32737926883831,40.91734213535252],[-88.31294532405181,40.953733861421654]]]}},{"type":"Feature","properties":{"rain":5.165,"period":"7day","row":8,"col":6,"distance_miles":18.95,"normal":0.821,"departure":4.344,"percent_normal":628.9},"geometry":{"type":"Polygon","coordinates":[[[-88.26476661663332,40.94280878606394],[-88.21661225980277,40.93185407777195],[-88.23111981694089,40.89548706640324],[-88.27923739732934,40.90642940306603],[-88.26476661663332,40.94280878606394]]]}},{"type":"Feature","properties":{"rain":5.244,"period":"7day","row":8,"col":7,"distance_miles":16.76,"normal":0.823,"departure":4.421,"percent_normal":636.9},"geometry":{"type":"Polygon","coordinates":[[[-88.21661225980277,40.93185407777195],[-88.1684823030808,40.92086976783802],[-88.183026577114,40.88451515658424],[-88.23111981694089,40.89548706640324],[-88.21661225980277,40.93185407777195]]]}},{"type":"Feature","properties":{"rain":5.016,"period":"7day","row":8,"col":8,"distance_miles":14.71,"normal":0.825,"departure":4.191,"percent_normal":608.3},"geometry":{"type":"Polygon","coordinates":[[[-88.1684823030808,40.92086976783802],[-88.12037679580008,40.90985588761108],[-88.13495772710253,40.87351370488567],[-88.183026577114,40.88451515658424],[-88.1684823030808,40.92086976783802]]]}},{"type":"Feature","properties":{"rain":5.213,"period":"7day","row":8,"col":9,"distance_miles":12.87,"normal":0.826,"departure":4.387,"percent_normal":631.4},"geometry":{"type":"Polygon","coordinates":[[[-88.12037679580008,40.90985588761108],[-88.07229578710539,40.898812468496246],[-88.08691331597305,40.862482742640324],[-88.13495772710253,40.87351370488567],[-88.12037679580008,40.90985588761108]]]}},{"type":"Feature","properties":{"rain":5.469,"period":"7day","row":8,"col":10,"distance_miles":11.35,"normal":0.824,"departure":4.645,"percent_normal":663.9},"geometry":{"type":"Polygon","coordinates":[[[-88.07229578710539,40.898812468496246],[-88.02423932595336,40.887739541954716],[-88.0388933926048,40.85142230123696],[-88.08691331597305,40.862482742640324],[-88.07229578710539,40.898812468496246]]]}},{"type":"Feature","properties":{"rain":5.323,"period":"7day","row":8,"col":11,"distance_miles":10.28,"normal":0.822,"departure":4.501,"percent_normal":647.6},"geometry":{"type":"Polygon","coordinates":[[[-88.02423932595336,40.887739541954716],[-87.97620746111254,40.87663713950332],[-87.99089800568959,40.84033241211991],[-88.0388933926048,40.85142230123696],[-88.02423932595336,40.887739541954716]]]}},{"type":"Feature","properties":{"rain":5.114,"period":"7day","row":8,"col":12,"distance_miles":9.83,"normal":0.817,"departure":4.298,"percent_normal":626.3},"geometry":{"type":"Polygon","coordinates":[[[-87.97620746111254,40.87663713950332],[-87.92820024116325,40.86550529271432],[-87.94292720373173,40.82921310678889],[-87.99089800568959,40.84033241211991],[-87.97620746111254,40.87663713950332]]]}},{"type":"Feature","properties":{"rain":5.055,"period":"7day","row":8,"col":13,"distance_miles":10.06,"normal":0.814,"departure":4.241,"percent_normal":621.2},"geometry":{"type":"Polygon","coordinates":[[[-87.92820024116325,40.86550529271432],[-87.8802177144976,40.854344033215085],[-87.894981035048,40.81806441679864],[-87.94292720373173,40.82921310678889],[-87.92820024116325,40.86550529271432]]]}},{"type":"Feature","properties":{"rain":5.382,"period":"7day","row":8,"col":14,"distance_miles":10.94,"normal":0.809,"departure":4.573,"percent_normal":665.4},"geometry":{"type":"Polygon","coordinates":[[[-87.8802177144976,40.854344033215085],[-87.83225992931936,40.84315339268784],[-87.84705954776757,40.80688637375871],[-87.894981035048,40.81806441679864],[-87.8802177144976,40.854344033215085]]]}},{"type":"Feature","properties":{"rain":5.299,"period":"7day","row":8,"col":15,"distance_miles":12.32,"normal":0.802,"departure":4.497,"percent_normal":660.8},"geometry":{"type":"Polygon","coordinates":[[[-87.83225992931936,40.84315339268784],[-87.78432693364392,40.83193340286932],[-87.79916278983194,40.79567900933311],[-87.84705954776757,40.80688637375871],[-87.83225992931936,40.84315339268784]]]}},{"type":"Feature","properties":{"rain":5.138,"period":"7day","row":8,"col":16,"distance_miles":14.06,"normal":0.796,"departure":4.342,"percent_normal":645.7},"geometry":{"type":"Polygon","coordinates":[[[-87.78432693364392,40.83193340286932],[-87.73641877529829,40.820684095550575],[-87.7512908089949,40.78444235524007],[-87.79916278983194,40.79567900933311],[-87.78432693364392,40.83193340286932]]]}},{"type":"Feature","properties":{"rain":4.677,"period":"7day","row":8,"col":17,"distance_miles":16.05,"normal":0.796,"departure":3.881,"percent_normal":587.2},"geometry":{"type":"Polygon","coordinates":[[[-87.73641877529829,40.820684095550575],[-87.68853550192094,40.8094055025766],[-87.70344365282246,40.77317644325174],[-87.7512908089949,40.78444235524007],[-87.73641877529829,40.820684095550575]]]}},{"type":"Feature","properties":{"rain":4.366,"period":"7day","row":8,"col":18,"distance_miles":18.2,"normal":0.802,"departure":3.565,"percent_normal":544.7},"geometry":{"type":"Polygon","coordinates":[[[-87.68853550192094,40.8094055025766],[-87.64067716096189,40.798097655846114],[-87.65562136869282,40.761881305193896],[-87.70344365282246,40.77317644325174],[-87.68853550192094,40.8094055025766]]]}},{"type":"Feature","properties":{"rain":4.126,"period":"7day","row":8,"col":19,"distance_miles":20.46,"normal":0.809,"departure":3.317,"percent_normal":510.1},"geometry":{"type":"Polygon","coordinates":[[[-87.64067716096189,40.798097655846114],[-87.59284379968253,40.78676058731119],[-87.60782400379632,40.750556972945674],[-87.65562136869282,40.761881305193896],[-87.64067716096189,40.798097655846114]]]}},{"type":"Feature","properties":{"rain":4.236,"period":"7day","row":8,"col":20,"distance_miles":22.8,"normal":0.808,"departure":3.429,"percent_normal":524.5},"geometry":{"type":"Polygon","coordinates":[[[-87.59284379968253,40.78676058731119],[-87.54503546515572,40.775394328977086],[-87.56005160513543,40.73920347843925],[-87.60782400379632,40.750556972945674],[-87.59284379968253,40.78676058731119]]]}},{"type":"Feature","properties":{"rain":3.563,"period":"7day","row":9,"col":4,"distance_miles":22.64,"normal":0.81,"departure":2.753,"percent_normal":439.8},"geometry":{"type":"Polygon","coordinates":[[[-88.37554538183959,40.92822523209931],[-88.32737926883831,40.91734213535252],[-88.34178897210133,40.88095821790432],[-88.38991823962115,40.89182901915085],[-88.37554538183959,40.92822523209931]]]}},{"type":"Feature","properties":{"rain":3.815,"period":"7day","row":9,"col":5,"distance_miles":20.17,"normal":0.82,"departure":2.995,"percent_normal":465.1},"geometry":{"type":"Polygon","coordinates":[[[-88.32737926883831,40.91734213535252],[-88.27923739732934,40.90642940306603],[-88.29368388687368,40.870057809718915],[-88.34178897210133,40.88095821790432],[-88.32737926883831,40.91734213535252]]]}},{"type":"Feature","properties":{"rain":3.783,"period":"7day","row":9,"col":6,"distance_miles":17.74,"normal":0.824,"departure":2.959,"percent_normal":459.0},"geometry":{"type":"Polygon","coordinates":[[[-88.27923739732934,40.90642940306603],[-88.23111981694089,40.89548706640324],[-88.24560303348625,40.85912782568605],[-88.29368388687368,40.870057809718915],[-88.27923739732934,40.90642940306603]]]}},{"type":"Feature","properties":{"rain":3.898,"period":"7day","row":9,"col":7,"distance_miles":15.37,"normal":0.827,"departure":3.07,"percent_normal":471.1},"geometry":{"type":"Polygon","coordinates":[[[-88.23111981694089,40.89548706640324],[-88.183026577114,40.88451515658424],[-88.19754646130058,40.84816829695385],[-88.24560303348625,40.85912782568605],[-88.23111981694089,40.89548706640324]]]}},{"type":"Feature","properties":{"rain":4.11,"period":"7day","row":9,"col":8,"distance_miles":13.11,"normal":0.829,"departure":3.282,"percent_normal":496.1},"geometry":{"type":"Polygon","coordinates":[[[-88.183026577114,40.88451515658424],[-88.13495772710253,40.87351370488567],[-88.14951421949175,40.83717925472681],[-88.19754646130058,40.84816829695385],[-88.183026577114,40.88451515658424]]]}},{"type":"Feature","properties":{"rain":4.118,"period":"7day","row":9,"col":9,"distance_miles":11.0,"normal":0.835,"departure":3.284,"percent_normal":493.5},"geometry":{"type":"Polygon","coordinates":[[[-88.13495772710253,40.87351370488567],[-88.08691331597305,40.862482742640324],[-88.10150635704825,40.826160730265656],[-88.14951421949175,40.83717925472681],[-88.13495772710253,40.87351370488567]]]}},{"type":"Feature","properties":{"rain":4.437,"period":"7day","row":9,"col":10,"distance_miles":9.18,"normal":0.829,"departure":3.608,"percent_normal":535.2},"geometry":{"type":"Polygon","coordinates":[[[-88.08691331597305,40.862482742640324],[-88.0388933926048,40.85142230123696],[-88.05352292277196,40.81511275488686],[-88.10150635704825,40.826160730265656],[-88.08691331597305,40.862482742640324]]]}},{"type":"Feature","properties":{"rain":4.677,"period":"7day","row":9,"col":11,"distance_miles":7.82,"normal":0.824,"departure":3.853,"percent_normal":567.5},"geometry":{"type":"Polygon","coordinates":[[[-88.0388933926048,40.85142230123696],[-87.99089800568959,40.84033241211991],[-88.00556396527804,40.804035359962505],[-88.05352292277196,40.81511275488686],[-88.0388933926048,40.85142230123696]]]}},{"type":"Feature","properties":{"rain":4.752,"period":"7day","row":9,"col":12,"distance_miles":7.21,"normal":0.817,"departure":3.935,"percent_normal":581.9},"geometry":{"type":"Polygon","coordinates":[[[-87.99089800568959,40.84033241211991],[-87.94292720373173,40.82921310678889],[-87.95762953299482,40.792928576919934],[-88.00556396527804,40.804035359962505],[-87.99089800568959,40.84033241211991]]]}},{"type":"Feature","properties":{"rain":4.953,"period":"7day","row":9,"col":13,"distance_miles":7.52,"normal":0.81,"departure":4.142,"percent_normal":611.2},"geometry":{"type":"Polygon","coordinates":[[[-87.94292720373173,40.82921310678889],[-87.894981035048,40.81806441679864],[-87.90971967416382,40.78179243724151],[-87.95762953299482,40.792928576919934],[-87.94292720373173,40.82921310678889]]]}},{"type":"Feature","properties":{"rain":5.035,"period":"7day","row":9,"col":14,"distance_miles":8.66,"normal":0.805,"departure":4.23,"percent_normal":625.6},"geometry":{"type":"Polygon","coordinates":[[[-87.894981035048,40.81806441679864],[-87.84705954776757,40.80688637375871],[-87.86183443683969,40.77062697246431],[-87.90971967416382,40.78179243724151],[-87.894981035048,40.81806441679864]]]}},{"type":"Feature","properties":{"rain":4.972,"period":"7day","row":9,"col":15,"distance_miles":10.35,"normal":0.798,"departure":4.174,"percent_normal":623.1},"geometry":{"type":"Polygon","coordinates":[[[-87.84705954776757,40.80688637375871],[-87.79916278983194,40.79567900933311],[-87.81397386889007,40.759432214179796],[-87.86183443683969,40.77062697246431],[-87.84705954776757,40.80688637375871]]]}},{"type":"Feature","properties":{"rain":4.724,"period":"7day","row":9,"col":16,"distance_miles":12.37,"normal":0.795,"departure":3.929,"percent_normal":594.0},"geometry":{"type":"Polygon","coordinates":[[[-87.79916278983194,40.79567900933311],[-87.7512908089949,40.78444235524007],[-87.7661380179956,40.7482081940336],[-87.81397386889007,40.759432214179796],[-87.79916278983194,40.79567900933311]]]}},{"type":"Feature","properties":{"rain":4.555,"period":"7day","row":9,"col":17,"distance_miles":14.59,"normal":0.798,"departure":3.757,"percent_normal":570.6},"geometry":{"type":"Polygon","coordinates":[[[-87.7512908089949,40.78444235524007],[-87.70344365282246,40.77317644325174],[-87.71832693164986,40.736954943725245],[-87.7661380179956,40.7482081940336],[-87.7512908089949,40.78444235524007]]]}},{"type":"Feature","properties":{"rain":4.366,"period":"7day","row":9,"col":18,"distance_miles":16.92,"normal":0.799,"departure":3.567,"percent_normal":546.5},"geometry":{"type":"Polygon","coordinates":[[[-87.70344365282246,40.77317644325174],[-87.65562136869282,40.761881305193896],[-87.6705406571593,40.72567249500777],[-87.71832693164986,40.736954943725245],[-87.70344365282246,40.77317644325174]]]}},{"type":"Feature","properties":{"rain":4.118,"period":"7day","row":9,"col":19,"distance_miles":19.33,"normal":0.806,"departure":3.312,"percent_normal":511.0},"geometry":{"type":"Polygon","coordinates":[[[-87.65562136869282,40.761881305193896],[-87.60782400379632,40.750556972945674],[-87.62277924164322,40.714360879687575],[-87.6705406571593,40.72567249500777],[-87.65562136869282,40.761881305193896]]]}},{"type":"Feature","properties":{"rain":4.157,"period":"7day","row":9,"col":20,"distance_miles":21.79,"normal":0.804,"departure":3.354,"percent_normal":517.2},"geometry":{"type":"Polygon","coordinates":[[[-87.60782400379632,40.750556972945674],[-87.56005160513543,40.73920347843925],[-87.57504273203372,40.70302012962398],[-87.62277924164322,40.714360879687575],[-87.60782400379632,40.750556972945674]]]}},{"type":"Feature","properties":{"rain":4.177,"period":"7day","row":9,"col":21,"distance_miles":24.28,"normal":0.804,"departure":3.374,"percent_normal":519.8},"geometry":{"type":"Polygon","coordinates":[[[-87.56005160513543,40.73920347843925],[-87.51230421952461,40.72782085365964],[-87.52733117507566,40.69165027672913],[-87.57504273203372,40.70302012962398],[-87.56005160513543,40.73920347843925]]]}},{"type":"Feature","properties":{"rain":2.925,"period":"7day","row":10,"col":3,"distance_miles":24.53,"normal":0.804,"departure":2.122,"percent_normal":364.0},"geometry":{"type":"Polygon","coordinates":[[[-88.43807163969886,40.90267018242406],[-88.38991823962115,40.89182901915085],[-88.40426696481377,40.85544064575546],[-88.45238351021143,40.86626956107219],[-88.43807163969886,40.90267018242406]]]}},{"type":"Feature","properties":{"rain":3.154,"period":"7day","row":10,"col":4,"distance_miles":21.95,"normal":0.809,"departure":2.344,"percent_normal":389.6},"geometry":{"type":"Polygon","coordinates":[[[-88.38991823962115,40.89182901915085],[-88.34178897210133,40.88095821790432],[-88.35617449304105,40.84458212110858],[-88.40426696481377,40.85544064575546],[-88.38991823962115,40.89182901915085]]]}},{"type":"Feature","properties":{"rain":3.413,"period":"7day","row":10,"col":5,"distance_miles":19.39,"normal":0.815,"departure":2.598,"percent_normal":418.8},"geometry":{"type":"Polygon","coordinates":[[[-88.34178897210133,40.88095821790432],[-88.29368388687368,40.870057809718915],[-88.30810614454676,40.833694018094334],[-88.35617449304105,40.84458212110858],[-88.34178897210133,40.88095821790432]]]}},{"type":"Feature","properties":{"rain":3.539,"period":"7day","row":10,"col":6,"distance_miles":16.85,"normal":0.824,"departure":2.715,"percent_normal":429.5},"geometry":{"type":"Polygon","coordinates":[[[-88.29368388687368,40.870057809718915],[-88.24560303348625,40.85912782568605],[-88.26006196879875,40.82277636773238],[-88.30810614454676,40.833694018094334],[-88.29368388687368,40.870057809718915]]]}},{"type":"Feature","properties":{"rain":3.701,"period":"7day","row":10,"col":7,"distance_miles":14.33,"normal":0.831,"departure":2.87,"percent_normal":445.5},"geometry":{"type":"Polygon","coordinates":[[[-88.24560303348625,40.85912782568605],[-88.19754646130058,40.84816829695385],[-88.2120420150792,40.81182920109904],[-88.26006196879875,40.82277636773238],[-88.24560303348625,40.85912782568605]]]}},{"type":"Feature","properties":{"rain":4.008,"period":"7day","row":10,"col":8,"distance_miles":11.87,"normal":0.837,"departure":3.171,"percent_normal":478.8},"geometry":{"type":"Polygon","coordinates":[[[-88.19754646130058,40.84816829695385],[-88.14951421949175,40.83717925472681],[-88.1640463324845,40.800852549326976],[-88.2120420150792,40.81182920109904],[-88.19754646130058,40.84816829695385]]]}},{"type":"Feature","properties":{"rain":4.35,"period":"7day","row":10,"col":9,"distance_miles":9.5,"normal":0.835,"departure":3.516,"percent_normal":521.3},"geometry":{"type":"Polygon","coordinates":[[[-88.14951421949175,40.83717925472681],[-88.10150635704825,40.826160730265656],[-88.11607496992512,40.789846443604915],[-88.1640463324845,40.800852549326976],[-88.14951421949175,40.83717925472681]]]}},{"type":"Feature","properties":{"rain":4.72,"period":"7day","row":10,"col":10,"distance_miles":7.31,"normal":0.833,"departure":3.888,"percent_normal":566.8},"geometry":{"type":"Polygon","coordinates":[[[-88.10150635704825,40.826160730265656],[-88.05352292277196,40.81511275488686],[-88.06812797612565,40.77881091517735],[-88.11607496992512,40.789846443604915],[-88.10150635704825,40.826160730265656]]]}},{"type":"Feature","properties":{"rain":4.925,"period":"7day","row":10,"col":11,"distance_miles":5.51,"normal":0.825,"departure":4.101,"percent_normal":597.3},"geometry":{"type":"Polygon","coordinates":[[[-88.05352292277196,40.81511275488686],[-88.00556396527804,40.804035359962505],[-88.02020539962463,40.7677459953443],[-88.06812797612565,40.77881091517735],[-88.05352292277196,40.81511275488686]]]}},{"type":"Feature","properties":{"rain":5.02,"period":"7day","row":10,"col":12,"distance_miles":4.6,"normal":0.819,"departure":4.201,"percent_normal":613.2},"geometry":{"type":"Polygon","coordinates":[[[-88.00556396527804,40.804035359962505],[-87.95762953299482,40.792928576919934],[-87.9723072887745,40.75665171546096],[-88.02020539962463,40.7677459953443],[-88.00556396527804,40.804035359962505]]]}},{"type":"Feature","properties":{"rain":4.961,"period":"7day","row":10,"col":13,"distance_miles":5.07,"normal":0.811,"departure":4.15,"percent_normal":611.8},"geometry":{"type":"Polygon","coordinates":[[[-87.95762953299482,40.792928576919934],[-87.90971967416382,40.78179243724151],[-87.92443369174164,40.745528106937485],[-87.9723072887745,40.75665171546096],[-87.95762953299482,40.792928576919934]]]}},{"type":"Feature","properties":{"rain":4.665,"period":"7day","row":10,"col":14,"distance_miles":6.64,"normal":0.804,"departure":3.861,"percent_normal":580.0},"geometry":{"type":"Polygon","coordinates":[[[-87.90971967416382,40.78179243724151],[-87.86183443683969,40.77062697246431],[-87.87658465650614,40.73437520123868],[-87.92443369174164,40.745528106937485],[-87.90971967416382,40.78179243724151]]]}},{"type":"Feature","properties":{"rain":4.669,"period":"7day","row":10,"col":15,"distance_miles":8.73,"normal":0.801,"departure":3.869,"percent_normal":583.2},"geometry":{"type":"Polygon","coordinates":[[[-87.86183443683969,40.77062697246431],[-87.81397386889007,40.759432214179796],[-87.82876023086187,40.72319302988371],[-87.87658465650614,40.73437520123868],[-87.86183443683969,40.77062697246431]]]}},{"type":"Feature","properties":{"rain":4.992,"period":"7day","row":10,"col":16,"distance_miles":11.05,"normal":0.798,"departure":4.194,"percent_normal":625.2},"geometry":{"type":"Polygon","coordinates":[[[-87.81397386889007,40.759432214179796],[-87.7661380179956,40.7482081940336],[-87.78096046241639,40.71198162444581],[-87.82876023086187,40.72319302988371],[-87.81397386889007,40.759432214179796]]]}},{"type":"Feature","properties":{"rain":4.949,"period":"7day","row":10,"col":17,"distance_miles":13.48,"normal":0.804,"departure":4.145,"percent_normal":615.9},"geometry":{"type":"Polygon","coordinates":[[[-87.7661380179956,40.7482081940336],[-87.71832693164986,40.736954943725245],[-87.73318539859088,40.70074101655205],[-87.78096046241639,40.71198162444581],[-87.7661380179956,40.7482081940336]]]}},{"type":"Feature","properties":{"rain":4.689,"period":"7day","row":10,"col":18,"distance_miles":15.98,"normal":0.804,"departure":3.885,"percent_normal":583.1},"geometry":{"type":"Polygon","coordinates":[[[-87.71832693164986,40.736954943725245],[-87.6705406571593,40.72567249500777],[-87.68543508662009,40.68947123788298],[-87.73318539859088,40.70074101655205],[-87.71832693164986,40.736954943725245]]]}},{"type":"Feature","properties":{"rain":4.504,"period":"7day","row":10,"col":19,"distance_miles":18.51,"normal":0.804,"departure":3.699,"percent_normal":559.8},"geometry":{"type":"Polygon","coordinates":[[[-87.6705406571593,40.72567249500777],[-87.62277924164322,40.714360879687575],[-87.63770957355231,40.67817232017241],[-87.68543508662009,40.68947123788298],[-87.6705406571593,40.72567249500777]]]}},{"type":"Feature","properties":{"rain":4.421,"period":"7day","row":10,"col":20,"distance_miles":21.06,"normal":0.804,"departure":3.617,"percent_normal":549.9},"geometry":{"type":"Polygon","coordinates":[[[-87.62277924164322,40.714360879687575],[-87.57504273203372,40.70302012962398],[-87.59000890624937,40.666844295207085],[-87.63770957355231,40.67817232017241],[-87.62277924164322,40.714360879687575]]]}},{"type":"Feature","properties":{"rain":4.323,"period":"7day","row":10,"col":21,"distance_miles":23.63,"normal":0.801,"departure":3.521,"percent_normal":539.4},"geometry":{"type":"Polygon","coordinates":[[[-87.57504273203372,40.70302012962398],[-87.52733117507566,40.69165027672913],[-87.54233313138648,40.655487194826435],[-87.59000890624937,40.666844295207085],[-87.57504273203372,40.70302012962398]]]}},{"type":"Feature","properties":{"rain":2.878,"period":"7day","row":11,"col":3,"distance_miles":24.18,"normal":0.8,"departure":2.078,"percent_normal":359.6},"geometry":{"type":"Polygon","coordinates":[[[-88.45238351021143,40.86626956107219],[-88.40426696481377,40.85544064575546],[-88.41859161635058,40.819060123865206],[-88.46667135690723,40.82987681005647],[-88.45238351021143,40.86626956107219]]]}},{"type":"Feature","properties":{"rain":3.071,"period":"7day","row":11,"col":4,"distance_miles":21.56,"normal":0.809,"departure":2.262,"percent_normal":379.8},"geometry":{"type":"Polygon","coordinates":[[[-88.40426696481377,40.85544064575546],[-88.35617449304105,40.84458212110858],[-88.37053589067145,40.80821385695744],[-88.41859161635058,40.819060123865206],[-88.40426696481377,40.85544064575546]]]}},{"type":"Feature","properties":{"rain":3.087,"period":"7day","row":11,"col":5,"distance_miles":18.94,"normal":0.817,"departure":2.27,"percent_normal":377.8},"geometry":{"type":"Polygon","coordinates":[[[-88.35617449304105,40.84458212110858],[-88.30810614454676,40.833694018094334],[-88.32250422944257,40.79733804022452],[-88.37053589067145,40.80821385695744],[-88.35617449304105,40.84458212110858]]]}},{"type":"Feature","properties":{"rain":3.299,"period":"7day","row":11,"col":6,"distance_miles":16.33,"normal":0.827,"departure":2.472,"percent_normal":398.8},"geometry":{"type":"Polygon","coordinates":[[[-88.30810614454676,40.833694018094334],[-88.26006196879875,40.82277636773238],[-88.27449668205183,40.78643270461458],[-88.32250422944257,40.79733804022452],[-88.30810614454676,40.833694018094334]]]}},{"type":"Feature","properties":{"rain":3.311,"period":"7day","row":11,"col":7,"distance_miles":13.73,"normal":0.835,"departure":2.476,"percent_normal":396.5},"geometry":{"type":"Polygon","coordinates":[[[-88.26006196879875,40.82277636773238],[-88.2120420150792,40.81182920109904],[-88.22651329770204,40.77549788113234],[-88.27449668205183,40.78643270461458],[-88.26006196879875,40.82277636773238]]]}},{"type":"Feature","properties":{"rain":3.685,"period":"7day","row":11,"col":8,"distance_miles":11.13,"normal":0.839,"departure":2.846,"percent_normal":439.0},"geometry":{"type":"Polygon","coordinates":[[[-88.2120420150792,40.81182920109904],[-88.1640463324845,40.800852549326976],[-88.17855412541094,40.76453360083879],[-88.22651329770204,40.77549788113234],[-88.2120420150792,40.81182920109904]]]}},{"type":"Feature","properties":{"rain":3.984,"period":"7day","row":11,"col":9,"distance_miles":8.56,"normal":0.841,"departure":3.143,"percent_normal":473.6},"geometry":{"type":"Polygon","coordinates":[[[-88.1640463324845,40.800852549326976],[-88.11607496992512,40.789846443604915],[-88.1306192140111,40.75353989485091],[-88.17855412541094,40.76453360083879],[-88.1640463324845,40.800852549326976]]]}},{"type":"Feature","properties":{"rain":4.457,"period":"7day","row":11,"col":10,"distance_miles":6.03,"normal":0.83,"departure":3.627,"percent_normal":537.2},"geometry":{"type":"Polygon","coordinates":[[[-88.11607496992512,40.789846443604915],[-88.06812797612565,40.77881091517735],[-88.08270861214987,40.74251679434141],[-88.1306192140111,40.75353989485091],[-88.11607496992512,40.789846443604915]]]}},{"type":"Feature","properties":{"rain":4.764,"period":"7day","row":11,"col":11,"distance_miles":3.65,"normal":0.821,"departure":3.943,"percent_normal":580.3},"geometry":{"type":"Polygon","coordinates":[[[-88.06812797612565,40.77881091517735],[-88.02020539962463,40.7677459953443],[-88.03482236828927,40.73146433053842],[-88.08270861214987,40.74251679434141],[-88.06812797612565,40.77881091517735]]]}},{"type":"Feature","properties":{"rain":4.846,"period":"7day","row":11,"col":12,"distance_miles":2.01,"normal":0.815,"departure":4.031,"percent_normal":594.6},"geometry":{"type":"Polygon","coordinates":[[[-88.02020539962463,40.7677459953443],[-87.9723072887745,40.75665171546096],[-87.98696053070591,40.72038253472524],[-88.03482236828927,40.73146433053842],[-88.02020539962463,40.7677459953443]]]}},{"type":"Feature","properties":{"rain":4.854,"period":"7day","row":11,"col":13,"distance_miles":2.93,"normal":0.811,"departure":4.043,"percent_normal":598.7},"geometry":{"type":"Polygon","coordinates":[[[-87.9723072887745,40.75665171546096],[-87.92443369174164,40.745528106937485],[-87.93912314749103,40.709271438239995],[-87.98696053070591,40.72038253472524],[-87.9723072887745,40.75665171546096]]]}},{"type":"Feature","properties":{"rain":4.752,"period":"7day","row":11,"col":14,"distance_miles":5.18,"normal":0.805,"departure":3.947,"percent_normal":590.3},"geometry":{"type":"Polygon","coordinates":[[[-87.92443369174164,40.745528106937485],[-87.87658465650614,40.73437520123868],[-87.89131026655029,40.69813107247546],[-87.93912314749103,40.709271438239995],[-87.92443369174164,40.745528106937485]]]}},{"type":"Feature","properties":{"rain":4.685,"period":"7day","row":11,"col":15,"distance_miles":7.68,"normal":0.804,"departure":3.881,"percent_normal":582.4},"geometry":{"type":"Polygon","coordinates":[[[-87.87658465650614,40.73437520123868],[-87.82876023086187,40.72319302988371],[-87.84352193560383,40.68696146887867],[-87.89131026655029,40.69813107247546],[-87.87658465650614,40.73437520123868]]]}},{"type":"Feature","properties":{"rain":4.61,"period":"7day","row":11,"col":16,"distance_miles":10.24,"normal":0.805,"departure":3.806,"percent_normal":572.9},"geometry":{"type":"Polygon","coordinates":[[[-87.82876023086187,40.72319302988371],[-87.78096046241639,40.71198162444581],[-87.79575820218616,40.675762658950674],[-87.84352193560383,40.68696146887867],[-87.82876023086187,40.72319302988371]]]}},{"type":"Feature","properties":{"rain":4.681,"period":"7day","row":11,"col":17,"distance_miles":12.83,"normal":0.805,"departure":3.876,"percent_normal":581.3},"geometry":{"type":"Polygon","coordinates":[[[-87.78096046241639,40.71198162444581],[-87.73318539859088,40.70074101655205],[-87.7480191136461,40.66453467424631],[-87.79575820218616,40.675762658950674],[-87.78096046241639,40.71198162444581]]]}},{"type":"Feature","properties":{"rain":4.571,"period":"7day","row":11,"col":18,"distance_miles":15.43,"normal":0.805,"departure":3.766,"percent_normal":567.6},"geometry":{"type":"Polygon","coordinates":[[[-87.73318539859088,40.70074101655205],[-87.68543508662009,40.68947123788298],[-87.70030471714676,40.65327754637385],[-87.7480191136461,40.66453467424631],[-87.73318539859088,40.70074101655205]]]}},{"type":"Feature","properties":{"rain":4.307,"period":"7day","row":11,"col":19,"distance_miles":18.03,"normal":0.804,"departure":3.504,"percent_normal":536.0},"geometry":{"type":"Polygon","coordinates":[[[-87.68543508662009,40.68947123788298],[-87.63770957355231,40.67817232017241],[-87.65261505966551,40.64199130699472],[-87.70030471714676,40.65327754637385],[-87.68543508662009,40.68947123788298]]]}},{"type":"Feature","properties":{"rain":4.232,"period":"7day","row":11,"col":20,"distance_miles":20.64,"normal":0.802,"departure":3.431,"percent_normal":528.0},"geometry":{"type":"Polygon","coordinates":[[[-87.63770957355231,40.67817232017241],[-87.59000890624937,40.666844295207085],[-87.60495018799385,40.63067598782328],[-87.65261505966551,40.64199130699472],[-87.63770957355231,40.67817232017241]]]}},{"type":"Feature","properties":{"rain":4.122,"period":"7day","row":11,"col":21,"distance_miles":23.26,"normal":0.798,"departure":3.324,"percent_normal":516.8},"geometry":{"type":"Polygon","coordinates":[[[-87.59000890624937,40.666844295207085],[-87.54233313138648,40.655487194826435],[-87.55731014873749,40.61933162062648],[-87.60495018799385,40.63067598782328],[-87.59000890624937,40.666844295207085]]]}},{"type":"Feature","properties":{"rain":2.677,"period":"7day","row":12,"col":3,"distance_miles":24.11,"normal":0.786,"departure":1.891,"percent_normal":340.7},"geometry":{"type":"Polygon","coordinates":[[[-88.46667135690723,40.82987681005647],[-88.41859161635058,40.819060123865206],[-88.43289225297906,40.78268746539305],[-88.48093523845235,40.79349194124991],[-88.46667135690723,40.82987681005647]]]}},{"type":"Feature","properties":{"rain":3.047,"period":"7day","row":12,"col":4,"distance_miles":21.48,"normal":0.796,"departure":2.251,"percent_normal":382.7},"geometry":{"type":"Polygon","coordinates":[[[-88.41859161635058,40.819060123865206],[-88.37053589067145,40.80821385695744],[-88.38487322382072,40.77185343740389],[-88.43289225297906,40.78268746539305],[-88.41859161635058,40.819060123865206]]]}},{"type":"Feature","properties":{"rain":3.441,"period":"7day","row":12,"col":5,"distance_miles":18.86,"normal":0.808,"departure":2.632,"percent_normal":425.6},"geometry":{"type":"Polygon","coordinates":[[[-88.37053589067145,40.80821385695744],[-88.32250422944257,40.79733804022452],[-88.33687820046943,40.76098988810248],[-88.38487322382072,40.77185343740389],[-88.37053589067145,40.80821385695744]]]}},{"type":"Feature","properties":{"rain":3.78,"period":"7day","row":12,"col":6,"distance_miles":16.23,"normal":0.827,"departure":2.952,"percent_normal":456.9},"geometry":{"type":"Polygon","coordinates":[[[-88.32250422944257,40.79733804022452],[-88.27449668205183,40.78643270461458],[-88.2889072322331,40.75009684836567],[-88.33687820046943,40.76098988810248],[-88.32250422944257,40.79733804022452]]]}},{"type":"Feature","properties":{"rain":3.925,"period":"7day","row":12,"col":7,"distance_miles":13.61,"normal":0.832,"departure":3.093,"percent_normal":471.7},"geometry":{"type":"Polygon","coordinates":[[[-88.27449668205183,40.78643270461458],[-88.22651329770204,40.77549788113234],[-88.2409603682353,40.739174349126756],[-88.2889072322331,40.75009684836567],[-88.27449668205183,40.78643270461458]]]}},{"type":"Feature","properties":{"rain":4.134,"period":"7day","row":12,"col":8,"distance_miles":10.98,"normal":0.834,"departure":3.3,"percent_normal":495.8},"geometry":{"type":"Polygon","coordinates":[[[-88.22651329770204,40.77549788113234],[-88.17855412541094,40.76453360083879],[-88.19303765741523,40.72822242137528],[-88.2409603682353,40.739174349126756],[-88.22651329770204,40.77549788113234]]]}},{"type":"Feature","properties":{"rain":4.252,"period":"7day","row":12,"col":9,"distance_miles":8.36,"normal":0.834,"departure":3.417,"percent_normal":509.5},"geometry":{"type":"Polygon","coordinates":[[[-88.17855412541094,40.76453360083879],[-88.1306192140111,40.75353989485091],[-88.1451391485276,40.71724109615669],[-88.19303765741523,40.72822242137528],[-88.17855412541094,40.76453360083879]]]}},{"type":"Feature","properties":{"rain":4.22,"period":"7day","row":12,"col":10,"distance_miles":5.75,"normal":0.835,"departure":3.385,"percent_normal":505.3},"geometry":{"type":"Polygon","coordinates":[[[-88.1306192140111,40.75353989485091],[-88.08270861214987,40.74251679434141],[-88.09726489014258,40.70623040457211],[-88.1451391485276,40.71724109615669],[-88.1306192140111,40.75353989485091]]]}},{"type":"Feature","properties":{"rain":4.272,"period":"7day","row":12,"col":11,"distance_miles":3.15,"normal":0.818,"departure":3.453,"percent_normal":522.0},"geometry":{"type":"Polygon","coordinates":[[[-88.08270861214987,40.74251679434141],[-88.03482236828927,40.73146433053842],[-88.04941493064575,40.69519037777801],[-88.09726489014258,40.70623040457211],[-88.08270861214987,40.74251679434141]]]}},{"type":"Feature","properties":{"rain":4.457,"period":"7day","row":12,"col":12,"distance_miles":0.8,"normal":0.81,"departure":3.647,"percent_normal":550.4},"geometry":{"type":"Polygon","coordinates":[[[-88.03482236828927,40.73146433053842],[-87.98696053070591,40.72038253472524],[-88.00158931823796,40.684121046985965],[-88.04941493064575,40.69519037777801],[-88.03482236828927,40.73146433053842]]]}},{"type":"Feature","properties":{"rain":4.22,"period":"7day","row":12,"col":13,"distance_miles":2.27,"normal":0.807,"departure":3.413,"percent_normal":523.0},"geometry":{"type":"Polygon","coordinates":[[[-87.98696053070591,40.72038253472524],[-87.93912314749103,40.709271438239995],[-87.95378810093536,40.67302244346232],[-88.00158931823796,40.684121046985965],[-87.98696053070591,40.72038253472524]]]}},{"type":"Feature","properties":{"rain":4.13,"period":"7day","row":12,"col":14,"distance_miles":4.84,"normal":0.802,"departure":3.328,"percent_normal":514.7},"geometry":{"type":"Polygon","coordinates":[[[-87.93912314749103,40.709271438239995],[-87.89131026655029,40.69813107247546],[-87.90601132656923,40.66189459852797],[-87.95378810093536,40.67302244346232],[-87.93912314749103,40.709271438239995]]]}},{"type":"Feature","properties":{"rain":4.0,"period":"7day","row":12,"col":15,"distance_miles":7.45,"normal":0.803,"departure":3.197,"percent_normal":498.1},"geometry":{"type":"Polygon","coordinates":[[[-87.89131026655029,40.69813107247546],[-87.84352193560383,40.68696146887867],[-87.85825904278606,40.65073754355805],[-87.90601132656923,40.66189459852797],[-87.89131026655029,40.69813107247546]]]}},{"type":"Feature","properties":{"rain":4.039,"period":"7day","row":12,"col":16,"distance_miles":10.07,"normal":0.805,"departure":3.235,"percent_normal":501.9},"geometry":{"type":"Polygon","coordinates":[[[-87.84352193560383,40.68696146887867],[-87.79575820218616,40.675762658950674],[-87.81053129704735,40.63955130998167],[-87.85825904278606,40.65073754355805],[-87.84352193560383,40.68696146887867]]]}},{"type":"Feature","properties":{"rain":3.933,"period":"7day","row":12,"col":17,"distance_miles":12.69,"normal":0.805,"departure":3.128,"percent_normal":488.3},"geometry":{"type":"Polygon","coordinates":[[[-87.79575820218616,40.675762658950674],[-87.7480191136461,40.66453467424631],[-87.76282813662962,40.6283359292816],[-87.81053129704735,40.63955130998167],[-87.79575820218616,40.675762658950674]]]}},{"type":"Feature","properties":{"rain":4.0,"period":"7day","row":12,"col":18,"distance_miles":15.31,"normal":0.802,"departure":3.198,"percent_normal":498.8},"geometry":{"type":"Polygon","coordinates":[[[-87.7480191136461,40.66453467424631],[-87.70030471714676,40.65327754637385],[-87.7151496086244,40.61709143299401],[-87.76282813662962,40.6283359292816],[-87.7480191136461,40.66453467424631]]]}},{"type":"Feature","properties":{"rain":3.472,"period":"7day","row":12,"col":19,"distance_miles":17.93,"normal":0.798,"departure":2.674,"percent_normal":435.1},"geometry":{"type":"Polygon","coordinates":[[[-87.70030471714676,40.65327754637385],[-87.65261505966551,40.64199130699472],[-87.6674957599381,40.60581785270821],[-87.7151496086244,40.61709143299401],[-87.70030471714676,40.65327754637385]]]}},{"type":"Feature","properties":{"rain":3.535,"period":"7day","row":12,"col":20,"distance_miles":20.55,"normal":0.797,"departure":2.739,"percent_normal":443.7},"geometry":{"type":"Polygon","coordinates":[[[-87.65261505966551,40.64199130699472],[-87.60495018799385,40.63067598782328],[-87.61986663729206,40.59451522006634],[-87.6674957599381,40.60581785270821],[-87.65261505966551,40.64199130699472]]]}},{"type":"Feature","properties":{"rain":3.764,"period":"7day","row":12,"col":21,"distance_miles":23.18,"normal":0.798,"departure":2.966,"percent_normal":471.9},"geometry":{"type":"Polygon","coordinates":[[[-87.60495018799385,40.63067598782328],[-87.55731014873749,40.61933162062648],[-87.57226228722242,40.5831835667631],[-87.61986663729206,40.59451522006634],[-87.60495018799385,40.63067598782328]]]}},{"type":"Feature","properties":{"rain":3.008,"period":"7day","row":13,"col":3,"distance_miles":24.33,"normal":0.781,"departure":2.227,"percent_normal":385.2},"geometry":{"type":"Polygon","coordinates":[[[-88.48093523845235,40.79349194124991],[-88.43289225297906,40.78268746539305],[-88.44716893326192,40.74632268221305],[-88.49517521332812,40.75711496648669],[-88.48093523845235,40.79349194124991]]]}},{"type":"Feature","properties":{"rain":3.287,"period":"7day","row":13,"col":4,"distance_miles":21.72,"normal":0.792,"departure":2.495,"percent_normal":414.9},"geometry":{"type":"Polygon","coordinates":[[[-88.43289225297906,40.78268746539305],[-88.38487322382072,40.77185343740389],[-88.39918655113223,40.73550087436182],[-88.44716893326192,40.74632268221305],[-88.43289225297906,40.78268746539305]]]}},{"type":"Feature","properties":{"rain":3.283,"period":"7day","row":13,"col":5,"distance_miles":19.13,"normal":0.807,"departure":2.476,"percent_normal":406.8},"geometry":{"type":"Polygon","coordinates":[[[-88.38487322382072,40.77185343740389],[-88.33687820046943,40.76098988810248],[-88.35122811635063,40.72464957368198],[-88.39918655113223,40.73550087436182],[-88.38487322382072,40.77185343740389]]]}},{"type":"Feature","properties":{"rain":3.524,"period":"7day","row":13,"col":6,"distance_miles":16.55,"normal":0.818,"departure":2.706,"percent_normal":430.9},"geometry":{"type":"Polygon","coordinates":[[[-88.33687820046943,40.76098988810248],[-88.2889072322331,40.75009684836567],[-88.30329367814512,40.713768810979275],[-88.35122811635063,40.72464957368198],[-88.33687820046943,40.76098988810248]]]}},{"type":"Feature","properties":{"rain":3.791,"period":"7day","row":13,"col":7,"distance_miles":13.98,"normal":0.818,"departure":2.973,"percent_normal":463.2},"geometry":{"type":"Polygon","coordinates":[[[-88.2889072322331,40.75009684836567],[-88.2409603682353,40.739174349126756],[-88.25538328556011,40.70285861711583],[-88.30329367814512,40.713768810979275],[-88.2889072322331,40.75009684836567]]]}},{"type":"Feature","properties":{"rain":3.909,"period":"7day","row":13,"col":8,"distance_miles":11.45,"normal":0.823,"departure":3.086,"percent_normal":474.8},"geometry":{"type":"Polygon","coordinates":[[[-88.2409603682353,40.739174349126756],[-88.19303765741523,40.72822242137528],[-88.20749698745634,40.69191902300991],[-88.25538328556011,40.70285861711583],[-88.2409603682353,40.739174349126756]]]}},{"type":"Feature","properties":{"rain":3.909,"period":"7day","row":13,"col":9,"distance_miles":8.96,"normal":0.823,"departure":3.086,"percent_normal":474.8},"geometry":{"type":"Polygon","coordinates":[[[-88.19303765741523,40.72822242137528],[-88.1451391485276,40.71724109615669],[-88.15963483251072,40.68095005963566],[-88.20749698745634,40.69191902300991],[-88.19303765741523,40.72822242137528]]]}},{"type":"Feature","properties":{"rain":3.783,"period":"7day","row":13,"col":10,"distance_miles":6.59,"normal":0.822,"departure":2.962,"percent_normal":460.3},"geometry":{"type":"Polygon","coordinates":[[[-88.1451391485276,40.71724109615669],[-88.09726489014258,40.70623040457211],[-88.11179686921633,40.669951758022805],[-88.15963483251072,40.68095005963566],[-88.1451391485276,40.71724109615669]]]}},{"type":"Feature","properties":{"rain":3.783,"period":"7day","row":13,"col":11,"distance_miles":4.5,"normal":0.806,"departure":2.977,"percent_normal":469.3},"geometry":{"type":"Polygon","coordinates":[[[-88.09726489014258,40.70623040457211],[-88.04941493064575,40.69519037777801],[-88.06398314588239,40.658924149256364],[-88.11179686921633,40.669951758022805],[-88.09726489014258,40.70623040457211]]]}},{"type":"Feature","properties":{"rain":3.843,"period":"7day","row":13,"col":12,"distance_miles":3.31,"normal":0.806,"departure":3.037,"percent_normal":476.9},"geometry":{"type":"Polygon","coordinates":[[[-88.04941493064575,40.69519037777801],[-88.00158931823796,40.684121046985965],[-88.01619371063403,40.64786726447636],[-88.06398314588239,40.658924149256364],[-88.04941493064575,40.69519037777801]]]}},{"type":"Feature","properties":{"rain":3.972,"period":"7day","row":13,"col":13,"distance_miles":3.93,"normal":0.804,"departure":3.168,"percent_normal":494.1},"geometry":{"type":"Polygon","coordinates":[[[-88.00158931823796,40.684121046985965],[-87.95378810093536,40.67302244346232],[-87.96842861141236,40.636781134877594],[-88.01619371063403,40.64786726447636],[-88.00158931823796,40.684121046985965]]]}},{"type":"Feature","properties":{"rain":4.122,"period":"7day","row":13,"col":14,"distance_miles":5.8,"normal":0.803,"departure":3.319,"percent_normal":513.4},"geometry":{"type":"Polygon","coordinates":[[[-87.95378810093536,40.67302244346232],[-87.90601132656923,40.66189459852797],[-87.92068789597441,40.625665791709324],[-87.96842861141236,40.636781134877594],[-87.95378810093536,40.67302244346232]]]}},{"type":"Feature","properties":{"rain":3.925,"period":"7day","row":13,"col":15,"distance_miles":8.1,"normal":0.799,"departure":3.126,"percent_normal":491.1},"geometry":{"type":"Polygon","coordinates":[[[-87.90601132656923,40.66189459852797],[-87.85825904278606,40.65073754355805],[-87.872971611893,40.61452126627496],[-87.92068789597441,40.625665791709324],[-87.90601132656923,40.66189459852797]]]}},{"type":"Feature","properties":{"rain":3.803,"period":"7day","row":13,"col":16,"distance_miles":10.56,"normal":0.801,"departure":3.002,"percent_normal":474.9},"geometry":{"type":"Polygon","coordinates":[[[-87.85825904278606,40.65073754355805],[-87.81053129704735,40.63955130998167],[-87.8252798065567,40.60334758993182],[-87.872971611893,40.61452126627496],[-87.85825904278606,40.65073754355805]]]}},{"type":"Feature","properties":{"rain":3.567,"period":"7day","row":13,"col":17,"distance_miles":13.08,"normal":0.802,"departure":2.765,"percent_normal":444.8},"geometry":{"type":"Polygon","coordinates":[[[-87.81053129704735,40.63955130998167],[-87.76282813662962,40.6283359292816],[-87.7776125271698,40.59214479409089],[-87.8252798065567,40.60334758993182],[-87.81053129704735,40.63955130998167]]]}},{"type":"Feature","properties":{"rain":3.291,"period":"7day","row":13,"col":18,"distance_miles":15.63,"normal":0.791,"departure":2.5,"percent_normal":416.0},"geometry":{"type":"Polygon","coordinates":[[[-87.76282813662962,40.6283359292816],[-87.7151496086244,40.61709143299401],[-87.72996982075225,40.58091291021644],[-87.7776125271698,40.59214479409089],[-87.76282813662962,40.6283359292816]]]}},{"type":"Feature","properties":{"rain":3.28,"period":"7day","row":13,"col":19,"distance_miles":18.21,"normal":0.789,"departure":2.491,"percent_normal":415.9},"geometry":{"type":"Polygon","coordinates":[[[-87.7151496086244,40.61709143299401],[-87.6674957599381,40.60581785270821],[-87.68235173413962,40.56965196982582],[-87.72996982075225,40.58091291021644],[-87.7151496086244,40.61709143299401]]]}},{"type":"Feature","properties":{"rain":3.646,"period":"7day","row":13,"col":20,"distance_miles":20.79,"normal":0.786,"departure":2.859,"percent_normal":463.7},"geometry":{"type":"Polygon","coordinates":[[[-87.6674957599381,40.60581785270821],[-87.61986663729206,40.59451522006634],[-87.63475831398304,40.558362004489204],[-87.68235173413962,40.56965196982582],[-87.6674957599381,40.60581785270821]]]}},{"type":"Feature","properties":{"rain":3.846,"period":"7day","row":13,"col":21,"distance_miles":23.39,"normal":0.787,"departure":3.059,"percent_normal":488.6},"geometry":{"type":"Polygon","coordinates":[[[-87.61986663729206,40.59451522006634],[-87.57226228722242,40.5831835667631],[-87.58718960674915,40.547043045829184],[-87.63475831398304,40.558362004489204],[-87.61986663729206,40.59451522006634]]]}},{"type":"Feature","properties":{"rain":2.835,"period":"7day","row":14,"col":3,"distance_miles":24.82,"normal":0.781,"departure":2.054,"percent_normal":363.0},"geometry":{"type":"Polygon","coordinates":[[[-88.49517521332812,40.75711496648669],[-88.44716893326192,40.74632268221305],[-88.4614217155777,40.70996578616034],[-88.50939133983182,40.72074589756218],[-88.49517521332812,40.75711496648669]]]}},{"type":"Feature","properties":{"rain":3.185,"period":"7day","row":14,"col":4,"distance_miles":22.27,"normal":0.79,"departure":2.395,"percent_normal":403.1},"geometry":{"type":"Polygon","coordinates":[[[-88.44716893326192,40.74632268221305],[-88.39918655113223,40.73550087436182],[-88.4134759310651,40.69915617970613],[-88.4614217155777,40.70996578616034],[-88.44716893326192,40.74632268221305]]]}},{"type":"Feature","properties":{"rain":3.409,"period":"7day","row":14,"col":5,"distance_miles":19.75,"normal":0.803,"departure":2.606,"percent_normal":424.4},"geometry":{"type":"Polygon","coordinates":[[[-88.39918655113223,40.73550087436182],[-88.35122811635063,40.72464957368198],[-88.36555403562511,40.68831710887771],[-88.4134759310651,40.69915617970613],[-88.39918655113223,40.73550087436182]]]}},{"type":"Feature","properties":{"rain":3.717,"period":"7day","row":14,"col":6,"distance_miles":17.26,"normal":0.813,"departure":2.904,"percent_normal":457.2},"geometry":{"type":"Polygon","coordinates":[[[-88.35122811635063,40.72464957368198],[-88.30329367814512,40.713768810979275],[-88.317656078406,40.67744860440991],[-88.36555403562511,40.68831710887771],[-88.35122811635063,40.72464957368198]]]}},{"type":"Feature","properties":{"rain":3.937,"period":"7day","row":14,"col":7,"distance_miles":14.82,"normal":0.818,"departure":3.119,"percent_normal":481.0},"geometry":{"type":"Polygon","coordinates":[[[-88.30329367814512,40.713768810979275],[-88.25538328556011,40.70285861711583],[-88.26978210837306,40.66655069709386],[-88.317656078406,40.67744860440991],[-88.30329367814512,40.713768810979275]]]}},{"type":"Feature","properties":{"rain":4.094,"period":"7day","row":14,"col":8,"distance_miles":12.45,"normal":0.808,"departure":3.286,"percent_normal":506.5},"geometry":{"type":"Polygon","coordinates":[[[-88.25538328556011,40.70285861711583],[-88.20749698745634,40.69191902300991],[-88.22193217430862,40.65562341777679],[-88.26978210837306,40.66655069709386],[-88.25538328556011,40.70285861711583]]]}},{"type":"Feature","properties":{"rain":4.307,"period":"7day","row":14,"col":9,"distance_miles":10.22,"normal":0.81,"departure":3.498,"percent_normal":532.0},"geometry":{"type":"Polygon","coordinates":[[[-88.20749698745634,40.69191902300991],[-88.15963483251072,40.68095005963566],[-88.1741063248119,40.64466679736172],[-88.22193217430862,40.65562341777679],[-88.20749698745634,40.69191902300991]]]}},{"type":"Feature","properties":{"rain":4.291,"period":"7day","row":14,"col":10,"distance_miles":8.21,"normal":0.807,"departure":3.485,"percent_normal":531.9},"geometry":{"type":"Polygon","coordinates":[[[-88.15963483251072,40.68095005963566],[-88.11179686921633,40.669951758022805],[-88.12630460829901,40.63368086680719],[-88.1741063248119,40.64466679736172],[-88.15963483251072,40.68095005963566]]]}},{"type":"Feature","properties":{"rain":4.339,"period":"7day","row":14,"col":11,"distance_miles":6.66,"normal":0.806,"departure":3.532,"percent_normal":538.2},"geometry":{"type":"Polygon","coordinates":[[[-88.11179686921633,40.669951758022805],[-88.06398314588239,40.658924149256364],[-88.07852707300276,40.62266565712699],[-88.12630460829901,40.63368086680719],[-88.11179686921633,40.669951758022805]]]}},{"type":"Feature","properties":{"rain":4.122,"period":"7day","row":14,"col":12,"distance_miles":5.91,"normal":0.799,"departure":3.323,"percent_normal":515.7},"geometry":{"type":"Polygon","coordinates":[[[-88.06398314588239,40.658924149256364],[-88.01619371063403,40.64786726447636],[-88.03077376697269,40.61162119938981],[-88.07852707300276,40.62266565712699],[-88.06398314588239,40.658924149256364]]]}},{"type":"Feature","properties":{"rain":3.925,"period":"7day","row":14,"col":13,"distance_miles":6.27,"normal":0.798,"departure":3.127,"percent_normal":491.7},"geometry":{"type":"Polygon","coordinates":[[[-88.01619371063403,40.64786726447636],[-87.96842861141236,40.636781134877594],[-87.98304473807498,40.600547524719076],[-88.03077376697269,40.61162119938981],[-88.01619371063403,40.64786726447636]]]}},{"type":"Feature","properties":{"rain":4.012,"period":"7day","row":14,"col":14,"distance_miles":7.59,"normal":0.798,"departure":3.214,"percent_normal":502.9},"geometry":{"type":"Polygon","coordinates":[[[-87.96842861141236,40.636781134877594],[-87.92068789597441,40.625665791709324],[-87.93534003399236,40.5894446642926],[-87.98304473807498,40.600547524719076],[-87.96842861141236,40.636781134877594]]]}},{"type":"Feature","properties":{"rain":3.882,"period":"7day","row":14,"col":15,"distance_miles":9.46,"normal":0.792,"departure":3.09,"percent_normal":490.1},"geometry":{"type":"Polygon","coordinates":[[[-87.92068789597441,40.625665791709324],[-87.872971611893,40.61452126627496],[-87.88765970222411,40.5783126493423],[-87.93534003399236,40.5894446642926],[-87.92068789597441,40.625665791709324]]]}},{"type":"Feature","properties":{"rain":3.768,"period":"7day","row":14,"col":16,"distance_miles":11.63,"normal":0.792,"departure":2.975,"percent_normal":475.5},"geometry":{"type":"Polygon","coordinates":[[[-87.872971611893,40.61452126627496],[-87.8252798065567,40.60334758993182],[-87.84000379008592,40.56715151115393],[-87.88765970222411,40.5783126493423],[-87.872971611893,40.61452126627496]]]}},{"type":"Feature","properties":{"rain":3.76,"period":"7day","row":14,"col":17,"distance_miles":13.96,"normal":0.793,"departure":2.967,"percent_normal":474.4},"geometry":{"type":"Polygon","coordinates":[[[-87.8252798065567,40.60334758993182],[-87.7776125271698,40.59214479409089],[-87.79237234470988,40.55596128106684],[-87.84000379008592,40.56715151115393],[-87.8252798065567,40.60334758993182]]]}},{"type":"Feature","properties":{"rain":3.642,"period":"7day","row":14,"col":18,"distance_miles":16.37,"normal":0.791,"departure":2.851,"percent_normal":460.3},"geometry":{"type":"Polygon","coordinates":[[[-87.7776125271698,40.59214479409089],[-87.72996982075225,40.58091291021644],[-87.74476541304443,40.54474199047363],[-87.79237234470988,40.55596128106684],[-87.7776125271698,40.59214479409089]]]}},{"type":"Feature","properties":{"rain":3.559,"period":"7day","row":14,"col":19,"distance_miles":18.85,"normal":0.771,"departure":2.788,"percent_normal":461.5},"geometry":{"type":"Polygon","coordinates":[[[-87.72996982075225,40.58091291021644],[-87.68235173413962,40.56965196982582],[-87.69718304185433,40.53349367081993],[-87.74476541304443,40.54474199047363],[-87.72996982075225,40.58091291021644]]]}},{"type":"Feature","properties":{"rain":3.654,"period":"7day","row":14,"col":20,"distance_miles":21.35,"normal":0.769,"departure":2.884,"percent_normal":475.1},"geometry":{"type":"Polygon","coordinates":[[[-87.68235173413962,40.56965196982582],[-87.63475831398304,40.558362004489204],[-87.64962527772055,40.52221635360405],[-87.69718304185433,40.53349367081993],[-87.68235173413962,40.56965196982582]]]}},{"type":"Feature","properties":{"rain":3.772,"period":"7day","row":14,"col":21,"distance_miles":23.89,"normal":0.772,"departure":2.999,"percent_normal":488.4},"geometry":{"type":"Polygon","coordinates":[[[-87.63475831398304,40.558362004489204],[-87.58718960674915,40.547043045829184],[-87.6020921670403,40.51091007037683],[-87.64962527772055,40.52221635360405],[-87.63475831398304,40.558362004489204]]]}},{"type":"Feature","properties":{"rain":3.346,"period":"7day","row":15,"col":4,"distance_miles":23.11,"normal":0.782,"departure":2.565,"percent_normal":428.2},"geometry":{"type":"Polygon","coordinates":[[[-88.4614217155777,40.70996578616034],[-88.4134759310651,40.69915617970613],[-88.42774142189486,40.6628193652729],[-88.47565065812148,40.67361678903135],[-88.4614217155777,40.70996578616034]]]}},{"type":"Feature","properties":{"rain":3.693,"period":"7day","row":15,"col":5,"distance_miles":20.69,"normal":0.79,"departure":2.903,"percent_normal":467.5},"geometry":{"type":"Polygon","coordinates":[[[-88.4134759310651,40.69915617970613],[-88.36555403562511,40.68831710887771],[-88.37985601664826,40.651992505565424],[-88.42774142189486,40.6628193652729],[-88.4134759310651,40.69915617970613]]]}},{"type":"Feature","properties":{"rain":4.283,"period":"7day","row":15,"col":6,"distance_miles":18.32,"normal":0.805,"departure":3.478,"percent_normal":532.0},"geometry":{"type":"Polygon","coordinates":[[[-88.36555403562511,40.68831710887771],[-88.317656078406,40.67744860440991],[-88.3319944914502,40.64113624057297],[-88.37985601664826,40.651992505565424],[-88.36555403562511,40.68831710887771]]]}},{"type":"Feature","properties":{"rain":4.303,"period":"7day","row":15,"col":7,"distance_miles":16.04,"normal":0.808,"departure":3.495,"percent_normal":532.5},"geometry":{"type":"Polygon","coordinates":[[[-88.317656078406,40.67744860440991],[-88.26978210837306,40.66655069709386],[-88.28415689518698,40.63025060101593],[-88.3319944914502,40.64113624057297],[-88.317656078406,40.67744860440991]]]}},{"type":"Feature","properties":{"rain":3.886,"period":"7day","row":15,"col":8,"distance_miles":13.89,"normal":0.8,"departure":3.086,"percent_normal":485.6},"geometry":{"type":"Polygon","coordinates":[[[-88.26978210837306,40.66655069709386],[-88.22193217430862,40.65562341777679],[-88.23634327656265,40.619335617670686],[-88.28415689518698,40.63025060101593],[-88.26978210837306,40.66655069709386]]]}},{"type":"Feature","properties":{"rain":4.374,"period":"7day","row":15,"col":9,"distance_miles":11.92,"normal":0.799,"departure":3.575,"percent_normal":547.2},"geometry":{"type":"Polygon","coordinates":[[[-88.22193217430862,40.65562341777679],[-88.1741063248119,40.64466679736172],[-88.18855368409878,40.60839132136937],[-88.23634327656265,40.619335617670686],[-88.22193217430862,40.65562341777679]]]}},{"type":"Feature","properties":{"rain":4.441,"period":"7day","row":15,"col":10,"distance_miles":10.26,"normal":0.799,"departure":3.642,"percent_normal":556.0},"geometry":{"type":"Polygon","coordinates":[[[-88.1741063248119,40.64466679736172],[-88.12630460829901,40.63368086680719],[-88.1407881661345,40.597417742999504],[-88.18855368409878,40.60839132136937],[-88.1741063248119,40.64466679736172]]]}},{"type":"Feature","properties":{"rain":4.429,"period":"7day","row":15,"col":11,"distance_miles":9.06,"normal":0.798,"departure":3.631,"percent_normal":554.7},"geometry":{"type":"Polygon","coordinates":[[[-88.12630460829901,40.63368086680719],[-88.07852707300276,40.62266565712699],[-88.09304677082638,40.58641491350383],[-88.1407881661345,40.597417742999504],[-88.12630460829901,40.63368086680719]]]}},{"type":"Feature","properties":{"rain":4.272,"period":"7day","row":15,"col":12,"distance_miles":8.52,"normal":0.794,"departure":3.477,"percent_normal":537.7},"geometry":{"type":"Polygon","coordinates":[[[-88.07852707300276,40.62266565712699],[-88.03077376697269,40.61162119938981],[-88.04532954614841,40.57538286387995],[-88.09304677082638,40.58641491350383],[-88.07852707300276,40.62266565712699]]]}},{"type":"Feature","properties":{"rain":4.138,"period":"7day","row":15,"col":13,"distance_miles":8.78,"normal":0.793,"departure":3.344,"percent_normal":521.5},"geometry":{"type":"Polygon","coordinates":[[[-88.03077376697269,40.61162119938981],[-87.98304473807498,40.600547524719076],[-87.9976365398919,40.56432162518012],[-88.04532954614841,40.57538286387995],[-88.03077376697269,40.61162119938981]]]}},{"type":"Feature","properties":{"rain":4.075,"period":"7day","row":15,"col":14,"distance_miles":9.76,"normal":0.792,"departure":3.282,"percent_normal":514.3},"geometry":{"type":"Polygon","coordinates":[[[-87.98304473807498,40.600547524719076],[-87.93534003399236,40.5894446642926],[-87.94996779966537,40.553231228510896],[-87.9976365398919,40.56432162518012],[-87.98304473807498,40.600547524719076]]]}},{"type":"Feature","properties":{"rain":4.193,"period":"7day","row":15,"col":15,"distance_miles":11.27,"normal":0.792,"departure":3.401,"percent_normal":529.3},"geometry":{"type":"Polygon","coordinates":[[[-87.93534003399236,40.5894446642926],[-87.88765970222411,40.5783126493423],[-87.90232337289457,40.542111705032916],[-87.94996779966537,40.553231228510896],[-87.93534003399236,40.5894446642926]]]}},{"type":"Feature","properties":{"rain":4.291,"period":"7day","row":15,"col":16,"distance_miles":13.15,"normal":0.786,"departure":3.505,"percent_normal":545.8},"geometry":{"type":"Polygon","coordinates":[[[-87.88765970222411,40.5783126493423],[-87.84000379008592,40.56715151115393],[-87.85470330682237,40.53096308596057],[-87.90232337289457,40.542111705032916],[-87.88765970222411,40.5783126493423]]]}},{"type":"Feature","properties":{"rain":4.004,"period":"7day","row":15,"col":17,"distance_miles":15.24,"normal":0.785,"departure":3.219,"percent_normal":510.4},"geometry":{"type":"Polygon","coordinates":[[[-87.84000379008592,40.56715151115393],[-87.79237234470988,40.55596128106684],[-87.80710764850875,40.51978540256179],[-87.85470330682237,40.53096308596057],[-87.84000379008592,40.56715151115393]]]}},{"type":"Feature","properties":{"rain":4.0,"period":"7day","row":15,"col":18,"distance_miles":17.48,"normal":0.782,"departure":3.218,"percent_normal":511.7},"geometry":{"type":"Polygon","coordinates":[[[-87.79237234470988,40.55596128106684],[-87.74476541304443,40.54474199047363],[-87.75953644483066,40.5085786861577],[-87.80710764850875,40.51978540256179],[-87.79237234470988,40.55596128106684]]]}},{"type":"Feature","properties":{"rain":3.878,"period":"7day","row":15,"col":19,"distance_miles":19.81,"normal":0.759,"departure":3.119,"percent_normal":510.7},"geometry":{"type":"Polygon","coordinates":[[[-87.74476541304443,40.54474199047363],[-87.69718304185433,40.53349367081993],[-87.71198974248207,40.497342968122354],[-87.75953644483066,40.5085786861577],[-87.74476541304443,40.54474199047363]]]}},{"type":"Feature","properties":{"rain":3.906,"period":"7day","row":15,"col":20,"distance_miles":22.21,"normal":0.759,"departure":3.146,"percent_normal":514.4},"geometry":{"type":"Polygon","coordinates":[[[-87.69718304185433,40.53349367081993],[-87.64962527772055,40.52221635360405],[-87.6644675879739,40.48607827988255],[-87.71198974248207,40.497342968122354],[-87.69718304185433,40.53349367081993]]]}},{"type":"Feature","properties":{"rain":3.74,"period":"7day","row":15,"col":21,"distance_miles":24.65,"normal":0.762,"departure":2.978,"percent_normal":490.5},"geometry":{"type":"Polygon","coordinates":[[[-87.64962527772055,40.52221635360405],[-87.6020921670403,40.51091007037683],[-87.61697002763391,40.4747846529174],[-87.6644675879739,40.48607827988255],[-87.64962527772055,40.52221635360405]]]}},{"type":"Feature","properties":{"rain":3.976,"period":"7day","row":16,"col":4,"distance_miles":24.19,"normal":0.782,"departure":3.195,"percent_normal":508.8},"geometry":{"type":"Polygon","coordinates":[[[-88.47565065812148,40.67361678903135],[-88.42774142189486,40.6628193652729],[-88.44198308171427,40.62649044285948],[-88.48985581890562,40.63727570258384],[-88.47565065812148,40.67361678903135]]]}},{"type":"Feature","properties":{"rain":4.098,"period":"7day","row":16,"col":5,"distance_miles":21.89,"normal":0.791,"departure":3.308,"percent_normal":518.3},"geometry":{"type":"Polygon","coordinates":[[[-88.42774142189486,40.6628193652729],[-88.37985601664826,40.651992505565424],[-88.39413411759247,40.615675775581956],[-88.44198308171427,40.62649044285948],[-88.42774142189486,40.6628193652729]]]}},{"type":"Feature","properties":{"rain":4.008,"period":"7day","row":16,"col":6,"distance_miles":19.68,"normal":0.796,"departure":3.212,"percent_normal":503.5},"geometry":{"type":"Polygon","coordinates":[[[-88.37985601664826,40.651992505565424],[-88.3319944914502,40.64113624057297],[-88.34630897552914,40.60483173134489],[-88.39413411759247,40.615675775581956],[-88.37985601664826,40.651992505565424]]]}},{"type":"Feature","properties":{"rain":3.323,"period":"7day","row":16,"col":7,"distance_miles":17.57,"normal":0.8,"departure":2.523,"percent_normal":415.5},"geometry":{"type":"Polygon","coordinates":[[[-88.3319944914502,40.64113624057297],[-88.28415689518698,40.63025060101593],[-88.29850770433167,40.59395834079806],[-88.34630897552914,40.60483173134489],[-88.3319944914502,40.64113624057297]]]}},{"type":"Feature","properties":{"rain":3.236,"period":"7day","row":16,"col":8,"distance_miles":15.63,"normal":0.8,"departure":2.436,"percent_normal":404.5},"geometry":{"type":"Polygon","coordinates":[[[-88.28415689518698,40.63025060101593],[-88.23634327656265,40.619335617670686],[-88.25073035262581,40.58305563464722],[-88.29850770433167,40.59395834079806],[-88.28415689518698,40.63025060101593]]]}},{"type":"Feature","properties":{"rain":3.366,"period":"7day","row":16,"col":9,"distance_miles":13.91,"normal":0.796,"departure":2.57,"percent_normal":422.9},"geometry":{"type":"Polygon","coordinates":[[[-88.23634327656265,40.619335617670686],[-88.18855368409878,40.60839132136937],[-88.20297696885562,40.57212364365379],[-88.25073035262581,40.58305563464722],[-88.23634327656265,40.619335617670686]]]}},{"type":"Feature","properties":{"rain":4.075,"period":"7day","row":16,"col":10,"distance_miles":12.51,"normal":0.795,"departure":3.28,"percent_normal":512.8},"geometry":{"type":"Polygon","coordinates":[[[-88.18855368409878,40.60839132136937],[-88.1407881661345,40.597417742999504],[-88.15524760128335,40.56116239863451],[-88.20297696885562,40.57212364365379],[-88.18855368409878,40.60839132136937]]]}},{"type":"Feature","properties":{"rain":4.035,"period":"7day","row":16,"col":11,"distance_miles":11.55,"normal":0.794,"departure":3.241,"percent_normal":508.1},"geometry":{"type":"Polygon","coordinates":[[[-88.1407881661345,40.597417742999504],[-88.09304677082638,40.58641491350383],[-88.1075422979894,40.550171930461275],[-88.15524760128335,40.56116239863451],[-88.1407881661345,40.597417742999504]]]}},{"type":"Feature","properties":{"rain":4.016,"period":"7day","row":16,"col":12,"distance_miles":11.13,"normal":0.795,"departure":3.221,"percent_normal":505.4},"geometry":{"type":"Polygon","coordinates":[[[-88.09304677082638,40.58641491350383],[-88.04532954614841,40.57538286387995],[-88.05986110687225,40.539152270060825],[-88.1075422979894,40.550171930461275],[-88.09304677082638,40.58641491350383]]]}},{"type":"Feature","properties":{"rain":4.039,"period":"7day","row":16,"col":13,"distance_miles":11.33,"normal":0.79,"departure":3.25,"percent_normal":511.5},"geometry":{"type":"Polygon","coordinates":[[[-88.04532954614841,40.57538286387995],[-87.9976365398919,40.56432162518012],[-88.01220407564837,40.52810344841439],[-88.05986110687225,40.539152270060825],[-88.04532954614841,40.57538286387995]]]}},{"type":"Feature","properties":{"rain":4.256,"period":"7day","row":16,"col":14,"distance_miles":12.1,"normal":0.789,"departure":3.467,"percent_normal":539.2},"geometry":{"type":"Polygon","coordinates":[[[-87.9976365398919,40.56432162518012],[-87.94996779966537,40.553231228510896],[-87.96457125185216,40.517025496557515],[-88.01220407564837,40.52810344841439],[-87.9976365398919,40.56432162518012]]]}},{"type":"Feature","properties":{"rain":4.461,"period":"7day","row":16,"col":15,"distance_miles":13.35,"normal":0.787,"departure":3.673,"percent_normal":566.4},"geometry":{"type":"Polygon","coordinates":[[[-87.94996779966537,40.553231228510896],[-87.90232337289457,40.542111705032916],[-87.91696268283594,40.505918445579745],[-87.96457125185216,40.517025496557515],[-87.94996779966537,40.553231228510896]]]}},{"type":"Feature","properties":{"rain":4.327,"period":"7day","row":16,"col":16,"distance_miles":14.97,"normal":0.782,"departure":3.545,"percent_normal":553.1},"geometry":{"type":"Polygon","coordinates":[[[-87.90232337289457,40.542111705032916],[-87.85470330682237,40.53096308596057],[-87.86937841576977,40.49478232662432],[-87.91696268283594,40.505918445579745],[-87.90232337289457,40.542111705032916]]]}},{"type":"Feature","properties":{"rain":4.0,"period":"7day","row":16,"col":17,"distance_miles":16.83,"normal":0.779,"departure":3.221,"percent_normal":513.4},"geometry":{"type":"Polygon","coordinates":[[[-87.85470330682237,40.53096308596057],[-87.80710764850875,40.51978540256179],[-87.82181849764156,40.48361717088794],[-87.86937841576977,40.49478232662432],[-87.85470330682237,40.53096308596057]]]}},{"type":"Feature","properties":{"rain":3.874,"period":"7day","row":16,"col":18,"distance_miles":18.88,"normal":0.774,"departure":3.1,"percent_normal":500.5},"geometry":{"type":"Polygon","coordinates":[[[-87.80710764850875,40.51978540256179],[-87.75953644483066,40.5085786861577],[-87.77428297525687,40.472423009620464],[-87.82181849764156,40.48361717088794],[-87.80710764850875,40.51978540256179]]]}},{"type":"Feature","properties":{"rain":3.799,"period":"7day","row":16,"col":19,"distance_miles":21.06,"normal":0.766,"departure":3.034,"percent_normal":496.2},"geometry":{"type":"Polygon","coordinates":[[[-87.75953644483066,40.5085786861577],[-87.71198974248207,40.497342968122354],[-87.72677189523891,40.46119987412462],[-87.77428297525687,40.472423009620464],[-87.75953644483066,40.5085786861577]]]}},{"type":"Feature","properties":{"rain":3.89,"period":"7day","row":16,"col":20,"distance_miles":23.33,"normal":0.758,"departure":3.132,"percent_normal":513.4},"geometry":{"type":"Polygon","coordinates":[[[-87.71198974248207,40.497342968122354],[-87.6644675879739,40.48607827988255],[-87.67928530402854,40.4499477957558],[-87.72677189523891,40.46119987412462],[-87.71198974248207,40.497342968122354]]]}},{"type":"Feature","properties":{"rain":3.311,"period":"7day","row":17,"col":5,"distance_miles":23.33,"normal":0.792,"departure":2.519,"percent_normal":417.8},"geometry":{"type":"Polygon","coordinates":[[[-88.44198308171427,40.62649044285948],[-88.39413411759247,40.615675775581956],[-88.40838839644796,40.5793669307255],[-88.4562009684339,40.590169424224555],[-88.44198308171427,40.62649044285948]]]}},{"type":"Feature","properties":{"rain":3.587,"period":"7day","row":17,"col":6,"distance_miles":21.27,"normal":0.797,"departure":2.79,"percent_normal":450.0},"geometry":{"type":"Polygon","coordinates":[[[-88.39413411759247,40.615675775581956],[-88.34630897552914,40.60483173134489],[-88.36059958871196,40.56853508856329],[-88.40838839644796,40.5793669307255],[-88.39413411759247,40.615675775581956]]]}},{"type":"Feature","properties":{"rain":3.193,"period":"7day","row":17,"col":7,"distance_miles":19.34,"normal":0.799,"departure":2.394,"percent_normal":399.5},"geometry":{"type":"Polygon","coordinates":[[[-88.34630897552914,40.60483173134489],[-88.29850770433167,40.59395834079806],[-88.31283459395445,40.55767392831732],[-88.36059958871196,40.56853508856329],[-88.34630897552914,40.60483173134489]]]}},{"type":"Feature","properties":{"rain":3.362,"period":"7day","row":17,"col":8,"distance_miles":17.59,"normal":0.799,"departure":2.563,"percent_normal":420.7},"geometry":{"type":"Polygon","coordinates":[[[-88.29850770433167,40.59395834079806],[-88.25073035262581,40.58305563464722],[-88.26509346072301,40.54678348062295],[-88.31283459395445,40.55767392831732],[-88.29850770433167,40.59395834079806]]]}},{"type":"Feature","properties":{"rain":3.531,"period":"7day","row":17,"col":9,"distance_miles":16.08,"normal":0.797,"departure":2.734,"percent_normal":442.9},"geometry":{"type":"Polygon","coordinates":[[[-88.25073035262581,40.58305563464722],[-88.20297696885562,40.57212364365379],[-88.21737623738423,40.53586377617102],[-88.26509346072301,40.54678348062295],[-88.25073035262581,40.58305563464722]]]}},{"type":"Feature","properties":{"rain":3.531,"period":"7day","row":17,"col":10,"distance_miles":14.89,"normal":0.791,"departure":2.74,"percent_normal":446.4},"geometry":{"type":"Polygon","coordinates":[[[-88.20297696885562,40.57212364365379],[-88.15524760128335,40.56116239863451],[-88.16968297212357,40.52491484570775],[-88.21737623738423,40.53586377617102],[-88.20297696885562,40.57212364365379]]]}},{"type":"Feature","properties":{"rain":4.402,"period":"7day","row":17,"col":11,"distance_miles":14.09,"normal":0.79,"departure":3.612,"percent_normal":557.4},"geometry":{"type":"Polygon","coordinates":[[[-88.15524760128335,40.56116239863451],[-88.1075422979894,40.550171930461275],[-88.1220137129453,40.513936720034394],[-88.16968297212357,40.52491484570775],[-88.15524760128335,40.56116239863451]]]}},{"type":"Feature","properties":{"rain":4.764,"period":"7day","row":17,"col":12,"distance_miles":13.75,"normal":0.789,"departure":3.974,"percent_normal":603.4},"geometry":{"type":"Polygon","coordinates":[[[-88.1075422979894,40.550171930461275],[-88.05986110687225,40.539152270060825],[-88.07436850767246,40.50292943000696],[-88.1220137129453,40.513936720034394],[-88.1075422979894,40.550171930461275]]]}},{"type":"Feature","properties":{"rain":4.996,"period":"7day","row":17,"col":13,"distance_miles":13.9,"normal":0.785,"departure":4.211,"percent_normal":636.2},"geometry":{"type":"Polygon","coordinates":[[[-88.05986110687225,40.539152270060825],[-88.01220407564837,40.52810344841439],[-88.0267474039468,40.49189300653594],[-88.07436850767246,40.50292943000696],[-88.05986110687225,40.539152270060825]]]}},{"type":"Feature","properties":{"rain":5.122,"period":"7day","row":17,"col":14,"distance_miles":14.54,"normal":0.785,"departure":4.337,"percent_normal":652.1},"geometry":{"type":"Polygon","coordinates":[[[-88.01220407564837,40.52810344841439],[-87.96457125185216,40.517025496557515],[-87.97915044922863,40.48082748058603],[-88.0267474039468,40.49189300653594],[-88.01220407564837,40.52810344841439]]]}},{"type":"Feature","properties":{"rain":4.697,"period":"7day","row":17,"col":15,"distance_miles":15.59,"normal":0.785,"departure":3.912,"percent_normal":598.1},"geometry":{"type":"Polygon","coordinates":[[[-87.96457125185216,40.517025496557515],[-87.91696268283594,40.505918445579745],[-87.93157769079686,40.469732883175894],[-87.97915044922863,40.48082748058603],[-87.96457125185216,40.517025496557515]]]}},{"type":"Feature","properties":{"rain":4.319,"period":"7day","row":17,"col":16,"distance_miles":16.99,"normal":0.784,"departure":3.535,"percent_normal":550.7},"geometry":{"type":"Polygon","coordinates":[[[-87.91696268283594,40.505918445579745],[-87.86937841576977,40.49478232662432],[-87.88402917574886,40.45860924537781],[-87.93157769079686,40.469732883175894],[-87.91696268283594,40.505918445579745]]]}},{"type":"Feature","properties":{"rain":4.055,"period":"7day","row":17,"col":17,"distance_miles":18.66,"normal":0.777,"departure":3.279,"percent_normal":522.2},"geometry":{"type":"Polygon","coordinates":[[[-87.86937841576977,40.49478232662432],[-87.82181849764156,40.48361717088794],[-87.83650495100048,40.44745659831745],[-87.88402917574886,40.45860924537781],[-87.86937841576977,40.49478232662432]]]}},{"type":"Feature","properties":{"rain":4.067,"period":"7day","row":17,"col":18,"distance_miles":20.53,"normal":0.771,"departure":3.296,"percent_normal":527.2},"geometry":{"type":"Polygon","coordinates":[[[-87.82181849764156,40.48361717088794],[-87.77428297525687,40.472423009620464],[-87.78900506328593,40.43627497317363],[-87.83650495100048,40.44745659831745],[-87.82181849764156,40.48361717088794]]]}},{"type":"Feature","properties":{"rain":4.063,"period":"7day","row":17,"col":19,"distance_miles":22.54,"normal":0.763,"departure":3.3,"percent_normal":532.4},"geometry":{"type":"Polygon","coordinates":[[[-87.77428297525687,40.472423009620464],[-87.72677189523891,40.46119987412462],[-87.74152955915774,40.42506440117795],[-87.78900506328593,40.43627497317363],[-87.77428297525687,40.472423009620464]]]}},{"type":"Feature","properties":{"rain":4.236,"period":"7day","row":17,"col":20,"distance_miles":24.67,"normal":0.765,"departure":3.472,"percent_normal":554.0},"geometry":{"type":"Polygon","coordinates":[[[-87.72677189523891,40.46119987412462],[-87.67928530402854,40.4499477957558],[-87.69407848498676,40.41382491361459],[-87.74152955915774,40.42506440117795],[-87.72677189523891,40.46119987412462]]]}},{"type":"Feature","properties":{"rain":4.02,"period":"7day","row":18,"col":5,"distance_miles":24.97,"normal":0.787,"departure":3.233,"percent_normal":510.9},"geometry":{"type":"Polygon","coordinates":[[[-88.4562009684339,40.590169424224555],[-88.40838839644796,40.5793669307255],[-88.42261891102335,40.54306598275558],[-88.47039513978287,40.55385632108831],[-88.4562009684339,40.590169424224555]]]}},{"type":"Feature","properties":{"rain":4.39,"period":"7day","row":18,"col":6,"distance_miles":23.05,"normal":0.803,"departure":3.587,"percent_normal":546.9},"geometry":{"type":"Polygon","coordinates":[[[-88.40838839644796,40.5793669307255],[-88.36059958871196,40.56853508856329],[-88.37486638888613,40.53224632402704],[-88.42261891102335,40.54306598275558],[-88.40838839644796,40.5793669307255]]]}},{"type":"Feature","properties":{"rain":3.839,"period":"7day","row":18,"col":7,"distance_miles":21.28,"normal":0.804,"departure":3.035,"percent_normal":477.6},"geometry":{"type":"Polygon","coordinates":[[[-88.36059958871196,40.56853508856329],[-88.31283459395445,40.55767392831732],[-88.32713762202097,40.52139737541198],[-88.37486638888613,40.53224632402704],[-88.36059958871196,40.56853508856329]]]}},{"type":"Feature","properties":{"rain":3.882,"period":"7day","row":18,"col":8,"distance_miles":19.7,"normal":0.801,"departure":3.081,"percent_normal":484.4},"geometry":{"type":"Polygon","coordinates":[[[-88.31283459395445,40.55767392831732],[-88.26509346072301,40.54678348062295],[-88.27943265889738,40.510519167475444],[-88.32713762202097,40.52139737541198],[-88.31283459395445,40.55767392831732]]]}},{"type":"Feature","properties":{"rain":4.154,"period":"7day","row":18,"col":9,"distance_miles":18.37,"normal":0.797,"departure":3.356,"percent_normal":520.9},"geometry":{"type":"Polygon","coordinates":[[[-88.26509346072301,40.54678348062295],[-88.21737623738423,40.53586377617102],[-88.23175154780454,40.49961173083803],[-88.27943265889738,40.510519167475444],[-88.26509346072301,40.54678348062295]]]}},{"type":"Feature","properties":{"rain":4.465,"period":"7day","row":18,"col":10,"distance_miles":17.33,"normal":0.791,"departure":3.674,"percent_normal":564.6},"geometry":{"type":"Polygon","coordinates":[[[-88.21737623738423,40.53586377617102],[-88.16968297212357,40.52491484570775],[-88.18409433685116,40.48867509617559],[-88.23175154780454,40.49961173083803],[-88.21737623738423,40.53586377617102]]]}},{"type":"Feature","properties":{"rain":5.051,"period":"7day","row":18,"col":11,"distance_miles":16.64,"normal":0.787,"departure":4.264,"percent_normal":641.5},"geometry":{"type":"Polygon","coordinates":[[[-88.16968297212357,40.52491484570775],[-88.1220137129453,40.513936720034394],[-88.13646107396553,40.47770929421891],[-88.18409433685116,40.48867509617559],[-88.16968297212357,40.52491484570775]]]}},{"type":"Feature","properties":{"rain":5.146,"period":"7day","row":18,"col":12,"distance_miles":16.36,"normal":0.786,"departure":4.36,"percent_normal":654.8},"geometry":{"type":"Polygon","coordinates":[[[-88.1220137129453,40.513936720034394],[-88.07436850767246,40.50292943000696],[-88.0888518068953,40.46671435575351],[-88.13646107396553,40.47770929421891],[-88.1220137129453,40.513936720034394]]]}},{"type":"Feature","properties":{"rain":5.083,"period":"7day","row":18,"col":13,"distance_miles":16.49,"normal":0.783,"departure":4.3,"percent_normal":649.5},"geometry":{"type":"Polygon","coordinates":[[[-88.07436850767246,40.50292943000696],[-88.0267474039468,40.49189300653594],[-88.0412665832075,40.45569031161933],[-88.0888518068953,40.46671435575351],[-88.07436850767246,40.50292943000696]]]}},{"type":"Feature","properties":{"rain":5.669,"period":"7day","row":18,"col":14,"distance_miles":17.03,"normal":0.783,"departure":4.887,"percent_normal":724.3},"geometry":{"type":"Polygon","coordinates":[[[-88.0267474039468,40.49189300653594],[-87.97915044922863,40.48082748058603],[-87.99370545028845,40.44463719271041],[-88.0412665832075,40.45569031161933],[-88.0267474039468,40.49189300653594]]]}},{"type":"Feature","properties":{"rain":5.256,"period":"7day","row":18,"col":15,"distance_miles":17.94,"normal":0.783,"departure":4.473,"percent_normal":671.5},"geometry":{"type":"Polygon","coordinates":[[[-87.97915044922863,40.48082748058603],[-87.93157769079686,40.469732883175894],[-87.94616845534372,40.433555029974734],[-87.99370545028845,40.44463719271041],[-87.97915044922863,40.48082748058603]]]}},{"type":"Feature","properties":{"rain":4.89,"period":"7day","row":18,"col":16,"distance_miles":19.16,"normal":0.782,"departure":4.108,"percent_normal":625.5},"geometry":{"type":"Polygon","coordinates":[[[-87.93157769079686,40.469732883175894],[-87.88402917574886,40.45860924537781],[-87.89865564539805,40.422443854413835],[-87.94616845534372,40.433555029974734],[-87.93157769079686,40.469732883175894]]]}},{"type":"Feature","properties":{"rain":4.335,"period":"7day","row":18,"col":17,"distance_miles":20.65,"normal":0.778,"departure":3.557,"percent_normal":557.3},"geometry":{"type":"Polygon","coordinates":[[[-87.88402917574886,40.45860924537781],[-87.83650495100048,40.44745659831745],[-87.85116706729528,40.41130369708259],[-87.89865564539805,40.422443854413835],[-87.88402917574886,40.45860924537781]]]}},{"type":"Feature","properties":{"rain":4.209,"period":"7day","row":18,"col":18,"distance_miles":22.35,"normal":0.776,"departure":3.433,"percent_normal":542.4},"geometry":{"type":"Polygon","coordinates":[[[-87.83650495100048,40.44745659831745],[-87.78900506328593,40.43627497317363],[-87.80370276769831,40.40013458908891],[-87.85116706729528,40.41130369708259],[-87.83650495100048,40.44745659831745]]]}},{"type":"Feature","properties":{"rain":4.319,"period":"7day","row":18,"col":19,"distance_miles":24.22,"normal":0.773,"departure":3.546,"percent_normal":558.6},"geometry":{"type":"Polygon","coordinates":[[[-87.78900506328593,40.43627497317363],[-87.74152955915774,40.42506440117795],[-87.75626279308906,40.388936561593475],[-87.80370276769831,40.40013458908891],[-87.78900506328593,40.43627497317363]]]}},{"type":"Feature","properties":{"rain":5.524,"period":"7day","row":19,"col":6,"distance_miles":24.97,"normal":0.804,"departure":4.72,"percent_normal":687.4},"geometry":{"type":"Polygon","coordinates":[[[-88.42261891102335,40.54306598275558],[-88.37486638888613,40.53224632402704],[-88.38910943375821,40.49596544949642],[-88.43682571894645,40.506772943393216],[-88.42261891102335,40.54306598275558]]]}},{"type":"Feature","properties":{"rain":5.378,"period":"7day","row":19,"col":7,"distance_miles":23.35,"normal":0.807,"departure":4.571,"percent_normal":666.6},"geometry":{"type":"Polygon","coordinates":[[[-88.37486638888613,40.53224632402704],[-88.32713762202097,40.52139737541198],[-88.34141684631585,40.48512869388151],[-88.38910943375821,40.49596544949642],[-88.37486638888613,40.53224632402704]]]}},{"type":"Feature","properties":{"rain":4.531,"period":"7day","row":19,"col":8,"distance_miles":21.92,"normal":0.804,"departure":3.728,"percent_normal":563.7},"geometry":{"type":"Polygon","coordinates":[[[-88.32713762202097,40.52139737541198],[-88.27943265889738,40.510519167475444],[-88.29374800501094,40.4742627070435],[-88.34141684631585,40.48512869388151],[-88.32713762202097,40.52139737541198]]]}},{"type":"Feature","properties":{"rain":4.783,"period":"7day","row":19,"col":9,"distance_miles":20.73,"normal":0.797,"departure":3.987,"percent_normal":600.3},"geometry":{"type":"Polygon","coordinates":[[[-88.27943265889738,40.510519167475444],[-88.23175154780454,40.49961173083803],[-88.24610295805527,40.46336751953289],[-88.29374800501094,40.4742627070435],[-88.27943265889738,40.510519167475444]]]}},{"type":"Feature","properties":{"rain":5.051,"period":"7day","row":19,"col":10,"distance_miles":19.81,"normal":0.789,"departure":4.262,"percent_normal":640.3},"geometry":{"type":"Polygon","coordinates":[[[-88.23175154780454,40.49961173083803],[-88.18409433685116,40.48867509617559],[-88.19848175348096,40.45244316195536],[-88.24610295805527,40.46336751953289],[-88.23175154780454,40.49961173083803]]]}},{"type":"Feature","properties":{"rain":5.102,"period":"7day","row":19,"col":11,"distance_miles":19.22,"normal":0.786,"departure":4.317,"percent_normal":649.3},"geometry":{"type":"Polygon","coordinates":[[[-88.18409433685116,40.48867509617559],[-88.13646107396553,40.47770929421891],[-88.15088443914026,40.441489664971456],[-88.19848175348096,40.45244316195536],[-88.18409433685116,40.48867509617559]]]}},{"type":"Feature","properties":{"rain":5.047,"period":"7day","row":19,"col":12,"distance_miles":18.97,"normal":0.784,"departure":4.263,"percent_normal":643.7},"geometry":{"type":"Polygon","coordinates":[[[-88.13646107396553,40.47770929421891],[-88.0888518068953,40.46671435575351],[-88.10331106270559,40.4305070592964],[-88.15088443914026,40.441489664971456],[-88.13646107396553,40.47770929421891]]]}},{"type":"Feature","properties":{"rain":5.209,"period":"7day","row":19,"col":13,"distance_miles":19.08,"normal":0.783,"departure":4.426,"percent_normal":665.3},"geometry":{"type":"Polygon","coordinates":[[[-88.0888518068953,40.46671435575351],[-88.0412665832075,40.45569031161933],[-88.0557616716693,40.41949537569975],[-88.10331106270559,40.4305070592964],[-88.0888518068953,40.46671435575351]]]}},{"type":"Feature","properties":{"rain":5.122,"period":"7day","row":19,"col":14,"distance_miles":19.55,"normal":0.781,"departure":4.341,"percent_normal":655.9},"geometry":{"type":"Polygon","coordinates":[[[-88.0412665832075,40.45569031161933],[-87.99370545028845,40.44463719271041],[-88.00823631334382,40.40845464500517],[-88.0557616716693,40.41949537569975],[-88.0412665832075,40.45569031161933]]]}},{"type":"Feature","properties":{"rain":4.701,"period":"7day","row":19,"col":15,"distance_miles":20.34,"normal":0.78,"departure":3.921,"percent_normal":602.7},"geometry":{"type":"Polygon","coordinates":[[[-87.99370545028845,40.44463719271041],[-87.94616845534372,40.433555029974734],[-87.9607350348614,40.39738489809011],[-88.00823631334382,40.40845464500517],[-87.99370545028845,40.44463719271041]]]}},{"type":"Feature","properties":{"rain":4.606,"period":"7day","row":19,"col":16,"distance_miles":21.43,"normal":0.779,"departure":3.827,"percent_normal":591.3},"geometry":{"type":"Polygon","coordinates":[[[-87.94616845534372,40.433555029974734],[-87.89865564539805,40.422443854413835],[-87.9132578831742,40.38628616588556],[-87.9607350348614,40.39738489809011],[-87.94616845534372,40.433555029974734]]]}},{"type":"Feature","properties":{"rain":4.559,"period":"7day","row":19,"col":17,"distance_miles":22.77,"normal":0.778,"departure":3.781,"percent_normal":586.2},"geometry":{"type":"Polygon","coordinates":[[[-87.89865564539805,40.422443854413835],[-87.85116706729528,40.41130369708259],[-87.86580490505413,40.37515847937579],[-87.9132578831742,40.38628616588556],[-87.89865564539805,40.422443854413835]]]}},{"type":"Feature","properties":{"rain":4.402,"period":"7day","row":19,"col":18,"distance_miles":24.32,"normal":0.776,"departure":3.625,"percent_normal":566.9},"geometry":{"type":"Polygon","coordinates":[[[-87.85116706729528,40.41130369708259],[-87.80370276769831,40.40013458908891],[-87.81837614709282,40.36400186959805],[-87.86580490505413,40.37515847937579],[-87.85116706729528,40.41130369708259]]]}},{"type":"Feature","properties":{"rain":4.429,"period":"7day","row":20,"col":8,"distance_miles":24.22,"normal":0.807,"departure":3.622,"percent_normal":548.6},"geometry":{"type":"Polygon","coordinates":[[[-88.34141684631585,40.48512869388151],[-88.29374800501094,40.4742627070435],[-88.30803955674527,40.43801411112717],[-88.35567232444339,40.44886789548684],[-88.34141684631585,40.48512869388151]]]}},{"type":"Feature","properties":{"rain":4.091,"period":"7day","row":20,"col":9,"distance_miles":23.14,"normal":0.804,"departure":3.287,"percent_normal":509.0},"geometry":{"type":"Polygon","coordinates":[[[-88.29374800501094,40.4742627070435],[-88.24610295805527,40.46336751953289],[-88.26043052589468,40.42713115409481],[-88.30803955674527,40.43801411112717],[-88.29374800501094,40.4742627070435]]]}},{"type":"Feature","properties":{"rain":4.13,"period":"7day","row":20,"col":10,"distance_miles":22.33,"normal":0.796,"departure":3.334,"percent_normal":519.1},"geometry":{"type":"Polygon","coordinates":[[[-88.24610295805527,40.46336751953289],[-88.19848175348096,40.45244316195536],[-88.21284527984713,40.41621905492543],[-88.26043052589468,40.42713115409481],[-88.24610295805527,40.46336751953289]]]}},{"type":"Feature","properties":{"rain":4.224,"period":"7day","row":20,"col":11,"distance_miles":21.8,"normal":0.785,"departure":3.44,"percent_normal":538.3},"geometry":{"type":"Polygon","coordinates":[[[-88.19848175348096,40.45244316195536],[-88.15088443914026,40.441489664971456],[-88.165283866379,40.40527784420957],[-88.21284527984713,40.41621905492543],[-88.19848175348096,40.45244316195536]]]}},{"type":"Feature","properties":{"rain":4.819,"period":"7day","row":20,"col":12,"distance_miles":21.58,"normal":0.783,"departure":4.036,"percent_normal":615.5},"geometry":{"type":"Polygon","coordinates":[[[-88.15088443914026,40.441489664971456],[-88.10331106270559,40.4305070592964],[-88.11774633308744,40.39430755259235],[-88.165283866379,40.40527784420957],[-88.15088443914026,40.441489664971456]]]}},{"type":"Feature","properties":{"rain":5.165,"period":"7day","row":20,"col":13,"distance_miles":21.68,"normal":0.782,"departure":4.384,"percent_normal":660.8},"geometry":{"type":"Polygon","coordinates":[[[-88.10331106270559,40.4305070592964],[-88.0557616716693,40.41949537569975],[-88.0702327273903,40.38330821077317],[-88.11774633308744,40.39430755259235],[-88.10331106270559,40.4305070592964]]]}},{"type":"Feature","properties":{"rain":5.063,"period":"7day","row":20,"col":14,"distance_miles":22.09,"normal":0.779,"departure":4.284,"percent_normal":649.9},"geometry":{"type":"Polygon","coordinates":[[[-88.0557616716693,40.41949537569975],[-88.00823631334382,40.40845464500517],[-88.02274309652607,40.372279849505446],[-88.0702327273903,40.38330821077317],[-88.0557616716693,40.41949537569975]]]}},{"type":"Feature","properties":{"rain":4.89,"period":"7day","row":20,"col":15,"distance_miles":22.79,"normal":0.778,"departure":4.112,"percent_normal":628.8},"geometry":{"type":"Polygon","coordinates":[[[-88.00823631334382,40.40845464500517],[-87.9607350348614,40.39738489809011],[-87.97527748755384,40.36122249959636],[-88.02274309652607,40.372279849505446],[-88.00823631334382,40.40845464500517]]]}},{"type":"Feature","properties":{"rain":5.094,"period":"7day","row":20,"col":16,"distance_miles":23.77,"normal":0.777,"departure":4.318,"percent_normal":656.0},"geometry":{"type":"Polygon","coordinates":[[[-87.9607350348614,40.39738489809011],[-87.9132578831742,40.38628616588556],[-87.92783594735319,40.350136191906536],[-87.97527748755384,40.36122249959636],[-87.9607350348614,40.39738489809011]]]}},{"type":"Feature","properties":{"rain":5.142,"period":"7day","row":20,"col":17,"distance_miles":24.98,"normal":0.776,"departure":4.366,"percent_normal":662.6},"geometry":{"type":"Polygon","coordinates":[[[-87.9132578831742,40.38628616588556],[-87.86580490505413,40.37515847937579],[-87.88041852262414,40.339020957349845],[-87.92783594735319,40.350136191906536],[-87.9132578831742,40.38628616588556]]]}},{"type":"Feature","properties":{"rain":4.244,"period":"7day","row":21,"col":10,"distance_miles":24.86,"normal":0.795,"departure":3.449,"percent_normal":534.1},"geometry":{"type":"Polygon","coordinates":[[[-88.26043052589468,40.42713115409481],[-88.21284527984713,40.41621905492543],[-88.22718497360401,40.38000278692538],[-88.27473430890117,40.39090264632428],[-88.26043052589468,40.42713115409481]]]}},{"type":"Feature","properties":{"rain":4.232,"period":"7day","row":21,"col":11,"distance_miles":24.39,"normal":0.788,"departure":3.444,"percent_normal":537.1},"geometry":{"type":"Polygon","coordinates":[[[-88.21284527984713,40.41621905492543],[-88.165283866379,40.40527784420957],[-88.17965941341129,40.36907384381192],[-88.22718497360401,40.38000278692538],[-88.21284527984713,40.41621905492543]]]}},{"type":"Feature","properties":{"rain":4.512,"period":"7day","row":21,"col":12,"distance_miles":24.19,"normal":0.784,"departure":3.728,"percent_normal":575.4},"geometry":{"type":"Polygon","coordinates":[[[-88.165283866379,40.40527784420957],[-88.11774633308744,40.39430755259235],[-88.132157675845,40.35811584755911],[-88.17965941341129,40.36907384381192],[-88.165283866379,40.40527784420957]]]}},{"type":"Feature","properties":{"rain":4.862,"period":"7day","row":21,"col":13,"distance_miles":24.28,"normal":0.781,"departure":4.082,"percent_normal":622.9},"geometry":{"type":"Polygon","coordinates":[[[-88.11774633308744,40.39430755259235],[-88.0702327273903,40.38330821077317],[-88.08467980824848,40.347128828796386],[-88.132157675845,40.35811584755911],[-88.11774633308744,40.39430755259235]]]}},{"type":"Feature","properties":{"rain":4.917,"period":"7day","row":21,"col":14,"distance_miles":24.64,"normal":0.779,"departure":4.138,"percent_normal":631.2},"geometry":{"type":"Polygon","coordinates":[[[-88.0702327273903,40.38330821077317],[-88.02274309652607,40.372279849505446],[-88.03722585778642,40.33611281820713],[-88.08467980824848,40.347128828796386],[-88.0702327273903,40.38330821077317]]]}}]}