{"type":"FeatureCollection","metadata":{"period":"120day","source_date":"2026-08-24","source_file":"nws_precip_last120days_20260824_conus.tif","source_crs":"PROJCS[\"NOAA_HRAP_Grid\",GEOGCS[\"GCS_NOAA_HRAP\",DATUM[\"D_NOAA_HRAP\",SPHEROID[\"Sphere\",6371200,0]],PRIMEM[\"Greenwich\",0],UNIT[\"degree\",0.0174532925199433,AUTHORITY[\"EPSG\",\"9122\"]]],PROJECTION[\"Polar_Stereographic\"],PARAMETER[\"latitude_of_origin\",60],PARAMETER[\"central_meridian\",-105],PARAMETER[\"false_easting\",0],PARAMETER[\"false_northing\",0],UNIT[\"metre\",1],AXIS[\"Easting\",SOUTH],AXIS[\"Northing\",SOUTH]]","units":"Inches","center":{"lon":-88.0062,"lat":40.715},"radius_miles":25,"cell_count":287,"source_band_count":4,"context_available":true,"bands":{"1":{"name":"observation","long_name":"Observation","units":"Inches"},"2":{"name":"normal","long_name":"PRISM normals","units":"Inches"},"3":{"name":"departure_from_normal","long_name":"Departure from normal","units":"Inches"},"4":{"name":"percent_of_normal","long_name":"Percent of normal","units":"Percent"}}},"features":[{"type":"Feature","properties":{"rain":15.039,"period":"120day","row":3,"col":9,"distance_miles":24.39,"normal":16.978,"departure":-1.939,"percent_normal":88.6},"geometry":{"type":"Polygon","coordinates":[[[-88.04710345934814,41.091682360203365],[-87.99883872692608,41.080576369044536],[-88.01357959525274,41.04420826067654],[-88.06180748455046,41.05530169893153],[-88.04710345934814,41.091682360203365]]]}},{"type":"Feature","properties":{"rain":16.319,"period":"120day","row":3,"col":10,"distance_miles":23.62,"normal":16.987,"departure":-0.668,"percent_normal":96.1},"geometry":{"type":"Polygon","coordinates":[[[-87.99883872692608,41.080576369044536],[-87.95059884379012,41.069440728691305],[-87.96537649451184,41.03308520163728],[-88.01357959525274,41.04420826067654],[-87.99883872692608,41.080576369044536]]]}},{"type":"Feature","properties":{"rain":17.39,"period":"120day","row":3,"col":11,"distance_miles":23.13,"normal":16.956,"departure":0.433,"percent_normal":102.6},"geometry":{"type":"Polygon","coordinates":[[[-87.95059884379012,41.069440728691305],[-87.90238385909338,41.058275471026114],[-87.91719823140392,41.021932553622655],[-87.96537649451184,41.03308520163728],[-87.95059884379012,41.069440728691305]]]}},{"type":"Feature","properties":{"rain":18.496,"period":"120day","row":3,"col":12,"distance_miles":22.93,"normal":16.904,"departure":1.593,"percent_normal":109.4},"geometry":{"type":"Polygon","coordinates":[[[-87.90238385909338,41.058275471026114],[-87.85419382179721,41.04708062798714],[-87.86904485481396,41.01075034849723],[-87.91719823140392,41.021932553622655],[-87.90238385909338,41.058275471026114]]]}},{"type":"Feature","properties":{"rain":19.661,"period":"120day","row":3,"col":13,"distance_miles":23.04,"normal":16.875,"departure":2.787,"percent_normal":116.5},"geometry":{"type":"Polygon","coordinates":[[[-87.85419382179721,41.04708062798714],[-87.80602878067116,41.035856231567976],[-87.82091641343591,40.999538618180964],[-87.86904485481396,41.01075034849723],[-87.85419382179721,41.04708062798714]]]}},{"type":"Feature","properties":{"rain":20.126,"period":"120day","row":3,"col":14,"distance_miles":23.44,"normal":16.847,"departure":3.279,"percent_normal":119.5},"geometry":{"type":"Polygon","coordinates":[[[-87.80602878067116,41.035856231567976],[-87.75788878429283,41.02460231381742],[-87.7728129557725,40.98829739464887],[-87.82091641343591,40.999538618180964],[-87.80602878067116,41.035856231567976]]]}},{"type":"Feature","properties":{"rain":19.843,"period":"120day","row":3,"col":15,"distance_miles":24.12,"normal":16.899,"departure":2.944,"percent_normal":117.4},"geometry":{"type":"Polygon","coordinates":[[[-87.75788878429283,41.02460231381742],[-87.70977388104792,41.01331890683905],[-87.72473453013528,40.97702670993076],[-87.7728129557725,40.98829739464887],[-87.75788878429283,41.02460231381742]]]}},{"type":"Feature","properties":{"rain":15.614,"period":"120day","row":4,"col":7,"distance_miles":24.42,"normal":16.844,"departure":-1.23,"percent_normal":92.7},"geometry":{"type":"Polygon","coordinates":[[[-88.15833743155719,41.07739958613314],[-88.11006011313795,41.066365484649296],[-88.12470254470092,41.02997998922084],[-88.1729429484203,41.04100161407253],[-88.15833743155719,41.07739958613314]]]}},{"type":"Feature","properties":{"rain":14.402,"period":"120day","row":4,"col":8,"distance_miles":23.06,"normal":16.899,"departure":-2.498,"percent_normal":85.2},"geometry":{"type":"Polygon","coordinates":[[[-88.11006011313795,41.066365484649296],[-88.06180748455046,41.05530169893153],[-88.0764867704312,41.01892870866352],[-88.12470254470092,41.02997998922084],[-88.11006011313795,41.066365484649296]]]}},{"type":"Feature","properties":{"rain":16.732,"period":"120day","row":4,"col":9,"distance_miles":21.94,"normal":16.946,"departure":-0.214,"percent_normal":98.7},"geometry":{"type":"Polygon","coordinates":[[[-88.06180748455046,41.05530169893153],[-88.01357959525274,41.04420826067654],[-88.02829567499069,41.00784780402409],[-88.0764867704312,41.01892870866352],[-88.06180748455046,41.05530169893153]]]}},{"type":"Feature","properties":{"rain":17.748,"period":"120day","row":4,"col":10,"distance_miles":21.08,"normal":16.933,"departure":0.815,"percent_normal":104.8},"geometry":{"type":"Polygon","coordinates":[[[-88.01357959525274,41.04420826067654],[-87.96537649451184,41.03308520163728],[-87.9801293075688,40.996737306982226],[-88.02829567499069,41.00784780402409],[-88.01357959525274,41.04420826067654]]]}},{"type":"Feature","properties":{"rain":18.335,"period":"120day","row":4,"col":11,"distance_miles":20.53,"normal":16.931,"departure":1.404,"percent_normal":108.3},"geometry":{"type":"Polygon","coordinates":[[[-87.96537649451184,41.03308520163728],[-87.91719823140392,41.021932553622655],[-87.93198771716462,40.98559724927349],[-87.9801293075688,40.996737306982226],[-87.96537649451184,41.03308520163728]]]}},{"type":"Feature","properties":{"rain":19.346,"period":"120day","row":4,"col":12,"distance_miles":20.31,"normal":16.867,"departure":2.479,"percent_normal":114.7},"geometry":{"type":"Polygon","coordinates":[[[-87.91719823140392,41.021932553622655],[-87.86904485481396,41.01075034849723],[-87.88387095258693,40.97442766268907],[-87.93198771716462,40.98559724927349],[-87.91719823140392,41.021932553622655]]]}},{"type":"Feature","properties":{"rain":20.024,"period":"120day","row":4,"col":13,"distance_miles":20.43,"normal":16.826,"departure":3.198,"percent_normal":119.0},"geometry":{"type":"Polygon","coordinates":[[[-87.86904485481396,41.01075034849723],[-87.82091641343591,40.999538618180964],[-87.83577906245412,40.96322857907544],[-87.88387095258693,40.97442766268907],[-87.86904485481396,41.01075034849723]]]}},{"type":"Feature","properties":{"rain":20.961,"period":"120day","row":4,"col":14,"distance_miles":20.87,"normal":16.881,"departure":4.079,"percent_normal":124.2},"geometry":{"type":"Polygon","coordinates":[[[-87.82091641343591,40.999538618180964],[-87.7728129557725,40.98829739464887],[-87.78771209519411,40.95200003033412],[-87.83577906245412,40.96322857907544],[-87.82091641343591,40.999538618180964]]]}},{"type":"Feature","properties":{"rain":20.63,"period":"120day","row":4,"col":15,"distance_miles":21.63,"normal":16.955,"departure":3.675,"percent_normal":121.7},"geometry":{"type":"Polygon","coordinates":[[[-87.7728129557725,40.98829739464887],[-87.72473453013528,40.97702670993076],[-87.7396700990443,40.94074204842135],[-87.78771209519411,40.95200003033412],[-87.7728129557725,40.98829739464887]]]}},{"type":"Feature","properties":{"rain":19.756,"period":"120day","row":4,"col":16,"distance_miles":22.68,"normal":17.039,"departure":2.716,"percent_normal":115.9},"geometry":{"type":"Polygon","coordinates":[[[-87.72473453013528,40.97702670993076],[-87.67668118464448,40.96572659611096],[-87.69165312205159,40.9294546653478],[-87.7396700990443,40.94074204842135],[-87.72473453013528,40.97702670993076]]]}},{"type":"Feature","properties":{"rain":18.122,"period":"120day","row":4,"col":17,"distance_miles":23.96,"normal":17.108,"departure":1.014,"percent_normal":105.9},"geometry":{"type":"Polygon","coordinates":[[[-87.67668118464448,40.96572659611096],[-87.62865296722906,40.95439708532803],[-87.64366121207219,40.91813791317831],[-87.69165312205159,40.9294546653478],[-87.67668118464448,40.96572659611096]]]}},{"type":"Feature","properties":{"rain":20.252,"period":"120day","row":5,"col":6,"distance_miles":23.98,"normal":16.715,"departure":3.537,"percent_normal":121.2},"geometry":{"type":"Polygon","coordinates":[[[-88.22120793201961,41.05199355165154],[-88.1729429484203,41.04100161407253],[-88.18752388537183,41.004611363817936],[-88.23575194372813,41.01559087252752],[-88.22120793201961,41.05199355165154]]]}},{"type":"Feature","properties":{"rain":17.949,"period":"120day","row":5,"col":7,"distance_miles":22.29,"normal":16.773,"departure":1.176,"percent_normal":107.0},"geometry":{"type":"Polygon","coordinates":[[[-88.1729429484203,41.04100161407253],[-88.12470254470092,41.02997998922084],[-88.13932034678258,40.99360219640817],[-88.18752388537183,41.004611363817936],[-88.1729429484203,41.04100161407253]]]}},{"type":"Feature","properties":{"rain":17.547,"period":"120day","row":5,"col":8,"distance_miles":20.79,"normal":16.838,"departure":0.709,"percent_normal":104.2},"geometry":{"type":"Polygon","coordinates":[[[-88.12470254470092,41.02997998922084],[-88.0764867704312,41.01892870866352],[-88.091141377451,40.982563401792376],[-88.13932034678258,40.99360219640817],[-88.12470254470092,41.02997998922084]]]}},{"type":"Feature","properties":{"rain":18.024,"period":"120day","row":5,"col":9,"distance_miles":19.54,"normal":16.912,"departure":1.112,"percent_normal":106.6},"geometry":{"type":"Polygon","coordinates":[[[-88.0764867704312,41.01892870866352],[-88.02829567499069,41.00784780402409],[-88.04298702667832,40.97149501152103],[-88.091141377451,40.982563401792376],[-88.0764867704312,41.01892870866352]]]}},{"type":"Feature","properties":{"rain":18.244,"period":"120day","row":5,"col":10,"distance_miles":18.57,"normal":16.933,"departure":1.311,"percent_normal":107.7},"geometry":{"type":"Polygon","coordinates":[[[-88.02829567499069,41.00784780402409],[-87.9801293075688,40.996737306982226],[-87.99485734357629,40.96039705720079],[-88.04298702667832,40.97149501152103],[-88.02829567499069,41.00784780402409]]]}},{"type":"Feature","properties":{"rain":19.394,"period":"120day","row":5,"col":11,"distance_miles":17.94,"normal":16.929,"departure":2.465,"percent_normal":114.6},"geometry":{"type":"Polygon","coordinates":[[[-87.9801293075688,40.996737306982226],[-87.93198771716462,40.98559724927349],[-87.94675237706709,40.949269570494096],[-87.99485734357629,40.96039705720079],[-87.9801293075688,40.996737306982226]]]}},{"type":"Feature","properties":{"rain":20.209,"period":"120day","row":5,"col":12,"distance_miles":17.69,"normal":16.892,"departure":3.317,"percent_normal":119.6},"geometry":{"type":"Polygon","coordinates":[[[-87.93198771716462,40.98559724927349],[-87.88387095258693,40.97442766268907],[-87.8986721758833,40.938112583118965],[-87.94675237706709,40.949269570494096],[-87.93198771716462,40.98559724927349]]]}},{"type":"Feature","properties":{"rain":21.193,"period":"120day","row":5,"col":13,"distance_miles":17.82,"normal":16.847,"departure":4.346,"percent_normal":125.8},"geometry":{"type":"Polygon","coordinates":[[[-87.88387095258693,40.97442766268907],[-87.83577906245412,40.96322857907544],[-87.85061678856779,40.92692612684859],[-87.8986721758833,40.938112583118965],[-87.88387095258693,40.97442766268907]]]}},{"type":"Feature","properties":{"rain":20.642,"period":"120day","row":5,"col":14,"distance_miles":18.33,"normal":16.845,"departure":3.797,"percent_normal":122.5},"geometry":{"type":"Polygon","coordinates":[[[-87.83577906245412,40.96322857907544],[-87.78771209519411,40.95200003033412],[-87.80258626347374,40.915710233511206],[-87.85061678856779,40.92692612684859],[-87.83577906245412,40.96322857907544]]]}},{"type":"Feature","properties":{"rain":20.189,"period":"120day","row":5,"col":15,"distance_miles":19.19,"normal":17.011,"departure":3.178,"percent_normal":118.7},"geometry":{"type":"Polygon","coordinates":[[[-87.78771209519411,40.95200003033412],[-87.7396700990443,40.94074204842135],[-87.7545806487645,40.904464934989676],[-87.80258626347374,40.915710233511206],[-87.78771209519411,40.95200003033412]]]}},{"type":"Feature","properties":{"rain":19.866,"period":"120day","row":5,"col":16,"distance_miles":20.36,"normal":17.119,"departure":2.747,"percent_normal":116.0},"geometry":{"type":"Polygon","coordinates":[[[-87.7396700990443,40.94074204842135],[-87.69165312205159,40.9294546653478],[-87.70659999241359,40.89319026322124],[-87.7545806487645,40.904464934989676],[-87.7396700990443,40.94074204842135]]]}},{"type":"Feature","properties":{"rain":18.736,"period":"120day","row":5,"col":17,"distance_miles":21.78,"normal":17.167,"departure":1.569,"percent_normal":109.1},"geometry":{"type":"Polygon","coordinates":[[[-87.69165312205159,40.9294546653478],[-87.64366121207219,40.91813791317831],[-87.65864434220461,40.88188625019726],[-87.70659999241359,40.89319026322124],[-87.69165312205159,40.9294546653478]]]}},{"type":"Feature","properties":{"rain":17.965,"period":"120day","row":5,"col":18,"distance_miles":23.41,"normal":17.257,"departure":0.708,"percent_normal":104.1},"geometry":{"type":"Polygon","coordinates":[[[-87.64366121207219,40.91813791317831],[-87.59569441677175,40.90679182403161],[-87.61071374573129,40.8705529279629],[-87.65864434220461,40.88188625019726],[-87.64366121207219,40.91813791317831]]]}},{"type":"Feature","properties":{"rain":21.272,"period":"120day","row":6,"col":5,"distance_miles":24.11,"normal":16.641,"departure":4.631,"percent_normal":127.8},"geometry":{"type":"Polygon","coordinates":[[[-88.28400447217147,41.026540691099505],[-88.23575194372813,41.01559087252752],[-88.25027148531805,40.97919594660142],[-88.29848707835454,40.99013338404081],[-88.28400447217147,41.026540691099505]]]}},{"type":"Feature","properties":{"rain":20.331,"period":"120day","row":6,"col":6,"distance_miles":22.12,"normal":16.704,"departure":3.627,"percent_normal":121.7},"geometry":{"type":"Polygon","coordinates":[[[-88.23575194372813,41.01559087252752],[-88.18752388537183,41.004611363817936],[-88.20208030252476,40.96822884764067],[-88.25027148531805,40.97919594660142],[-88.23575194372813,41.01559087252752]]]}},{"type":"Feature","properties":{"rain":19.811,"period":"120day","row":6,"col":7,"distance_miles":20.27,"normal":16.773,"departure":3.038,"percent_normal":118.1},"geometry":{"type":"Polygon","coordinates":[[[-88.18752388537183,41.004611363817936],[-88.13932034678258,40.99360219640817],[-88.15391357957496,40.957232118523294],[-88.20208030252476,40.96822884764067],[-88.18752388537183,41.004611363817936]]]}},{"type":"Feature","properties":{"rain":19.929,"period":"120day","row":6,"col":8,"distance_miles":18.62,"normal":16.836,"departure":3.093,"percent_normal":118.4},"geometry":{"type":"Polygon","coordinates":[[[-88.13932034678258,40.99360219640817],[-88.091141377451,40.982563401792376],[-88.10577136588032,40.946205790670746],[-88.15391357957496,40.957232118523294],[-88.13932034678258,40.99360219640817]]]}},{"type":"Feature","properties":{"rain":19.276,"period":"120day","row":6,"col":9,"distance_miles":17.2,"normal":16.879,"departure":2.397,"percent_normal":114.2},"geometry":{"type":"Polygon","coordinates":[[[-88.091141377451,40.982563401792376],[-88.04298702667832,40.97149501152103],[-88.05765371066371,40.93514989556075],[-88.10577136588032,40.946205790670746],[-88.091141377451,40.982563401792376]]]}},{"type":"Feature","properties":{"rain":19.98,"period":"120day","row":6,"col":10,"distance_miles":16.1,"normal":16.91,"departure":3.07,"percent_normal":118.2},"geometry":{"type":"Polygon","coordinates":[[[-88.04298702667832,40.97149501152103],[-87.99485734357629,40.96039705720079],[-88.00956066295934,40.92406446472709],[-88.05765371066371,40.93514989556075],[-88.04298702667832,40.97149501152103]]]}},{"type":"Feature","properties":{"rain":20.378,"period":"120day","row":6,"col":11,"distance_miles":15.37,"normal":16.969,"departure":3.409,"percent_normal":120.1},"geometry":{"type":"Polygon","coordinates":[[[-87.99485734357629,40.96039705720079],[-87.94675237706709,40.949269570494096],[-87.96149227161256,40.91294952975931],[-88.00956066295934,40.92406446472709],[-87.99485734357629,40.96039705720079]]]}},{"type":"Feature","properties":{"rain":21.185,"period":"120day","row":6,"col":12,"distance_miles":15.07,"normal":16.976,"departure":4.209,"percent_normal":124.8},"geometry":{"type":"Polygon","coordinates":[[[-87.94675237706709,40.949269570494096],[-87.8986721758833,40.938112583118965],[-87.91344858527975,40.901805122302434],[-87.96149227161256,40.91294952975931],[-87.94675237706709,40.949269570494096]]]}},{"type":"Feature","properties":{"rain":21.209,"period":"120day","row":6,"col":13,"distance_miles":15.22,"normal":16.968,"departure":4.24,"percent_normal":125.0},"geometry":{"type":"Polygon","coordinates":[[[-87.8986721758833,40.938112583118965],[-87.85061678856779,40.92692612684859],[-87.8654296524284,40.890631274056666],[-87.91344858527975,40.901805122302434],[-87.8986721758833,40.938112583118965]]]}},{"type":"Feature","properties":{"rain":20.524,"period":"120day","row":6,"col":14,"distance_miles":15.81,"normal":16.976,"departure":3.547,"percent_normal":120.9},"geometry":{"type":"Polygon","coordinates":[[[-87.85061678856779,40.92692612684859],[-87.80258626347374,40.915710233511206],[-87.81743552133693,40.87942801677709],[-87.8654296524284,40.890631274056666],[-87.85061678856779,40.92692612684859]]]}},{"type":"Feature","properties":{"rain":20.374,"period":"120day","row":6,"col":15,"distance_miles":16.8,"normal":17.124,"departure":3.25,"percent_normal":119.0},"geometry":{"type":"Polygon","coordinates":[[[-87.80258626347374,40.915710233511206],[-87.7545806487645,40.904464934989676],[-87.76946624009472,40.868195382273434],[-87.81743552133693,40.87942801677709],[-87.80258626347374,40.915710233511206]]]}},{"type":"Feature","properties":{"rain":20.437,"period":"120day","row":6,"col":16,"distance_miles":18.12,"normal":17.156,"departure":3.281,"percent_normal":119.1},"geometry":{"type":"Polygon","coordinates":[[[-87.7545806487645,40.904464934989676],[-87.70659999241359,40.89319026322124],[-87.72152185660195,40.85693340240973],[-87.76946624009472,40.868195382273434],[-87.7545806487645,40.904464934989676]]]}},{"type":"Feature","properties":{"rain":19.417,"period":"120day","row":6,"col":17,"distance_miles":19.71,"normal":17.191,"departure":2.227,"percent_normal":113.0},"geometry":{"type":"Polygon","coordinates":[[[-87.70659999241359,40.89319026322124],[-87.65864434220461,40.88188625019726],[-87.67360241856971,40.845642109104055],[-87.72152185660195,40.85693340240973],[-87.70659999241359,40.89319026322124]]]}},{"type":"Feature","properties":{"rain":18.807,"period":"120day","row":6,"col":18,"distance_miles":21.49,"normal":17.257,"departure":1.55,"percent_normal":109.0},"geometry":{"type":"Polygon","coordinates":[[[-87.65864434220461,40.88188625019726],[-87.61071374573129,40.8705529279629],[-87.62570797351981,40.83432153432823],[-87.67360241856971,40.845642109104055],[-87.65864434220461,40.88188625019726]]]}},{"type":"Feature","properties":{"rain":18.622,"period":"120day","row":6,"col":19,"distance_miles":23.44,"normal":17.317,"departure":1.305,"percent_normal":107.5},"geometry":{"type":"Polygon","coordinates":[[[-87.61071374573129,40.8705529279629],[-87.56280825039732,40.85919032861684],[-87.57783856878477,40.82297171010754],[-87.62570797351981,40.83432153432823],[-87.61071374573129,40.8705529279629]]]}},{"type":"Feature","properties":{"rain":21.071,"period":"120day","row":7,"col":4,"distance_miles":24.81,"normal":16.498,"departure":4.572,"percent_normal":127.7},"geometry":{"type":"Polygon","coordinates":[[[-88.34672703184545,41.00104112865092],[-88.29848707835454,40.99013338404081],[-88.31294532405181,40.953733861421654],[-88.36114833234979,40.96462927260952],[-88.34672703184545,41.00104112865092]]]}},{"type":"Feature","properties":{"rain":20.492,"period":"120day","row":7,"col":5,"distance_miles":22.57,"normal":16.575,"departure":3.917,"percent_normal":123.6},"geometry":{"type":"Polygon","coordinates":[[[-88.29848707835454,40.99013338404081],[-88.25027148531805,40.97919594660142],[-88.26476661663332,40.94280878606394],[-88.31294532405181,40.953733861421654],[-88.29848707835454,40.99013338404081]]]}},{"type":"Feature","properties":{"rain":19.898,"period":"120day","row":7,"col":6,"distance_miles":20.43,"normal":16.646,"departure":3.252,"percent_normal":119.5},"geometry":{"type":"Polygon","coordinates":[[[-88.25027148531805,40.97919594660142],[-88.20208030252476,40.96822884764067],[-88.21661225980277,40.93185407777195],[-88.26476661663332,40.94280878606394],[-88.25027148531805,40.97919594660142]]]}},{"type":"Feature","properties":{"rain":19.701,"period":"120day","row":7,"col":7,"distance_miles":18.41,"normal":16.785,"departure":2.916,"percent_normal":117.4},"geometry":{"type":"Polygon","coordinates":[[[-88.20208030252476,40.96822884764067],[-88.15391357957496,40.957232118523294],[-88.1684823030808,40.92086976783802],[-88.21661225980277,40.93185407777195],[-88.20208030252476,40.96822884764067]]]}},{"type":"Feature","properties":{"rain":20.087,"period":"120day","row":7,"col":8,"distance_miles":16.57,"normal":16.859,"departure":3.228,"percent_normal":119.1},"geometry":{"type":"Polygon","coordinates":[[[-88.15391357957496,40.957232118523294],[-88.10577136588032,40.946205790670746],[-88.12037679580008,40.90985588761108],[-88.1684823030808,40.92086976783802],[-88.15391357957496,40.957232118523294]]]}},{"type":"Feature","properties":{"rain":19.874,"period":"120day","row":7,"col":9,"distance_miles":14.96,"normal":16.892,"departure":2.982,"percent_normal":117.7},"geometry":{"type":"Polygon","coordinates":[[[-88.10577136588032,40.946205790670746],[-88.05765371066371,40.93514989556075],[-88.07229578710539,40.898812468496246],[-88.12037679580008,40.90985588761108],[-88.10577136588032,40.946205790670746]]]}},{"type":"Feature","properties":{"rain":21.669,"period":"120day","row":7,"col":10,"distance_miles":13.68,"normal":16.93,"departure":4.739,"percent_normal":128.0},"geometry":{"type":"Polygon","coordinates":[[[-88.05765371066371,40.93514989556075],[-88.00956066295934,40.92406446472709],[-88.02423932595336,40.887739541954716],[-88.07229578710539,40.898812468496246],[-88.05765371066371,40.93514989556075]]]}},{"type":"Feature","properties":{"rain":22.701,"period":"120day","row":7,"col":11,"distance_miles":12.81,"normal":16.953,"departure":5.748,"percent_normal":133.9},"geometry":{"type":"Polygon","coordinates":[[[-88.00956066295934,40.92406446472709],[-87.96149227161256,40.91294952975931],[-87.97620746111254,40.87663713950332],[-88.02423932595336,40.887739541954716],[-88.00956066295934,40.92406446472709]]]}},{"type":"Feature","properties":{"rain":22.752,"period":"120day","row":7,"col":12,"distance_miles":12.45,"normal":17.006,"departure":5.746,"percent_normal":133.8},"geometry":{"type":"Polygon","coordinates":[[[-87.96149227161256,40.91294952975931],[-87.91344858527975,40.901805122302434],[-87.92820024116325,40.86550529271432],[-87.97620746111254,40.87663713950332],[-87.96149227161256,40.91294952975931]]]}},{"type":"Feature","properties":{"rain":21.22,"period":"120day","row":7,"col":13,"distance_miles":12.63,"normal":17.037,"departure":4.184,"percent_normal":124.6},"geometry":{"type":"Polygon","coordinates":[[[-87.91344858527975,40.901805122302434],[-87.8654296524284,40.890631274056666],[-87.8802177144976,40.854344033215085],[-87.92820024116325,40.86550529271432],[-87.91344858527975,40.901805122302434]]]}},{"type":"Feature","properties":{"rain":21.374,"period":"120day","row":7,"col":14,"distance_miles":13.34,"normal":17.092,"departure":4.282,"percent_normal":125.1},"geometry":{"type":"Polygon","coordinates":[[[-87.8654296524284,40.890631274056666],[-87.81743552133693,40.87942801677709],[-87.83225992931936,40.84315339268784],[-87.8802177144976,40.854344033215085],[-87.8654296524284,40.890631274056666]]]}},{"type":"Feature","properties":{"rain":20.969,"period":"120day","row":7,"col":15,"distance_miles":14.5,"normal":17.124,"departure":3.844,"percent_normal":122.4},"geometry":{"type":"Polygon","coordinates":[[[-87.81743552133693,40.87942801677709],[-87.76946624009472,40.868195382273434],[-87.78432693364392,40.83193340286932],[-87.83225992931936,40.84315339268784],[-87.81743552133693,40.87942801677709]]]}},{"type":"Feature","properties":{"rain":21.398,"period":"120day","row":7,"col":16,"distance_miles":16.01,"normal":17.204,"departure":4.194,"percent_normal":124.4},"geometry":{"type":"Polygon","coordinates":[[[-87.76946624009472,40.868195382273434],[-87.72152185660195,40.85693340240973],[-87.73641877529829,40.820684095550575],[-87.78432693364392,40.83193340286932],[-87.76946624009472,40.868195382273434]]]}},{"type":"Feature","properties":{"rain":22.268,"period":"120day","row":7,"col":17,"distance_miles":17.78,"normal":17.232,"departure":5.036,"percent_normal":129.2},"geometry":{"type":"Polygon","coordinates":[[[-87.72152185660195,40.85693340240973],[-87.67360241856971,40.845642109104055],[-87.68853550192094,40.8094055025766],[-87.73641877529829,40.820684095550575],[-87.72152185660195,40.85693340240973]]]}},{"type":"Feature","properties":{"rain":21.571,"period":"120day","row":7,"col":18,"distance_miles":19.74,"normal":17.262,"departure":4.309,"percent_normal":125.0},"geometry":{"type":"Polygon","coordinates":[[[-87.67360241856971,40.845642109104055],[-87.62570797351981,40.83432153432823],[-87.64067716096189,40.798097655846114],[-87.68853550192094,40.8094055025766],[-87.67360241856971,40.845642109104055]]]}},{"type":"Feature","properties":{"rain":21.256,"period":"120day","row":7,"col":19,"distance_miles":21.84,"normal":17.316,"departure":3.94,"percent_normal":122.8},"geometry":{"type":"Polygon","coordinates":[[[-87.62570797351981,40.83432153432823],[-87.57783856878477,40.82297171010754],[-87.59284379968253,40.78676058731119],[-87.64067716096189,40.798097655846114],[-87.62570797351981,40.83432153432823]]]}},{"type":"Feature","properties":{"rain":20.587,"period":"120day","row":7,"col":20,"distance_miles":24.05,"normal":17.39,"departure":3.197,"percent_normal":118.4},"geometry":{"type":"Polygon","coordinates":[[[-87.57783856878477,40.82297171010754],[-87.52999425150786,40.81159266852044],[-87.54503546515572,40.775394328977086],[-87.59284379968253,40.78676058731119],[-87.57783856878477,40.82297171010754]]]}},{"type":"Feature","properties":{"rain":20.819,"period":"120day","row":8,"col":4,"distance_miles":23.6,"normal":16.498,"departure":4.321,"percent_normal":126.2},"geometry":{"type":"Polygon","coordinates":[[[-88.36114833234979,40.96462927260952],[-88.31294532405181,40.953733861421654],[-88.32737926883831,40.91734213535252],[-88.37554538183959,40.92822523209931],[-88.36114833234979,40.96462927260952]]]}},{"type":"Feature","properties":{"rain":20.571,"period":"120day","row":8,"col":5,"distance_miles":21.24,"normal":16.608,"departure":3.963,"percent_normal":123.9},"geometry":{"type":"Polygon","coordinates":[[[-88.31294532405181,40.953733861421654],[-88.26476661663332,40.94280878606394],[-88.27923739732934,40.90642940306603],[-88.32737926883831,40.91734213535252],[-88.31294532405181,40.953733861421654]]]}},{"type":"Feature","properties":{"rain":20.685,"period":"120day","row":8,"col":6,"distance_miles":18.95,"normal":16.697,"departure":3.988,"percent_normal":123.9},"geometry":{"type":"Polygon","coordinates":[[[-88.26476661663332,40.94280878606394],[-88.21661225980277,40.93185407777195],[-88.23111981694089,40.89548706640324],[-88.27923739732934,40.90642940306603],[-88.26476661663332,40.94280878606394]]]}},{"type":"Feature","properties":{"rain":20.543,"period":"120day","row":8,"col":7,"distance_miles":16.76,"normal":16.774,"departure":3.769,"percent_normal":122.5},"geometry":{"type":"Polygon","coordinates":[[[-88.21661225980277,40.93185407777195],[-88.1684823030808,40.92086976783802],[-88.183026577114,40.88451515658424],[-88.23111981694089,40.89548706640324],[-88.21661225980277,40.93185407777195]]]}},{"type":"Feature","properties":{"rain":19.484,"period":"120day","row":8,"col":8,"distance_miles":14.71,"normal":16.828,"departure":2.657,"percent_normal":115.8},"geometry":{"type":"Polygon","coordinates":[[[-88.1684823030808,40.92086976783802],[-88.12037679580008,40.90985588761108],[-88.13495772710253,40.87351370488567],[-88.183026577114,40.88451515658424],[-88.1684823030808,40.92086976783802]]]}},{"type":"Feature","properties":{"rain":19.669,"period":"120day","row":8,"col":9,"distance_miles":12.87,"normal":16.946,"departure":2.723,"percent_normal":116.1},"geometry":{"type":"Polygon","coordinates":[[[-88.12037679580008,40.90985588761108],[-88.07229578710539,40.898812468496246],[-88.08691331597305,40.862482742640324],[-88.13495772710253,40.87351370488567],[-88.12037679580008,40.90985588761108]]]}},{"type":"Feature","properties":{"rain":22.37,"period":"120day","row":8,"col":10,"distance_miles":11.35,"normal":16.958,"departure":5.412,"percent_normal":131.9},"geometry":{"type":"Polygon","coordinates":[[[-88.07229578710539,40.898812468496246],[-88.02423932595336,40.887739541954716],[-88.0388933926048,40.85142230123696],[-88.08691331597305,40.862482742640324],[-88.07229578710539,40.898812468496246]]]}},{"type":"Feature","properties":{"rain":23.11,"period":"120day","row":8,"col":11,"distance_miles":10.28,"normal":16.979,"departure":6.132,"percent_normal":136.1},"geometry":{"type":"Polygon","coordinates":[[[-88.02423932595336,40.887739541954716],[-87.97620746111254,40.87663713950332],[-87.99089800568959,40.84033241211991],[-88.0388933926048,40.85142230123696],[-88.02423932595336,40.887739541954716]]]}},{"type":"Feature","properties":{"rain":23.091,"period":"120day","row":8,"col":12,"distance_miles":9.83,"normal":17.029,"departure":6.062,"percent_normal":135.6},"geometry":{"type":"Polygon","coordinates":[[[-87.97620746111254,40.87663713950332],[-87.92820024116325,40.86550529271432],[-87.94292720373173,40.82921310678889],[-87.99089800568959,40.84033241211991],[-87.97620746111254,40.87663713950332]]]}},{"type":"Feature","properties":{"rain":22.732,"period":"120day","row":8,"col":13,"distance_miles":10.06,"normal":17.071,"departure":5.661,"percent_normal":133.2},"geometry":{"type":"Polygon","coordinates":[[[-87.92820024116325,40.86550529271432],[-87.8802177144976,40.854344033215085],[-87.894981035048,40.81806441679864],[-87.94292720373173,40.82921310678889],[-87.92820024116325,40.86550529271432]]]}},{"type":"Feature","properties":{"rain":22.701,"period":"120day","row":8,"col":14,"distance_miles":10.94,"normal":17.113,"departure":5.587,"percent_normal":132.6},"geometry":{"type":"Polygon","coordinates":[[[-87.8802177144976,40.854344033215085],[-87.83225992931936,40.84315339268784],[-87.84705954776757,40.80688637375871],[-87.894981035048,40.81806441679864],[-87.8802177144976,40.854344033215085]]]}},{"type":"Feature","properties":{"rain":22.287,"period":"120day","row":8,"col":15,"distance_miles":12.32,"normal":17.151,"departure":5.136,"percent_normal":129.9},"geometry":{"type":"Polygon","coordinates":[[[-87.83225992931936,40.84315339268784],[-87.78432693364392,40.83193340286932],[-87.79916278983194,40.79567900933311],[-87.84705954776757,40.80688637375871],[-87.83225992931936,40.84315339268784]]]}},{"type":"Feature","properties":{"rain":22.941,"period":"120day","row":8,"col":16,"distance_miles":14.06,"normal":17.229,"departure":5.711,"percent_normal":133.1},"geometry":{"type":"Polygon","coordinates":[[[-87.78432693364392,40.83193340286932],[-87.73641877529829,40.820684095550575],[-87.7512908089949,40.78444235524007],[-87.79916278983194,40.79567900933311],[-87.78432693364392,40.83193340286932]]]}},{"type":"Feature","properties":{"rain":23.268,"period":"120day","row":8,"col":17,"distance_miles":16.05,"normal":17.25,"departure":6.017,"percent_normal":134.9},"geometry":{"type":"Polygon","coordinates":[[[-87.73641877529829,40.820684095550575],[-87.68853550192094,40.8094055025766],[-87.70344365282246,40.77317644325174],[-87.7512908089949,40.78444235524007],[-87.73641877529829,40.820684095550575]]]}},{"type":"Feature","properties":{"rain":22.654,"period":"120day","row":8,"col":18,"distance_miles":18.2,"normal":17.281,"departure":5.373,"percent_normal":131.1},"geometry":{"type":"Polygon","coordinates":[[[-87.68853550192094,40.8094055025766],[-87.64067716096189,40.798097655846114],[-87.65562136869282,40.761881305193896],[-87.70344365282246,40.77317644325174],[-87.68853550192094,40.8094055025766]]]}},{"type":"Feature","properties":{"rain":22.457,"period":"120day","row":8,"col":19,"distance_miles":20.46,"normal":17.316,"departure":5.141,"percent_normal":129.7},"geometry":{"type":"Polygon","coordinates":[[[-87.64067716096189,40.798097655846114],[-87.59284379968253,40.78676058731119],[-87.60782400379632,40.750556972945674],[-87.65562136869282,40.761881305193896],[-87.64067716096189,40.798097655846114]]]}},{"type":"Feature","properties":{"rain":21.835,"period":"120day","row":8,"col":20,"distance_miles":22.8,"normal":17.378,"departure":4.457,"percent_normal":125.6},"geometry":{"type":"Polygon","coordinates":[[[-87.59284379968253,40.78676058731119],[-87.54503546515572,40.775394328977086],[-87.56005160513543,40.73920347843925],[-87.60782400379632,40.750556972945674],[-87.59284379968253,40.78676058731119]]]}},{"type":"Feature","properties":{"rain":19.965,"period":"120day","row":9,"col":4,"distance_miles":22.64,"normal":16.396,"departure":3.568,"percent_normal":121.8},"geometry":{"type":"Polygon","coordinates":[[[-88.37554538183959,40.92822523209931],[-88.32737926883831,40.91734213535252],[-88.34178897210133,40.88095821790432],[-88.38991823962115,40.89182901915085],[-88.37554538183959,40.92822523209931]]]}},{"type":"Feature","properties":{"rain":20.154,"period":"120day","row":9,"col":5,"distance_miles":20.17,"normal":16.68,"departure":3.473,"percent_normal":120.8},"geometry":{"type":"Polygon","coordinates":[[[-88.32737926883831,40.91734213535252],[-88.27923739732934,40.90642940306603],[-88.29368388687368,40.870057809718915],[-88.34178897210133,40.88095821790432],[-88.32737926883831,40.91734213535252]]]}},{"type":"Feature","properties":{"rain":20.705,"period":"120day","row":9,"col":6,"distance_miles":17.74,"normal":16.792,"departure":3.913,"percent_normal":123.3},"geometry":{"type":"Polygon","coordinates":[[[-88.27923739732934,40.90642940306603],[-88.23111981694089,40.89548706640324],[-88.24560303348625,40.85912782568605],[-88.29368388687368,40.870057809718915],[-88.27923739732934,40.90642940306603]]]}},{"type":"Feature","properties":{"rain":19.906,"period":"120day","row":9,"col":7,"distance_miles":15.37,"normal":16.876,"departure":3.029,"percent_normal":118.0},"geometry":{"type":"Polygon","coordinates":[[[-88.23111981694089,40.89548706640324],[-88.183026577114,40.88451515658424],[-88.19754646130058,40.84816829695385],[-88.24560303348625,40.85912782568605],[-88.23111981694089,40.89548706640324]]]}},{"type":"Feature","properties":{"rain":19.496,"period":"120day","row":9,"col":8,"distance_miles":13.11,"normal":16.929,"departure":2.567,"percent_normal":115.2},"geometry":{"type":"Polygon","coordinates":[[[-88.183026577114,40.88451515658424],[-88.13495772710253,40.87351370488567],[-88.14951421949175,40.83717925472681],[-88.19754646130058,40.84816829695385],[-88.183026577114,40.88451515658424]]]}},{"type":"Feature","properties":{"rain":20.173,"period":"120day","row":9,"col":9,"distance_miles":11.0,"normal":17.095,"departure":3.078,"percent_normal":118.0},"geometry":{"type":"Polygon","coordinates":[[[-88.13495772710253,40.87351370488567],[-88.08691331597305,40.862482742640324],[-88.10150635704825,40.826160730265656],[-88.14951421949175,40.83717925472681],[-88.13495772710253,40.87351370488567]]]}},{"type":"Feature","properties":{"rain":22.551,"period":"120day","row":9,"col":10,"distance_miles":9.18,"normal":17.044,"departure":5.507,"percent_normal":132.3},"geometry":{"type":"Polygon","coordinates":[[[-88.08691331597305,40.862482742640324],[-88.0388933926048,40.85142230123696],[-88.05352292277196,40.81511275488686],[-88.10150635704825,40.826160730265656],[-88.08691331597305,40.862482742640324]]]}},{"type":"Feature","properties":{"rain":22.594,"period":"120day","row":9,"col":11,"distance_miles":7.82,"normal":17.008,"departure":5.586,"percent_normal":132.8},"geometry":{"type":"Polygon","coordinates":[[[-88.0388933926048,40.85142230123696],[-87.99089800568959,40.84033241211991],[-88.00556396527804,40.804035359962505],[-88.05352292277196,40.81511275488686],[-88.0388933926048,40.85142230123696]]]}},{"type":"Feature","properties":{"rain":23.189,"period":"120day","row":9,"col":12,"distance_miles":7.21,"normal":17.029,"departure":6.16,"percent_normal":136.2},"geometry":{"type":"Polygon","coordinates":[[[-87.99089800568959,40.84033241211991],[-87.94292720373173,40.82921310678889],[-87.95762953299482,40.792928576919934],[-88.00556396527804,40.804035359962505],[-87.99089800568959,40.84033241211991]]]}},{"type":"Feature","properties":{"rain":23.862,"period":"120day","row":9,"col":13,"distance_miles":7.52,"normal":17.077,"departure":6.785,"percent_normal":139.7},"geometry":{"type":"Polygon","coordinates":[[[-87.94292720373173,40.82921310678889],[-87.894981035048,40.81806441679864],[-87.90971967416382,40.78179243724151],[-87.95762953299482,40.792928576919934],[-87.94292720373173,40.82921310678889]]]}},{"type":"Feature","properties":{"rain":23.661,"period":"120day","row":9,"col":14,"distance_miles":8.66,"normal":17.132,"departure":6.529,"percent_normal":138.1},"geometry":{"type":"Polygon","coordinates":[[[-87.894981035048,40.81806441679864],[-87.84705954776757,40.80688637375871],[-87.86183443683969,40.77062697246431],[-87.90971967416382,40.78179243724151],[-87.894981035048,40.81806441679864]]]}},{"type":"Feature","properties":{"rain":23.106,"period":"120day","row":9,"col":15,"distance_miles":10.35,"normal":17.179,"departure":5.927,"percent_normal":134.5},"geometry":{"type":"Polygon","coordinates":[[[-87.84705954776757,40.80688637375871],[-87.79916278983194,40.79567900933311],[-87.81397386889007,40.759432214179796],[-87.86183443683969,40.77062697246431],[-87.84705954776757,40.80688637375871]]]}},{"type":"Feature","properties":{"rain":21.976,"period":"120day","row":9,"col":16,"distance_miles":12.37,"normal":17.21,"departure":4.767,"percent_normal":127.7},"geometry":{"type":"Polygon","coordinates":[[[-87.79916278983194,40.79567900933311],[-87.7512908089949,40.78444235524007],[-87.7661380179956,40.7482081940336],[-87.81397386889007,40.759432214179796],[-87.79916278983194,40.79567900933311]]]}},{"type":"Feature","properties":{"rain":21.551,"period":"120day","row":9,"col":17,"distance_miles":14.59,"normal":17.255,"departure":4.296,"percent_normal":124.9},"geometry":{"type":"Polygon","coordinates":[[[-87.7512908089949,40.78444235524007],[-87.70344365282246,40.77317644325174],[-87.71832693164986,40.736954943725245],[-87.7661380179956,40.7482081940336],[-87.7512908089949,40.78444235524007]]]}},{"type":"Feature","properties":{"rain":22.091,"period":"120day","row":9,"col":18,"distance_miles":16.92,"normal":17.271,"departure":4.819,"percent_normal":127.9},"geometry":{"type":"Polygon","coordinates":[[[-87.70344365282246,40.77317644325174],[-87.65562136869282,40.761881305193896],[-87.6705406571593,40.72567249500777],[-87.71832693164986,40.736954943725245],[-87.70344365282246,40.77317644325174]]]}},{"type":"Feature","properties":{"rain":22.567,"period":"120day","row":9,"col":19,"distance_miles":19.33,"normal":17.332,"departure":5.235,"percent_normal":130.2},"geometry":{"type":"Polygon","coordinates":[[[-87.65562136869282,40.761881305193896],[-87.60782400379632,40.750556972945674],[-87.62277924164322,40.714360879687575],[-87.6705406571593,40.72567249500777],[-87.65562136869282,40.761881305193896]]]}},{"type":"Feature","properties":{"rain":22.28,"period":"120day","row":9,"col":20,"distance_miles":21.79,"normal":17.4,"departure":4.879,"percent_normal":128.0},"geometry":{"type":"Polygon","coordinates":[[[-87.60782400379632,40.750556972945674],[-87.56005160513543,40.73920347843925],[-87.57504273203372,40.70302012962398],[-87.62277924164322,40.714360879687575],[-87.60782400379632,40.750556972945674]]]}},{"type":"Feature","properties":{"rain":21.839,"period":"120day","row":9,"col":21,"distance_miles":24.28,"normal":17.472,"departure":4.367,"percent_normal":125.0},"geometry":{"type":"Polygon","coordinates":[[[-87.56005160513543,40.73920347843925],[-87.51230421952461,40.72782085365964],[-87.52733117507566,40.69165027672913],[-87.57504273203372,40.70302012962398],[-87.56005160513543,40.73920347843925]]]}},{"type":"Feature","properties":{"rain":21.063,"period":"120day","row":10,"col":3,"distance_miles":24.53,"normal":16.236,"departure":4.827,"percent_normal":129.7},"geometry":{"type":"Polygon","coordinates":[[[-88.43807163969886,40.90267018242406],[-88.38991823962115,40.89182901915085],[-88.40426696481377,40.85544064575546],[-88.45238351021143,40.86626956107219],[-88.43807163969886,40.90267018242406]]]}},{"type":"Feature","properties":{"rain":19.996,"period":"120day","row":10,"col":4,"distance_miles":21.95,"normal":16.398,"departure":3.598,"percent_normal":121.9},"geometry":{"type":"Polygon","coordinates":[[[-88.38991823962115,40.89182901915085],[-88.34178897210133,40.88095821790432],[-88.35617449304105,40.84458212110858],[-88.40426696481377,40.85544064575546],[-88.38991823962115,40.89182901915085]]]}},{"type":"Feature","properties":{"rain":20.929,"period":"120day","row":10,"col":5,"distance_miles":19.39,"normal":16.547,"departure":4.382,"percent_normal":126.5},"geometry":{"type":"Polygon","coordinates":[[[-88.34178897210133,40.88095821790432],[-88.29368388687368,40.870057809718915],[-88.30810614454676,40.833694018094334],[-88.35617449304105,40.84458212110858],[-88.34178897210133,40.88095821790432]]]}},{"type":"Feature","properties":{"rain":20.24,"period":"120day","row":10,"col":6,"distance_miles":16.85,"normal":16.794,"departure":3.446,"percent_normal":120.5},"geometry":{"type":"Polygon","coordinates":[[[-88.29368388687368,40.870057809718915],[-88.24560303348625,40.85912782568605],[-88.26006196879875,40.82277636773238],[-88.30810614454676,40.833694018094334],[-88.29368388687368,40.870057809718915]]]}},{"type":"Feature","properties":{"rain":19.673,"period":"120day","row":10,"col":7,"distance_miles":14.33,"normal":16.937,"departure":2.737,"percent_normal":116.2},"geometry":{"type":"Polygon","coordinates":[[[-88.24560303348625,40.85912782568605],[-88.19754646130058,40.84816829695385],[-88.2120420150792,40.81182920109904],[-88.26006196879875,40.82277636773238],[-88.24560303348625,40.85912782568605]]]}},{"type":"Feature","properties":{"rain":21.539,"period":"120day","row":10,"col":8,"distance_miles":11.87,"normal":17.105,"departure":4.434,"percent_normal":125.9},"geometry":{"type":"Polygon","coordinates":[[[-88.19754646130058,40.84816829695385],[-88.14951421949175,40.83717925472681],[-88.1640463324845,40.800852549326976],[-88.2120420150792,40.81182920109904],[-88.19754646130058,40.84816829695385]]]}},{"type":"Feature","properties":{"rain":23.567,"period":"120day","row":10,"col":9,"distance_miles":9.5,"normal":17.095,"departure":6.472,"percent_normal":137.9},"geometry":{"type":"Polygon","coordinates":[[[-88.14951421949175,40.83717925472681],[-88.10150635704825,40.826160730265656],[-88.11607496992512,40.789846443604915],[-88.1640463324845,40.800852549326976],[-88.14951421949175,40.83717925472681]]]}},{"type":"Feature","properties":{"rain":23.535,"period":"120day","row":10,"col":10,"distance_miles":7.31,"normal":17.133,"departure":6.402,"percent_normal":137.4},"geometry":{"type":"Polygon","coordinates":[[[-88.10150635704825,40.826160730265656],[-88.05352292277196,40.81511275488686],[-88.06812797612565,40.77881091517735],[-88.11607496992512,40.789846443604915],[-88.10150635704825,40.826160730265656]]]}},{"type":"Feature","properties":{"rain":23.5,"period":"120day","row":10,"col":11,"distance_miles":5.51,"normal":17.051,"departure":6.449,"percent_normal":137.8},"geometry":{"type":"Polygon","coordinates":[[[-88.05352292277196,40.81511275488686],[-88.00556396527804,40.804035359962505],[-88.02020539962463,40.7677459953443],[-88.06812797612565,40.77881091517735],[-88.05352292277196,40.81511275488686]]]}},{"type":"Feature","properties":{"rain":24.185,"period":"120day","row":10,"col":12,"distance_miles":4.6,"normal":17.021,"departure":7.164,"percent_normal":142.1},"geometry":{"type":"Polygon","coordinates":[[[-88.00556396527804,40.804035359962505],[-87.95762953299482,40.792928576919934],[-87.9723072887745,40.75665171546096],[-88.02020539962463,40.7677459953443],[-88.00556396527804,40.804035359962505]]]}},{"type":"Feature","properties":{"rain":24.224,"period":"120day","row":10,"col":13,"distance_miles":5.07,"normal":17.018,"departure":7.207,"percent_normal":142.3},"geometry":{"type":"Polygon","coordinates":[[[-87.95762953299482,40.792928576919934],[-87.90971967416382,40.78179243724151],[-87.92443369174164,40.745528106937485],[-87.9723072887745,40.75665171546096],[-87.95762953299482,40.792928576919934]]]}},{"type":"Feature","properties":{"rain":23.457,"period":"120day","row":10,"col":14,"distance_miles":6.64,"normal":17.13,"departure":6.327,"percent_normal":136.9},"geometry":{"type":"Polygon","coordinates":[[[-87.90971967416382,40.78179243724151],[-87.86183443683969,40.77062697246431],[-87.87658465650614,40.73437520123868],[-87.92443369174164,40.745528106937485],[-87.90971967416382,40.78179243724151]]]}},{"type":"Feature","properties":{"rain":23.047,"period":"120day","row":10,"col":15,"distance_miles":8.73,"normal":17.196,"departure":5.852,"percent_normal":134.0},"geometry":{"type":"Polygon","coordinates":[[[-87.86183443683969,40.77062697246431],[-87.81397386889007,40.759432214179796],[-87.82876023086187,40.72319302988371],[-87.87658465650614,40.73437520123868],[-87.86183443683969,40.77062697246431]]]}},{"type":"Feature","properties":{"rain":22.85,"period":"120day","row":10,"col":16,"distance_miles":11.05,"normal":17.234,"departure":5.616,"percent_normal":132.6},"geometry":{"type":"Polygon","coordinates":[[[-87.81397386889007,40.759432214179796],[-87.7661380179956,40.7482081940336],[-87.78096046241639,40.71198162444581],[-87.82876023086187,40.72319302988371],[-87.81397386889007,40.759432214179796]]]}},{"type":"Feature","properties":{"rain":22.913,"period":"120day","row":10,"col":17,"distance_miles":13.48,"normal":17.264,"departure":5.65,"percent_normal":132.7},"geometry":{"type":"Polygon","coordinates":[[[-87.7661380179956,40.7482081940336],[-87.71832693164986,40.736954943725245],[-87.73318539859088,40.70074101655205],[-87.78096046241639,40.71198162444581],[-87.7661380179956,40.7482081940336]]]}},{"type":"Feature","properties":{"rain":23.78,"period":"120day","row":10,"col":18,"distance_miles":15.98,"normal":17.285,"departure":6.495,"percent_normal":137.6},"geometry":{"type":"Polygon","coordinates":[[[-87.71832693164986,40.736954943725245],[-87.6705406571593,40.72567249500777],[-87.68543508662009,40.68947123788298],[-87.73318539859088,40.70074101655205],[-87.71832693164986,40.736954943725245]]]}},{"type":"Feature","properties":{"rain":23.819,"period":"120day","row":10,"col":19,"distance_miles":18.51,"normal":17.305,"departure":6.514,"percent_normal":137.6},"geometry":{"type":"Polygon","coordinates":[[[-87.6705406571593,40.72567249500777],[-87.62277924164322,40.714360879687575],[-87.63770957355231,40.67817232017241],[-87.68543508662009,40.68947123788298],[-87.6705406571593,40.72567249500777]]]}},{"type":"Feature","properties":{"rain":24.11,"period":"120day","row":10,"col":20,"distance_miles":21.06,"normal":17.339,"departure":6.771,"percent_normal":139.0},"geometry":{"type":"Polygon","coordinates":[[[-87.62277924164322,40.714360879687575],[-87.57504273203372,40.70302012962398],[-87.59000890624937,40.666844295207085],[-87.63770957355231,40.67817232017241],[-87.62277924164322,40.714360879687575]]]}},{"type":"Feature","properties":{"rain":22.953,"period":"120day","row":10,"col":21,"distance_miles":23.63,"normal":17.518,"departure":5.434,"percent_normal":131.0},"geometry":{"type":"Polygon","coordinates":[[[-87.57504273203372,40.70302012962398],[-87.52733117507566,40.69165027672913],[-87.54233313138648,40.655487194826435],[-87.59000890624937,40.666844295207085],[-87.57504273203372,40.70302012962398]]]}},{"type":"Feature","properties":{"rain":20.902,"period":"120day","row":11,"col":3,"distance_miles":24.18,"normal":16.226,"departure":4.675,"percent_normal":128.8},"geometry":{"type":"Polygon","coordinates":[[[-88.45238351021143,40.86626956107219],[-88.40426696481377,40.85544064575546],[-88.41859161635058,40.819060123865206],[-88.46667135690723,40.82987681005647],[-88.45238351021143,40.86626956107219]]]}},{"type":"Feature","properties":{"rain":20.406,"period":"120day","row":11,"col":4,"distance_miles":21.56,"normal":16.43,"departure":3.976,"percent_normal":124.2},"geometry":{"type":"Polygon","coordinates":[[[-88.40426696481377,40.85544064575546],[-88.35617449304105,40.84458212110858],[-88.37053589067145,40.80821385695744],[-88.41859161635058,40.819060123865206],[-88.40426696481377,40.85544064575546]]]}},{"type":"Feature","properties":{"rain":20.961,"period":"120day","row":11,"col":5,"distance_miles":18.94,"normal":16.626,"departure":4.334,"percent_normal":126.1},"geometry":{"type":"Polygon","coordinates":[[[-88.35617449304105,40.84458212110858],[-88.30810614454676,40.833694018094334],[-88.32250422944257,40.79733804022452],[-88.37053589067145,40.80821385695744],[-88.35617449304105,40.84458212110858]]]}},{"type":"Feature","properties":{"rain":20.795,"period":"120day","row":11,"col":6,"distance_miles":16.33,"normal":16.888,"departure":3.907,"percent_normal":123.1},"geometry":{"type":"Polygon","coordinates":[[[-88.30810614454676,40.833694018094334],[-88.26006196879875,40.82277636773238],[-88.27449668205183,40.78643270461458],[-88.32250422944257,40.79733804022452],[-88.30810614454676,40.833694018094334]]]}},{"type":"Feature","properties":{"rain":21.142,"period":"120day","row":11,"col":7,"distance_miles":13.73,"normal":17.051,"departure":4.091,"percent_normal":124.0},"geometry":{"type":"Polygon","coordinates":[[[-88.26006196879875,40.82277636773238],[-88.2120420150792,40.81182920109904],[-88.22651329770204,40.77549788113234],[-88.27449668205183,40.78643270461458],[-88.26006196879875,40.82277636773238]]]}},{"type":"Feature","properties":{"rain":23.772,"period":"120day","row":11,"col":8,"distance_miles":11.13,"normal":17.152,"departure":6.62,"percent_normal":138.6},"geometry":{"type":"Polygon","coordinates":[[[-88.2120420150792,40.81182920109904],[-88.1640463324845,40.800852549326976],[-88.17855412541094,40.76453360083879],[-88.22651329770204,40.77549788113234],[-88.2120420150792,40.81182920109904]]]}},{"type":"Feature","properties":{"rain":24.091,"period":"120day","row":11,"col":9,"distance_miles":8.56,"normal":17.207,"departure":6.883,"percent_normal":140.0},"geometry":{"type":"Polygon","coordinates":[[[-88.1640463324845,40.800852549326976],[-88.11607496992512,40.789846443604915],[-88.1306192140111,40.75353989485091],[-88.17855412541094,40.76453360083879],[-88.1640463324845,40.800852549326976]]]}},{"type":"Feature","properties":{"rain":23.331,"period":"120day","row":11,"col":10,"distance_miles":6.03,"normal":17.129,"departure":6.201,"percent_normal":136.2},"geometry":{"type":"Polygon","coordinates":[[[-88.11607496992512,40.789846443604915],[-88.06812797612565,40.77881091517735],[-88.08270861214987,40.74251679434141],[-88.1306192140111,40.75353989485091],[-88.11607496992512,40.789846443604915]]]}},{"type":"Feature","properties":{"rain":23.346,"period":"120day","row":11,"col":11,"distance_miles":3.65,"normal":17.041,"departure":6.305,"percent_normal":137.0},"geometry":{"type":"Polygon","coordinates":[[[-88.06812797612565,40.77881091517735],[-88.02020539962463,40.7677459953443],[-88.03482236828927,40.73146433053842],[-88.08270861214987,40.74251679434141],[-88.06812797612565,40.77881091517735]]]}},{"type":"Feature","properties":{"rain":23.24,"period":"120day","row":11,"col":12,"distance_miles":2.01,"normal":17.008,"departure":6.232,"percent_normal":136.6},"geometry":{"type":"Polygon","coordinates":[[[-88.02020539962463,40.7677459953443],[-87.9723072887745,40.75665171546096],[-87.98696053070591,40.72038253472524],[-88.03482236828927,40.73146433053842],[-88.02020539962463,40.7677459953443]]]}},{"type":"Feature","properties":{"rain":23.717,"period":"120day","row":11,"col":13,"distance_miles":2.93,"normal":17.018,"departure":6.699,"percent_normal":139.4},"geometry":{"type":"Polygon","coordinates":[[[-87.9723072887745,40.75665171546096],[-87.92443369174164,40.745528106937485],[-87.93912314749103,40.709271438239995],[-87.98696053070591,40.72038253472524],[-87.9723072887745,40.75665171546096]]]}},{"type":"Feature","properties":{"rain":23.24,"period":"120day","row":11,"col":14,"distance_miles":5.18,"normal":17.039,"departure":6.201,"percent_normal":136.4},"geometry":{"type":"Polygon","coordinates":[[[-87.92443369174164,40.745528106937485],[-87.87658465650614,40.73437520123868],[-87.89131026655029,40.69813107247546],[-87.93912314749103,40.709271438239995],[-87.92443369174164,40.745528106937485]]]}},{"type":"Feature","properties":{"rain":22.894,"period":"120day","row":11,"col":15,"distance_miles":7.68,"normal":17.12,"departure":5.774,"percent_normal":133.7},"geometry":{"type":"Polygon","coordinates":[[[-87.87658465650614,40.73437520123868],[-87.82876023086187,40.72319302988371],[-87.84352193560383,40.68696146887867],[-87.89131026655029,40.69813107247546],[-87.87658465650614,40.73437520123868]]]}},{"type":"Feature","properties":{"rain":23.441,"period":"120day","row":11,"col":16,"distance_miles":10.24,"normal":17.201,"departure":6.24,"percent_normal":136.3},"geometry":{"type":"Polygon","coordinates":[[[-87.82876023086187,40.72319302988371],[-87.78096046241639,40.71198162444581],[-87.79575820218616,40.675762658950674],[-87.84352193560383,40.68696146887867],[-87.82876023086187,40.72319302988371]]]}},{"type":"Feature","properties":{"rain":24.441,"period":"120day","row":11,"col":17,"distance_miles":12.83,"normal":17.251,"departure":7.19,"percent_normal":141.7},"geometry":{"type":"Polygon","coordinates":[[[-87.78096046241639,40.71198162444581],[-87.73318539859088,40.70074101655205],[-87.7480191136461,40.66453467424631],[-87.79575820218616,40.675762658950674],[-87.78096046241639,40.71198162444581]]]}},{"type":"Feature","properties":{"rain":25.209,"period":"120day","row":11,"col":18,"distance_miles":15.43,"normal":17.274,"departure":7.934,"percent_normal":145.9},"geometry":{"type":"Polygon","coordinates":[[[-87.73318539859088,40.70074101655205],[-87.68543508662009,40.68947123788298],[-87.70030471714676,40.65327754637385],[-87.7480191136461,40.66453467424631],[-87.73318539859088,40.70074101655205]]]}},{"type":"Feature","properties":{"rain":25.094,"period":"120day","row":11,"col":19,"distance_miles":18.03,"normal":17.296,"departure":7.798,"percent_normal":145.1},"geometry":{"type":"Polygon","coordinates":[[[-87.68543508662009,40.68947123788298],[-87.63770957355231,40.67817232017241],[-87.65261505966551,40.64199130699472],[-87.70030471714676,40.65327754637385],[-87.68543508662009,40.68947123788298]]]}},{"type":"Feature","properties":{"rain":25.823,"period":"120day","row":11,"col":20,"distance_miles":20.64,"normal":17.343,"departure":8.48,"percent_normal":148.9},"geometry":{"type":"Polygon","coordinates":[[[-87.63770957355231,40.67817232017241],[-87.59000890624937,40.666844295207085],[-87.60495018799385,40.63067598782328],[-87.65261505966551,40.64199130699472],[-87.63770957355231,40.67817232017241]]]}},{"type":"Feature","properties":{"rain":24.839,"period":"120day","row":11,"col":21,"distance_miles":23.26,"normal":17.435,"departure":7.403,"percent_normal":142.5},"geometry":{"type":"Polygon","coordinates":[[[-87.59000890624937,40.666844295207085],[-87.54233313138648,40.655487194826435],[-87.55731014873749,40.61933162062648],[-87.60495018799385,40.63067598782328],[-87.59000890624937,40.666844295207085]]]}},{"type":"Feature","properties":{"rain":21.433,"period":"120day","row":12,"col":3,"distance_miles":24.11,"normal":15.988,"departure":5.445,"percent_normal":134.1},"geometry":{"type":"Polygon","coordinates":[[[-88.46667135690723,40.82987681005647],[-88.41859161635058,40.819060123865206],[-88.43289225297906,40.78268746539305],[-88.48093523845235,40.79349194124991],[-88.46667135690723,40.82987681005647]]]}},{"type":"Feature","properties":{"rain":20.874,"period":"120day","row":12,"col":4,"distance_miles":21.48,"normal":16.211,"departure":4.663,"percent_normal":128.8},"geometry":{"type":"Polygon","coordinates":[[[-88.41859161635058,40.819060123865206],[-88.37053589067145,40.80821385695744],[-88.38487322382072,40.77185343740389],[-88.43289225297906,40.78268746539305],[-88.41859161635058,40.819060123865206]]]}},{"type":"Feature","properties":{"rain":21.35,"period":"120day","row":12,"col":5,"distance_miles":18.86,"normal":16.479,"departure":4.872,"percent_normal":129.6},"geometry":{"type":"Polygon","coordinates":[[[-88.37053589067145,40.80821385695744],[-88.32250422944257,40.79733804022452],[-88.33687820046943,40.76098988810248],[-88.38487322382072,40.77185343740389],[-88.37053589067145,40.80821385695744]]]}},{"type":"Feature","properties":{"rain":22.028,"period":"120day","row":12,"col":6,"distance_miles":16.23,"normal":16.888,"departure":5.139,"percent_normal":130.4},"geometry":{"type":"Polygon","coordinates":[[[-88.32250422944257,40.79733804022452],[-88.27449668205183,40.78643270461458],[-88.2889072322331,40.75009684836567],[-88.33687820046943,40.76098988810248],[-88.32250422944257,40.79733804022452]]]}},{"type":"Feature","properties":{"rain":23.224,"period":"120day","row":12,"col":7,"distance_miles":13.61,"normal":17.052,"departure":6.172,"percent_normal":136.2},"geometry":{"type":"Polygon","coordinates":[[[-88.27449668205183,40.78643270461458],[-88.22651329770204,40.77549788113234],[-88.2409603682353,40.739174349126756],[-88.2889072322331,40.75009684836567],[-88.27449668205183,40.78643270461458]]]}},{"type":"Feature","properties":{"rain":24.228,"period":"120day","row":12,"col":8,"distance_miles":10.98,"normal":17.119,"departure":7.109,"percent_normal":141.5},"geometry":{"type":"Polygon","coordinates":[[[-88.22651329770204,40.77549788113234],[-88.17855412541094,40.76453360083879],[-88.19303765741523,40.72822242137528],[-88.2409603682353,40.739174349126756],[-88.22651329770204,40.77549788113234]]]}},{"type":"Feature","properties":{"rain":24.059,"period":"120day","row":12,"col":9,"distance_miles":8.36,"normal":17.165,"departure":6.894,"percent_normal":140.2},"geometry":{"type":"Polygon","coordinates":[[[-88.17855412541094,40.76453360083879],[-88.1306192140111,40.75353989485091],[-88.1451391485276,40.71724109615669],[-88.19303765741523,40.72822242137528],[-88.17855412541094,40.76453360083879]]]}},{"type":"Feature","properties":{"rain":22.839,"period":"120day","row":12,"col":10,"distance_miles":5.75,"normal":17.194,"departure":5.644,"percent_normal":132.8},"geometry":{"type":"Polygon","coordinates":[[[-88.1306192140111,40.75353989485091],[-88.08270861214987,40.74251679434141],[-88.09726489014258,40.70623040457211],[-88.1451391485276,40.71724109615669],[-88.1306192140111,40.75353989485091]]]}},{"type":"Feature","properties":{"rain":22.189,"period":"120day","row":12,"col":11,"distance_miles":3.15,"normal":17.02,"departure":5.169,"percent_normal":130.4},"geometry":{"type":"Polygon","coordinates":[[[-88.08270861214987,40.74251679434141],[-88.03482236828927,40.73146433053842],[-88.04941493064575,40.69519037777801],[-88.09726489014258,40.70623040457211],[-88.08270861214987,40.74251679434141]]]}},{"type":"Feature","properties":{"rain":22.862,"period":"120day","row":12,"col":12,"distance_miles":0.8,"normal":16.96,"departure":5.902,"percent_normal":134.8},"geometry":{"type":"Polygon","coordinates":[[[-88.03482236828927,40.73146433053842],[-87.98696053070591,40.72038253472524],[-88.00158931823796,40.684121046985965],[-88.04941493064575,40.69519037777801],[-88.03482236828927,40.73146433053842]]]}},{"type":"Feature","properties":{"rain":22.992,"period":"120day","row":12,"col":13,"distance_miles":2.27,"normal":16.985,"departure":6.008,"percent_normal":135.4},"geometry":{"type":"Polygon","coordinates":[[[-87.98696053070591,40.72038253472524],[-87.93912314749103,40.709271438239995],[-87.95378810093536,40.67302244346232],[-88.00158931823796,40.684121046985965],[-87.98696053070591,40.72038253472524]]]}},{"type":"Feature","properties":{"rain":23.661,"period":"120day","row":12,"col":14,"distance_miles":4.84,"normal":17.003,"departure":6.658,"percent_normal":139.2},"geometry":{"type":"Polygon","coordinates":[[[-87.93912314749103,40.709271438239995],[-87.89131026655029,40.69813107247546],[-87.90601132656923,40.66189459852797],[-87.95378810093536,40.67302244346232],[-87.93912314749103,40.709271438239995]]]}},{"type":"Feature","properties":{"rain":24.02,"period":"120day","row":12,"col":15,"distance_miles":7.45,"normal":17.092,"departure":6.928,"percent_normal":140.5},"geometry":{"type":"Polygon","coordinates":[[[-87.89131026655029,40.69813107247546],[-87.84352193560383,40.68696146887867],[-87.85825904278606,40.65073754355805],[-87.90601132656923,40.66189459852797],[-87.89131026655029,40.69813107247546]]]}},{"type":"Feature","properties":{"rain":23.705,"period":"120day","row":12,"col":16,"distance_miles":10.07,"normal":17.181,"departure":6.524,"percent_normal":138.0},"geometry":{"type":"Polygon","coordinates":[[[-87.84352193560383,40.68696146887867],[-87.79575820218616,40.675762658950674],[-87.81053129704735,40.63955130998167],[-87.85825904278606,40.65073754355805],[-87.84352193560383,40.68696146887867]]]}},{"type":"Feature","properties":{"rain":22.949,"period":"120day","row":12,"col":17,"distance_miles":12.69,"normal":17.228,"departure":5.721,"percent_normal":133.2},"geometry":{"type":"Polygon","coordinates":[[[-87.79575820218616,40.675762658950674],[-87.7480191136461,40.66453467424631],[-87.76282813662962,40.6283359292816],[-87.81053129704735,40.63955130998167],[-87.79575820218616,40.675762658950674]]]}},{"type":"Feature","properties":{"rain":22.965,"period":"120day","row":12,"col":18,"distance_miles":15.31,"normal":17.211,"departure":5.754,"percent_normal":133.4},"geometry":{"type":"Polygon","coordinates":[[[-87.7480191136461,40.66453467424631],[-87.70030471714676,40.65327754637385],[-87.7151496086244,40.61709143299401],[-87.76282813662962,40.6283359292816],[-87.7480191136461,40.66453467424631]]]}},{"type":"Feature","properties":{"rain":22.535,"period":"120day","row":12,"col":19,"distance_miles":17.93,"normal":17.257,"departure":5.279,"percent_normal":130.6},"geometry":{"type":"Polygon","coordinates":[[[-87.70030471714676,40.65327754637385],[-87.65261505966551,40.64199130699472],[-87.6674957599381,40.60581785270821],[-87.7151496086244,40.61709143299401],[-87.70030471714676,40.65327754637385]]]}},{"type":"Feature","properties":{"rain":23.079,"period":"120day","row":12,"col":20,"distance_miles":20.55,"normal":17.321,"departure":5.757,"percent_normal":133.2},"geometry":{"type":"Polygon","coordinates":[[[-87.65261505966551,40.64199130699472],[-87.60495018799385,40.63067598782328],[-87.61986663729206,40.59451522006634],[-87.6674957599381,40.60581785270821],[-87.65261505966551,40.64199130699472]]]}},{"type":"Feature","properties":{"rain":21.933,"period":"120day","row":12,"col":21,"distance_miles":23.18,"normal":17.435,"departure":4.498,"percent_normal":125.8},"geometry":{"type":"Polygon","coordinates":[[[-87.60495018799385,40.63067598782328],[-87.55731014873749,40.61933162062648],[-87.57226228722242,40.5831835667631],[-87.61986663729206,40.59451522006634],[-87.60495018799385,40.63067598782328]]]}},{"type":"Feature","properties":{"rain":22.362,"period":"120day","row":13,"col":3,"distance_miles":24.33,"normal":15.948,"departure":6.414,"percent_normal":140.2},"geometry":{"type":"Polygon","coordinates":[[[-88.48093523845235,40.79349194124991],[-88.43289225297906,40.78268746539305],[-88.44716893326192,40.74632268221305],[-88.49517521332812,40.75711496648669],[-88.48093523845235,40.79349194124991]]]}},{"type":"Feature","properties":{"rain":22.157,"period":"120day","row":13,"col":4,"distance_miles":21.72,"normal":16.182,"departure":5.975,"percent_normal":136.9},"geometry":{"type":"Polygon","coordinates":[[[-88.43289225297906,40.78268746539305],[-88.38487322382072,40.77185343740389],[-88.39918655113223,40.73550087436182],[-88.44716893326192,40.74632268221305],[-88.43289225297906,40.78268746539305]]]}},{"type":"Feature","properties":{"rain":22.587,"period":"120day","row":13,"col":5,"distance_miles":19.13,"normal":16.49,"departure":6.096,"percent_normal":137.0},"geometry":{"type":"Polygon","coordinates":[[[-88.38487322382072,40.77185343740389],[-88.33687820046943,40.76098988810248],[-88.35122811635063,40.72464957368198],[-88.39918655113223,40.73550087436182],[-88.38487322382072,40.77185343740389]]]}},{"type":"Feature","properties":{"rain":23.232,"period":"120day","row":13,"col":6,"distance_miles":16.55,"normal":16.717,"departure":6.515,"percent_normal":139.0},"geometry":{"type":"Polygon","coordinates":[[[-88.33687820046943,40.76098988810248],[-88.2889072322331,40.75009684836567],[-88.30329367814512,40.713768810979275],[-88.35122811635063,40.72464957368198],[-88.33687820046943,40.76098988810248]]]}},{"type":"Feature","properties":{"rain":23.685,"period":"120day","row":13,"col":7,"distance_miles":13.98,"normal":16.827,"departure":6.859,"percent_normal":140.8},"geometry":{"type":"Polygon","coordinates":[[[-88.2889072322331,40.75009684836567],[-88.2409603682353,40.739174349126756],[-88.25538328556011,40.70285861711583],[-88.30329367814512,40.713768810979275],[-88.2889072322331,40.75009684836567]]]}},{"type":"Feature","properties":{"rain":24.413,"period":"120day","row":13,"col":8,"distance_miles":11.45,"normal":17.034,"departure":7.379,"percent_normal":143.3},"geometry":{"type":"Polygon","coordinates":[[[-88.2409603682353,40.739174349126756],[-88.19303765741523,40.72822242137528],[-88.20749698745634,40.69191902300991],[-88.25538328556011,40.70285861711583],[-88.2409603682353,40.739174349126756]]]}},{"type":"Feature","properties":{"rain":24.087,"period":"120day","row":13,"col":9,"distance_miles":8.96,"normal":17.07,"departure":7.016,"percent_normal":141.1},"geometry":{"type":"Polygon","coordinates":[[[-88.19303765741523,40.72822242137528],[-88.1451391485276,40.71724109615669],[-88.15963483251072,40.68095005963566],[-88.20749698745634,40.69191902300991],[-88.19303765741523,40.72822242137528]]]}},{"type":"Feature","properties":{"rain":23.102,"period":"120day","row":13,"col":10,"distance_miles":6.59,"normal":17.068,"departure":6.034,"percent_normal":135.4},"geometry":{"type":"Polygon","coordinates":[[[-88.1451391485276,40.71724109615669],[-88.09726489014258,40.70623040457211],[-88.11179686921633,40.669951758022805],[-88.15963483251072,40.68095005963566],[-88.1451391485276,40.71724109615669]]]}},{"type":"Feature","properties":{"rain":23.508,"period":"120day","row":13,"col":11,"distance_miles":4.5,"normal":16.884,"departure":6.623,"percent_normal":139.2},"geometry":{"type":"Polygon","coordinates":[[[-88.09726489014258,40.70623040457211],[-88.04941493064575,40.69519037777801],[-88.06398314588239,40.658924149256364],[-88.11179686921633,40.669951758022805],[-88.09726489014258,40.70623040457211]]]}},{"type":"Feature","properties":{"rain":25.291,"period":"120day","row":13,"col":12,"distance_miles":3.31,"normal":16.875,"departure":8.416,"percent_normal":149.9},"geometry":{"type":"Polygon","coordinates":[[[-88.04941493064575,40.69519037777801],[-88.00158931823796,40.684121046985965],[-88.01619371063403,40.64786726447636],[-88.06398314588239,40.658924149256364],[-88.04941493064575,40.69519037777801]]]}},{"type":"Feature","properties":{"rain":24.504,"period":"120day","row":13,"col":13,"distance_miles":3.93,"normal":16.89,"departure":7.614,"percent_normal":145.1},"geometry":{"type":"Polygon","coordinates":[[[-88.00158931823796,40.684121046985965],[-87.95378810093536,40.67302244346232],[-87.96842861141236,40.636781134877594],[-88.01619371063403,40.64786726447636],[-88.00158931823796,40.684121046985965]]]}},{"type":"Feature","properties":{"rain":23.654,"period":"120day","row":13,"col":14,"distance_miles":5.8,"normal":16.935,"departure":6.719,"percent_normal":139.7},"geometry":{"type":"Polygon","coordinates":[[[-87.95378810093536,40.67302244346232],[-87.90601132656923,40.66189459852797],[-87.92068789597441,40.625665791709324],[-87.96842861141236,40.636781134877594],[-87.95378810093536,40.67302244346232]]]}},{"type":"Feature","properties":{"rain":23.961,"period":"120day","row":13,"col":15,"distance_miles":8.1,"normal":17.04,"departure":6.92,"percent_normal":140.6},"geometry":{"type":"Polygon","coordinates":[[[-87.90601132656923,40.66189459852797],[-87.85825904278606,40.65073754355805],[-87.872971611893,40.61452126627496],[-87.92068789597441,40.625665791709324],[-87.90601132656923,40.66189459852797]]]}},{"type":"Feature","properties":{"rain":24.638,"period":"120day","row":13,"col":16,"distance_miles":10.56,"normal":17.125,"departure":7.513,"percent_normal":143.9},"geometry":{"type":"Polygon","coordinates":[[[-87.85825904278606,40.65073754355805],[-87.81053129704735,40.63955130998167],[-87.8252798065567,40.60334758993182],[-87.872971611893,40.61452126627496],[-87.85825904278606,40.65073754355805]]]}},{"type":"Feature","properties":{"rain":23.886,"period":"120day","row":13,"col":17,"distance_miles":13.08,"normal":17.18,"departure":6.706,"percent_normal":139.0},"geometry":{"type":"Polygon","coordinates":[[[-87.81053129704735,40.63955130998167],[-87.76282813662962,40.6283359292816],[-87.7776125271698,40.59214479409089],[-87.8252798065567,40.60334758993182],[-87.81053129704735,40.63955130998167]]]}},{"type":"Feature","properties":{"rain":23.028,"period":"120day","row":13,"col":18,"distance_miles":15.63,"normal":17.112,"departure":5.916,"percent_normal":134.6},"geometry":{"type":"Polygon","coordinates":[[[-87.76282813662962,40.6283359292816],[-87.7151496086244,40.61709143299401],[-87.72996982075225,40.58091291021644],[-87.7776125271698,40.59214479409089],[-87.76282813662962,40.6283359292816]]]}},{"type":"Feature","properties":{"rain":22.315,"period":"120day","row":13,"col":19,"distance_miles":18.21,"normal":17.13,"departure":5.185,"percent_normal":130.3},"geometry":{"type":"Polygon","coordinates":[[[-87.7151496086244,40.61709143299401],[-87.6674957599381,40.60581785270821],[-87.68235173413962,40.56965196982582],[-87.72996982075225,40.58091291021644],[-87.7151496086244,40.61709143299401]]]}},{"type":"Feature","properties":{"rain":22.346,"period":"120day","row":13,"col":20,"distance_miles":20.79,"normal":17.159,"departure":5.187,"percent_normal":130.2},"geometry":{"type":"Polygon","coordinates":[[[-87.6674957599381,40.60581785270821],[-87.61986663729206,40.59451522006634],[-87.63475831398304,40.558362004489204],[-87.68235173413962,40.56965196982582],[-87.6674957599381,40.60581785270821]]]}},{"type":"Feature","properties":{"rain":20.913,"period":"120day","row":13,"col":21,"distance_miles":23.39,"normal":17.241,"departure":3.672,"percent_normal":121.3},"geometry":{"type":"Polygon","coordinates":[[[-87.61986663729206,40.59451522006634],[-87.57226228722242,40.5831835667631],[-87.58718960674915,40.547043045829184],[-87.63475831398304,40.558362004489204],[-87.61986663729206,40.59451522006634]]]}},{"type":"Feature","properties":{"rain":20.732,"period":"120day","row":14,"col":3,"distance_miles":24.82,"normal":15.948,"departure":4.784,"percent_normal":130.0},"geometry":{"type":"Polygon","coordinates":[[[-88.49517521332812,40.75711496648669],[-88.44716893326192,40.74632268221305],[-88.4614217155777,40.70996578616034],[-88.50939133983182,40.72074589756218],[-88.49517521332812,40.75711496648669]]]}},{"type":"Feature","properties":{"rain":21.594,"period":"120day","row":14,"col":4,"distance_miles":22.27,"normal":16.161,"departure":5.433,"percent_normal":133.6},"geometry":{"type":"Polygon","coordinates":[[[-88.44716893326192,40.74632268221305],[-88.39918655113223,40.73550087436182],[-88.4134759310651,40.69915617970613],[-88.4614217155777,40.70996578616034],[-88.44716893326192,40.74632268221305]]]}},{"type":"Feature","properties":{"rain":22.697,"period":"120day","row":14,"col":5,"distance_miles":19.75,"normal":16.437,"departure":6.26,"percent_normal":138.1},"geometry":{"type":"Polygon","coordinates":[[[-88.39918655113223,40.73550087436182],[-88.35122811635063,40.72464957368198],[-88.36555403562511,40.68831710887771],[-88.4134759310651,40.69915617970613],[-88.39918655113223,40.73550087436182]]]}},{"type":"Feature","properties":{"rain":24.417,"period":"120day","row":14,"col":6,"distance_miles":17.26,"normal":16.661,"departure":7.757,"percent_normal":146.6},"geometry":{"type":"Polygon","coordinates":[[[-88.35122811635063,40.72464957368198],[-88.30329367814512,40.713768810979275],[-88.317656078406,40.67744860440991],[-88.36555403562511,40.68831710887771],[-88.35122811635063,40.72464957368198]]]}},{"type":"Feature","properties":{"rain":25.165,"period":"120day","row":14,"col":7,"distance_miles":14.82,"normal":16.827,"departure":8.339,"percent_normal":149.6},"geometry":{"type":"Polygon","coordinates":[[[-88.30329367814512,40.713768810979275],[-88.25538328556011,40.70285861711583],[-88.26978210837306,40.66655069709386],[-88.317656078406,40.67744860440991],[-88.30329367814512,40.713768810979275]]]}},{"type":"Feature","properties":{"rain":26.087,"period":"120day","row":14,"col":8,"distance_miles":12.45,"normal":16.808,"departure":9.278,"percent_normal":155.2},"geometry":{"type":"Polygon","coordinates":[[[-88.25538328556011,40.70285861711583],[-88.20749698745634,40.69191902300991],[-88.22193217430862,40.65562341777679],[-88.26978210837306,40.66655069709386],[-88.25538328556011,40.70285861711583]]]}},{"type":"Feature","properties":{"rain":25.543,"period":"120day","row":14,"col":9,"distance_miles":10.22,"normal":16.877,"departure":8.667,"percent_normal":151.4},"geometry":{"type":"Polygon","coordinates":[[[-88.20749698745634,40.69191902300991],[-88.15963483251072,40.68095005963566],[-88.1741063248119,40.64466679736172],[-88.22193217430862,40.65562341777679],[-88.20749698745634,40.69191902300991]]]}},{"type":"Feature","properties":{"rain":26.61,"period":"120day","row":14,"col":10,"distance_miles":8.21,"normal":16.901,"departure":9.709,"percent_normal":157.4},"geometry":{"type":"Polygon","coordinates":[[[-88.15963483251072,40.68095005963566],[-88.11179686921633,40.669951758022805],[-88.12630460829901,40.63368086680719],[-88.1741063248119,40.64466679736172],[-88.15963483251072,40.68095005963566]]]}},{"type":"Feature","properties":{"rain":26.417,"period":"120day","row":14,"col":11,"distance_miles":6.66,"normal":16.884,"departure":9.533,"percent_normal":156.5},"geometry":{"type":"Polygon","coordinates":[[[-88.11179686921633,40.669951758022805],[-88.06398314588239,40.658924149256364],[-88.07852707300276,40.62266565712699],[-88.12630460829901,40.63368086680719],[-88.11179686921633,40.669951758022805]]]}},{"type":"Feature","properties":{"rain":25.201,"period":"120day","row":14,"col":12,"distance_miles":5.91,"normal":16.78,"departure":8.421,"percent_normal":150.2},"geometry":{"type":"Polygon","coordinates":[[[-88.06398314588239,40.658924149256364],[-88.01619371063403,40.64786726447636],[-88.03077376697269,40.61162119938981],[-88.07852707300276,40.62266565712699],[-88.06398314588239,40.658924149256364]]]}},{"type":"Feature","properties":{"rain":24.823,"period":"120day","row":14,"col":13,"distance_miles":6.27,"normal":16.808,"departure":8.014,"percent_normal":147.7},"geometry":{"type":"Polygon","coordinates":[[[-88.01619371063403,40.64786726447636],[-87.96842861141236,40.636781134877594],[-87.98304473807498,40.600547524719076],[-88.03077376697269,40.61162119938981],[-88.01619371063403,40.64786726447636]]]}},{"type":"Feature","properties":{"rain":24.598,"period":"120day","row":14,"col":14,"distance_miles":7.59,"normal":16.867,"departure":7.732,"percent_normal":145.8},"geometry":{"type":"Polygon","coordinates":[[[-87.96842861141236,40.636781134877594],[-87.92068789597441,40.625665791709324],[-87.93534003399236,40.5894446642926],[-87.98304473807498,40.600547524719076],[-87.96842861141236,40.636781134877594]]]}},{"type":"Feature","properties":{"rain":24.894,"period":"120day","row":14,"col":15,"distance_miles":9.46,"normal":16.886,"departure":8.008,"percent_normal":147.4},"geometry":{"type":"Polygon","coordinates":[[[-87.92068789597441,40.625665791709324],[-87.872971611893,40.61452126627496],[-87.88765970222411,40.5783126493423],[-87.93534003399236,40.5894446642926],[-87.92068789597441,40.625665791709324]]]}},{"type":"Feature","properties":{"rain":25.614,"period":"120day","row":14,"col":16,"distance_miles":11.63,"normal":16.966,"departure":8.649,"percent_normal":151.0},"geometry":{"type":"Polygon","coordinates":[[[-87.872971611893,40.61452126627496],[-87.8252798065567,40.60334758993182],[-87.84000379008592,40.56715151115393],[-87.88765970222411,40.5783126493423],[-87.872971611893,40.61452126627496]]]}},{"type":"Feature","properties":{"rain":25.236,"period":"120day","row":14,"col":17,"distance_miles":13.96,"normal":17.082,"departure":8.154,"percent_normal":147.7},"geometry":{"type":"Polygon","coordinates":[[[-87.8252798065567,40.60334758993182],[-87.7776125271698,40.59214479409089],[-87.79237234470988,40.55596128106684],[-87.84000379008592,40.56715151115393],[-87.8252798065567,40.60334758993182]]]}},{"type":"Feature","properties":{"rain":22.984,"period":"120day","row":14,"col":18,"distance_miles":16.37,"normal":17.112,"departure":5.872,"percent_normal":134.3},"geometry":{"type":"Polygon","coordinates":[[[-87.7776125271698,40.59214479409089],[-87.72996982075225,40.58091291021644],[-87.74476541304443,40.54474199047363],[-87.79237234470988,40.55596128106684],[-87.7776125271698,40.59214479409089]]]}},{"type":"Feature","properties":{"rain":21.094,"period":"120day","row":14,"col":19,"distance_miles":18.85,"normal":16.977,"departure":4.118,"percent_normal":124.3},"geometry":{"type":"Polygon","coordinates":[[[-87.72996982075225,40.58091291021644],[-87.68235173413962,40.56965196982582],[-87.69718304185433,40.53349367081993],[-87.74476541304443,40.54474199047363],[-87.72996982075225,40.58091291021644]]]}},{"type":"Feature","properties":{"rain":21.161,"period":"120day","row":14,"col":20,"distance_miles":21.35,"normal":16.997,"departure":4.165,"percent_normal":124.5},"geometry":{"type":"Polygon","coordinates":[[[-87.68235173413962,40.56965196982582],[-87.63475831398304,40.558362004489204],[-87.64962527772055,40.52221635360405],[-87.69718304185433,40.53349367081993],[-87.68235173413962,40.56965196982582]]]}},{"type":"Feature","properties":{"rain":22.24,"period":"120day","row":14,"col":21,"distance_miles":23.89,"normal":17.081,"departure":5.159,"percent_normal":130.2},"geometry":{"type":"Polygon","coordinates":[[[-87.63475831398304,40.558362004489204],[-87.58718960674915,40.547043045829184],[-87.6020921670403,40.51091007037683],[-87.64962527772055,40.52221635360405],[-87.63475831398304,40.558362004489204]]]}},{"type":"Feature","properties":{"rain":20.311,"period":"120day","row":15,"col":4,"distance_miles":23.11,"normal":15.983,"departure":4.328,"percent_normal":127.1},"geometry":{"type":"Polygon","coordinates":[[[-88.4614217155777,40.70996578616034],[-88.4134759310651,40.69915617970613],[-88.42774142189486,40.6628193652729],[-88.47565065812148,40.67361678903135],[-88.4614217155777,40.70996578616034]]]}},{"type":"Feature","properties":{"rain":22.303,"period":"120day","row":15,"col":5,"distance_miles":20.69,"normal":16.158,"departure":6.145,"percent_normal":138.0},"geometry":{"type":"Polygon","coordinates":[[[-88.4134759310651,40.69915617970613],[-88.36555403562511,40.68831710887771],[-88.37985601664826,40.651992505565424],[-88.42774142189486,40.6628193652729],[-88.4134759310651,40.69915617970613]]]}},{"type":"Feature","properties":{"rain":23.701,"period":"120day","row":15,"col":6,"distance_miles":18.32,"normal":16.544,"departure":7.156,"percent_normal":143.3},"geometry":{"type":"Polygon","coordinates":[[[-88.36555403562511,40.68831710887771],[-88.317656078406,40.67744860440991],[-88.3319944914502,40.64113624057297],[-88.37985601664826,40.651992505565424],[-88.36555403562511,40.68831710887771]]]}},{"type":"Feature","properties":{"rain":24.776,"period":"120day","row":15,"col":7,"distance_miles":16.04,"normal":16.696,"departure":8.08,"percent_normal":148.4},"geometry":{"type":"Polygon","coordinates":[[[-88.317656078406,40.67744860440991],[-88.26978210837306,40.66655069709386],[-88.28415689518698,40.63025060101593],[-88.3319944914502,40.64113624057297],[-88.317656078406,40.67744860440991]]]}},{"type":"Feature","properties":{"rain":25.437,"period":"120day","row":15,"col":8,"distance_miles":13.89,"normal":16.658,"departure":8.779,"percent_normal":152.7},"geometry":{"type":"Polygon","coordinates":[[[-88.26978210837306,40.66655069709386],[-88.22193217430862,40.65562341777679],[-88.23634327656265,40.619335617670686],[-88.28415689518698,40.63025060101593],[-88.26978210837306,40.66655069709386]]]}},{"type":"Feature","properties":{"rain":26.197,"period":"120day","row":15,"col":9,"distance_miles":11.92,"normal":16.723,"departure":9.473,"percent_normal":156.6},"geometry":{"type":"Polygon","coordinates":[[[-88.22193217430862,40.65562341777679],[-88.1741063248119,40.64466679736172],[-88.18855368409878,40.60839132136937],[-88.23634327656265,40.619335617670686],[-88.22193217430862,40.65562341777679]]]}},{"type":"Feature","properties":{"rain":25.602,"period":"120day","row":15,"col":10,"distance_miles":10.26,"normal":16.754,"departure":8.848,"percent_normal":152.8},"geometry":{"type":"Polygon","coordinates":[[[-88.1741063248119,40.64466679736172],[-88.12630460829901,40.63368086680719],[-88.1407881661345,40.597417742999504],[-88.18855368409878,40.60839132136937],[-88.1741063248119,40.64466679736172]]]}},{"type":"Feature","properties":{"rain":24.071,"period":"120day","row":15,"col":11,"distance_miles":9.06,"normal":16.766,"departure":7.304,"percent_normal":143.6},"geometry":{"type":"Polygon","coordinates":[[[-88.12630460829901,40.63368086680719],[-88.07852707300276,40.62266565712699],[-88.09304677082638,40.58641491350383],[-88.1407881661345,40.597417742999504],[-88.12630460829901,40.63368086680719]]]}},{"type":"Feature","properties":{"rain":23.071,"period":"120day","row":15,"col":12,"distance_miles":8.52,"normal":16.672,"departure":6.399,"percent_normal":138.4},"geometry":{"type":"Polygon","coordinates":[[[-88.07852707300276,40.62266565712699],[-88.03077376697269,40.61162119938981],[-88.04532954614841,40.57538286387995],[-88.09304677082638,40.58641491350383],[-88.07852707300276,40.62266565712699]]]}},{"type":"Feature","properties":{"rain":23.854,"period":"120day","row":15,"col":13,"distance_miles":8.78,"normal":16.723,"departure":7.132,"percent_normal":142.6},"geometry":{"type":"Polygon","coordinates":[[[-88.03077376697269,40.61162119938981],[-87.98304473807498,40.600547524719076],[-87.9976365398919,40.56432162518012],[-88.04532954614841,40.57538286387995],[-88.03077376697269,40.61162119938981]]]}},{"type":"Feature","properties":{"rain":24.433,"period":"120day","row":15,"col":14,"distance_miles":9.76,"normal":16.797,"departure":7.636,"percent_normal":145.5},"geometry":{"type":"Polygon","coordinates":[[[-87.98304473807498,40.600547524719076],[-87.93534003399236,40.5894446642926],[-87.94996779966537,40.553231228510896],[-87.9976365398919,40.56432162518012],[-87.98304473807498,40.600547524719076]]]}},{"type":"Feature","properties":{"rain":25.079,"period":"120day","row":15,"col":15,"distance_miles":11.27,"normal":16.886,"departure":8.193,"percent_normal":148.5},"geometry":{"type":"Polygon","coordinates":[[[-87.93534003399236,40.5894446642926],[-87.88765970222411,40.5783126493423],[-87.90232337289457,40.542111705032916],[-87.94996779966537,40.553231228510896],[-87.93534003399236,40.5894446642926]]]}},{"type":"Feature","properties":{"rain":25.874,"period":"120day","row":15,"col":16,"distance_miles":13.15,"normal":16.884,"departure":8.99,"percent_normal":153.2},"geometry":{"type":"Polygon","coordinates":[[[-87.88765970222411,40.5783126493423],[-87.84000379008592,40.56715151115393],[-87.85470330682237,40.53096308596057],[-87.90232337289457,40.542111705032916],[-87.88765970222411,40.5783126493423]]]}},{"type":"Feature","properties":{"rain":24.85,"period":"120day","row":15,"col":17,"distance_miles":15.24,"normal":16.938,"departure":7.912,"percent_normal":146.7},"geometry":{"type":"Polygon","coordinates":[[[-87.84000379008592,40.56715151115393],[-87.79237234470988,40.55596128106684],[-87.80710764850875,40.51978540256179],[-87.85470330682237,40.53096308596057],[-87.84000379008592,40.56715151115393]]]}},{"type":"Feature","properties":{"rain":22.118,"period":"120day","row":15,"col":18,"distance_miles":17.48,"normal":16.975,"departure":5.143,"percent_normal":130.3},"geometry":{"type":"Polygon","coordinates":[[[-87.79237234470988,40.55596128106684],[-87.74476541304443,40.54474199047363],[-87.75953644483066,40.5085786861577],[-87.80710764850875,40.51978540256179],[-87.79237234470988,40.55596128106684]]]}},{"type":"Feature","properties":{"rain":21.48,"period":"120day","row":15,"col":19,"distance_miles":19.81,"normal":16.858,"departure":4.623,"percent_normal":127.4},"geometry":{"type":"Polygon","coordinates":[[[-87.74476541304443,40.54474199047363],[-87.69718304185433,40.53349367081993],[-87.71198974248207,40.497342968122354],[-87.75953644483066,40.5085786861577],[-87.74476541304443,40.54474199047363]]]}},{"type":"Feature","properties":{"rain":21.213,"period":"120day","row":15,"col":20,"distance_miles":22.21,"normal":16.884,"departure":4.328,"percent_normal":125.6},"geometry":{"type":"Polygon","coordinates":[[[-87.69718304185433,40.53349367081993],[-87.64962527772055,40.52221635360405],[-87.6644675879739,40.48607827988255],[-87.71198974248207,40.497342968122354],[-87.69718304185433,40.53349367081993]]]}},{"type":"Feature","properties":{"rain":21.071,"period":"120day","row":15,"col":21,"distance_miles":24.65,"normal":16.948,"departure":4.123,"percent_normal":124.3},"geometry":{"type":"Polygon","coordinates":[[[-87.64962527772055,40.52221635360405],[-87.6020921670403,40.51091007037683],[-87.61697002763391,40.4747846529174],[-87.6644675879739,40.48607827988255],[-87.64962527772055,40.52221635360405]]]}},{"type":"Feature","properties":{"rain":22.457,"period":"120day","row":16,"col":4,"distance_miles":24.19,"normal":15.983,"departure":6.474,"percent_normal":140.5},"geometry":{"type":"Polygon","coordinates":[[[-88.47565065812148,40.67361678903135],[-88.42774142189486,40.6628193652729],[-88.44198308171427,40.62649044285948],[-88.48985581890562,40.63727570258384],[-88.47565065812148,40.67361678903135]]]}},{"type":"Feature","properties":{"rain":24.484,"period":"120day","row":16,"col":5,"distance_miles":21.89,"normal":16.144,"departure":8.34,"percent_normal":151.7},"geometry":{"type":"Polygon","coordinates":[[[-88.42774142189486,40.6628193652729],[-88.37985601664826,40.651992505565424],[-88.39413411759247,40.615675775581956],[-88.44198308171427,40.62649044285948],[-88.42774142189486,40.6628193652729]]]}},{"type":"Feature","properties":{"rain":25.213,"period":"120day","row":16,"col":6,"distance_miles":19.68,"normal":16.28,"departure":8.933,"percent_normal":154.9},"geometry":{"type":"Polygon","coordinates":[[[-88.37985601664826,40.651992505565424],[-88.3319944914502,40.64113624057297],[-88.34630897552914,40.60483173134489],[-88.39413411759247,40.615675775581956],[-88.37985601664826,40.651992505565424]]]}},{"type":"Feature","properties":{"rain":24.681,"period":"120day","row":16,"col":7,"distance_miles":17.57,"normal":16.418,"departure":8.263,"percent_normal":150.3},"geometry":{"type":"Polygon","coordinates":[[[-88.3319944914502,40.64113624057297],[-88.28415689518698,40.63025060101593],[-88.29850770433167,40.59395834079806],[-88.34630897552914,40.60483173134489],[-88.3319944914502,40.64113624057297]]]}},{"type":"Feature","properties":{"rain":24.185,"period":"120day","row":16,"col":8,"distance_miles":15.63,"normal":16.658,"departure":7.527,"percent_normal":145.2},"geometry":{"type":"Polygon","coordinates":[[[-88.28415689518698,40.63025060101593],[-88.23634327656265,40.619335617670686],[-88.25073035262581,40.58305563464722],[-88.29850770433167,40.59395834079806],[-88.28415689518698,40.63025060101593]]]}},{"type":"Feature","properties":{"rain":22.866,"period":"120day","row":16,"col":9,"distance_miles":13.91,"normal":16.554,"departure":6.312,"percent_normal":138.1},"geometry":{"type":"Polygon","coordinates":[[[-88.23634327656265,40.619335617670686],[-88.18855368409878,40.60839132136937],[-88.20297696885562,40.57212364365379],[-88.25073035262581,40.58305563464722],[-88.23634327656265,40.619335617670686]]]}},{"type":"Feature","properties":{"rain":23.972,"period":"120day","row":16,"col":10,"distance_miles":12.51,"normal":16.588,"departure":7.384,"percent_normal":144.5},"geometry":{"type":"Polygon","coordinates":[[[-88.18855368409878,40.60839132136937],[-88.1407881661345,40.597417742999504],[-88.15524760128335,40.56116239863451],[-88.20297696885562,40.57212364365379],[-88.18855368409878,40.60839132136937]]]}},{"type":"Feature","properties":{"rain":22.791,"period":"120day","row":16,"col":11,"distance_miles":11.55,"normal":16.608,"departure":6.183,"percent_normal":137.2},"geometry":{"type":"Polygon","coordinates":[[[-88.1407881661345,40.597417742999504],[-88.09304677082638,40.58641491350383],[-88.1075422979894,40.550171930461275],[-88.15524760128335,40.56116239863451],[-88.1407881661345,40.597417742999504]]]}},{"type":"Feature","properties":{"rain":22.165,"period":"120day","row":16,"col":12,"distance_miles":11.13,"normal":16.636,"departure":5.529,"percent_normal":133.2},"geometry":{"type":"Polygon","coordinates":[[[-88.09304677082638,40.58641491350383],[-88.04532954614841,40.57538286387995],[-88.05986110687225,40.539152270060825],[-88.1075422979894,40.550171930461275],[-88.09304677082638,40.58641491350383]]]}},{"type":"Feature","properties":{"rain":22.118,"period":"120day","row":16,"col":13,"distance_miles":11.33,"normal":16.541,"departure":5.577,"percent_normal":133.7},"geometry":{"type":"Polygon","coordinates":[[[-88.04532954614841,40.57538286387995],[-87.9976365398919,40.56432162518012],[-88.01220407564837,40.52810344841439],[-88.05986110687225,40.539152270060825],[-88.04532954614841,40.57538286387995]]]}},{"type":"Feature","properties":{"rain":22.831,"period":"120day","row":16,"col":14,"distance_miles":12.1,"normal":16.633,"departure":6.198,"percent_normal":137.3},"geometry":{"type":"Polygon","coordinates":[[[-87.9976365398919,40.56432162518012],[-87.94996779966537,40.553231228510896],[-87.96457125185216,40.517025496557515],[-88.01220407564837,40.52810344841439],[-87.9976365398919,40.56432162518012]]]}},{"type":"Feature","properties":{"rain":22.882,"period":"120day","row":16,"col":15,"distance_miles":13.35,"normal":16.814,"departure":6.068,"percent_normal":136.1},"geometry":{"type":"Polygon","coordinates":[[[-87.94996779966537,40.553231228510896],[-87.90232337289457,40.542111705032916],[-87.91696268283594,40.505918445579745],[-87.96457125185216,40.517025496557515],[-87.94996779966537,40.553231228510896]]]}},{"type":"Feature","properties":{"rain":23.335,"period":"120day","row":16,"col":16,"distance_miles":14.97,"normal":16.808,"departure":6.526,"percent_normal":138.8},"geometry":{"type":"Polygon","coordinates":[[[-87.90232337289457,40.542111705032916],[-87.85470330682237,40.53096308596057],[-87.86937841576977,40.49478232662432],[-87.91696268283594,40.505918445579745],[-87.90232337289457,40.542111705032916]]]}},{"type":"Feature","properties":{"rain":23.843,"period":"120day","row":16,"col":17,"distance_miles":16.83,"normal":16.862,"departure":6.981,"percent_normal":141.4},"geometry":{"type":"Polygon","coordinates":[[[-87.85470330682237,40.53096308596057],[-87.80710764850875,40.51978540256179],[-87.82181849764156,40.48361717088794],[-87.86937841576977,40.49478232662432],[-87.85470330682237,40.53096308596057]]]}},{"type":"Feature","properties":{"rain":22.024,"period":"120day","row":16,"col":18,"distance_miles":18.88,"normal":16.888,"departure":5.135,"percent_normal":130.4},"geometry":{"type":"Polygon","coordinates":[[[-87.80710764850875,40.51978540256179],[-87.75953644483066,40.5085786861577],[-87.77428297525687,40.472423009620464],[-87.82181849764156,40.48361717088794],[-87.80710764850875,40.51978540256179]]]}},{"type":"Feature","properties":{"rain":21.839,"period":"120day","row":16,"col":19,"distance_miles":21.06,"normal":16.874,"departure":4.964,"percent_normal":129.4},"geometry":{"type":"Polygon","coordinates":[[[-87.75953644483066,40.5085786861577],[-87.71198974248207,40.497342968122354],[-87.72677189523891,40.46119987412462],[-87.77428297525687,40.472423009620464],[-87.75953644483066,40.5085786861577]]]}},{"type":"Feature","properties":{"rain":21.748,"period":"120day","row":16,"col":20,"distance_miles":23.33,"normal":16.812,"departure":4.936,"percent_normal":129.4},"geometry":{"type":"Polygon","coordinates":[[[-87.71198974248207,40.497342968122354],[-87.6644675879739,40.48607827988255],[-87.67928530402854,40.4499477957558],[-87.72677189523891,40.46119987412462],[-87.71198974248207,40.497342968122354]]]}},{"type":"Feature","properties":{"rain":24.807,"period":"120day","row":17,"col":5,"distance_miles":23.33,"normal":16.101,"departure":8.706,"percent_normal":154.1},"geometry":{"type":"Polygon","coordinates":[[[-88.44198308171427,40.62649044285948],[-88.39413411759247,40.615675775581956],[-88.40838839644796,40.5793669307255],[-88.4562009684339,40.590169424224555],[-88.44198308171427,40.62649044285948]]]}},{"type":"Feature","properties":{"rain":25.5,"period":"120day","row":17,"col":6,"distance_miles":21.27,"normal":16.191,"departure":9.309,"percent_normal":157.5},"geometry":{"type":"Polygon","coordinates":[[[-88.39413411759247,40.615675775581956],[-88.34630897552914,40.60483173134489],[-88.36059958871196,40.56853508856329],[-88.40838839644796,40.5793669307255],[-88.39413411759247,40.615675775581956]]]}},{"type":"Feature","properties":{"rain":24.965,"period":"120day","row":17,"col":7,"distance_miles":19.34,"normal":16.287,"departure":8.678,"percent_normal":153.3},"geometry":{"type":"Polygon","coordinates":[[[-88.34630897552914,40.60483173134489],[-88.29850770433167,40.59395834079806],[-88.31283459395445,40.55767392831732],[-88.36059958871196,40.56853508856329],[-88.34630897552914,40.60483173134489]]]}},{"type":"Feature","properties":{"rain":24.012,"period":"120day","row":17,"col":8,"distance_miles":17.59,"normal":16.389,"departure":7.623,"percent_normal":146.5},"geometry":{"type":"Polygon","coordinates":[[[-88.29850770433167,40.59395834079806],[-88.25073035262581,40.58305563464722],[-88.26509346072301,40.54678348062295],[-88.31283459395445,40.55767392831732],[-88.29850770433167,40.59395834079806]]]}},{"type":"Feature","properties":{"rain":22.728,"period":"120day","row":17,"col":9,"distance_miles":16.08,"normal":16.32,"departure":6.409,"percent_normal":139.3},"geometry":{"type":"Polygon","coordinates":[[[-88.25073035262581,40.58305563464722],[-88.20297696885562,40.57212364365379],[-88.21737623738423,40.53586377617102],[-88.26509346072301,40.54678348062295],[-88.25073035262581,40.58305563464722]]]}},{"type":"Feature","properties":{"rain":22.339,"period":"120day","row":17,"col":10,"distance_miles":14.89,"normal":16.383,"departure":5.956,"percent_normal":136.4},"geometry":{"type":"Polygon","coordinates":[[[-88.20297696885562,40.57212364365379],[-88.15524760128335,40.56116239863451],[-88.16968297212357,40.52491484570775],[-88.21737623738423,40.53586377617102],[-88.20297696885562,40.57212364365379]]]}},{"type":"Feature","properties":{"rain":23.492,"period":"120day","row":17,"col":11,"distance_miles":14.09,"normal":16.407,"departure":7.085,"percent_normal":143.2},"geometry":{"type":"Polygon","coordinates":[[[-88.15524760128335,40.56116239863451],[-88.1075422979894,40.550171930461275],[-88.1220137129453,40.513936720034394],[-88.16968297212357,40.52491484570775],[-88.15524760128335,40.56116239863451]]]}},{"type":"Feature","properties":{"rain":23.067,"period":"120day","row":17,"col":12,"distance_miles":13.75,"normal":16.463,"departure":6.604,"percent_normal":140.1},"geometry":{"type":"Polygon","coordinates":[[[-88.1075422979894,40.550171930461275],[-88.05986110687225,40.539152270060825],[-88.07436850767246,40.50292943000696],[-88.1220137129453,40.513936720034394],[-88.1075422979894,40.550171930461275]]]}},{"type":"Feature","properties":{"rain":23.346,"period":"120day","row":17,"col":13,"distance_miles":13.9,"normal":16.408,"departure":6.938,"percent_normal":142.3},"geometry":{"type":"Polygon","coordinates":[[[-88.05986110687225,40.539152270060825],[-88.01220407564837,40.52810344841439],[-88.0267474039468,40.49189300653594],[-88.07436850767246,40.50292943000696],[-88.05986110687225,40.539152270060825]]]}},{"type":"Feature","properties":{"rain":23.268,"period":"120day","row":17,"col":14,"distance_miles":14.54,"normal":16.542,"departure":6.726,"percent_normal":140.7},"geometry":{"type":"Polygon","coordinates":[[[-88.01220407564837,40.52810344841439],[-87.96457125185216,40.517025496557515],[-87.97915044922863,40.48082748058603],[-88.0267474039468,40.49189300653594],[-88.01220407564837,40.52810344841439]]]}},{"type":"Feature","properties":{"rain":22.437,"period":"120day","row":17,"col":15,"distance_miles":15.59,"normal":16.656,"departure":5.781,"percent_normal":134.7},"geometry":{"type":"Polygon","coordinates":[[[-87.96457125185216,40.517025496557515],[-87.91696268283594,40.505918445579745],[-87.93157769079686,40.469732883175894],[-87.97915044922863,40.48082748058603],[-87.96457125185216,40.517025496557515]]]}},{"type":"Feature","properties":{"rain":22.098,"period":"120day","row":17,"col":16,"distance_miles":16.99,"normal":16.74,"departure":5.358,"percent_normal":132.0},"geometry":{"type":"Polygon","coordinates":[[[-87.91696268283594,40.505918445579745],[-87.86937841576977,40.49478232662432],[-87.88402917574886,40.45860924537781],[-87.93157769079686,40.469732883175894],[-87.91696268283594,40.505918445579745]]]}},{"type":"Feature","properties":{"rain":22.661,"period":"120day","row":17,"col":17,"distance_miles":18.66,"normal":16.804,"departure":5.858,"percent_normal":134.9},"geometry":{"type":"Polygon","coordinates":[[[-87.86937841576977,40.49478232662432],[-87.82181849764156,40.48361717088794],[-87.83650495100048,40.44745659831745],[-87.88402917574886,40.45860924537781],[-87.86937841576977,40.49478232662432]]]}},{"type":"Feature","properties":{"rain":22.827,"period":"120day","row":17,"col":18,"distance_miles":20.53,"normal":16.836,"departure":5.991,"percent_normal":135.6},"geometry":{"type":"Polygon","coordinates":[[[-87.82181849764156,40.48361717088794],[-87.77428297525687,40.472423009620464],[-87.78900506328593,40.43627497317363],[-87.83650495100048,40.44745659831745],[-87.82181849764156,40.48361717088794]]]}},{"type":"Feature","properties":{"rain":23.209,"period":"120day","row":17,"col":19,"distance_miles":22.54,"normal":16.824,"departure":6.385,"percent_normal":137.9},"geometry":{"type":"Polygon","coordinates":[[[-87.77428297525687,40.472423009620464],[-87.72677189523891,40.46119987412462],[-87.74152955915774,40.42506440117795],[-87.78900506328593,40.43627497317363],[-87.77428297525687,40.472423009620464]]]}},{"type":"Feature","properties":{"rain":23.098,"period":"120day","row":17,"col":20,"distance_miles":24.67,"normal":16.824,"departure":6.274,"percent_normal":137.3},"geometry":{"type":"Polygon","coordinates":[[[-87.72677189523891,40.46119987412462],[-87.67928530402854,40.4499477957558],[-87.69407848498676,40.41382491361459],[-87.74152955915774,40.42506440117795],[-87.72677189523891,40.46119987412462]]]}},{"type":"Feature","properties":{"rain":26.343,"period":"120day","row":18,"col":5,"distance_miles":24.97,"normal":16.007,"departure":10.336,"percent_normal":164.6},"geometry":{"type":"Polygon","coordinates":[[[-88.4562009684339,40.590169424224555],[-88.40838839644796,40.5793669307255],[-88.42261891102335,40.54306598275558],[-88.47039513978287,40.55385632108831],[-88.4562009684339,40.590169424224555]]]}},{"type":"Feature","properties":{"rain":25.811,"period":"120day","row":18,"col":6,"distance_miles":23.05,"normal":16.098,"departure":9.713,"percent_normal":160.3},"geometry":{"type":"Polygon","coordinates":[[[-88.40838839644796,40.5793669307255],[-88.36059958871196,40.56853508856329],[-88.37486638888613,40.53224632402704],[-88.42261891102335,40.54306598275558],[-88.40838839644796,40.5793669307255]]]}},{"type":"Feature","properties":{"rain":24.122,"period":"120day","row":18,"col":7,"distance_miles":21.28,"normal":16.158,"departure":7.964,"percent_normal":149.3},"geometry":{"type":"Polygon","coordinates":[[[-88.36059958871196,40.56853508856329],[-88.31283459395445,40.55767392831732],[-88.32713762202097,40.52139737541198],[-88.37486638888613,40.53224632402704],[-88.36059958871196,40.56853508856329]]]}},{"type":"Feature","properties":{"rain":23.949,"period":"120day","row":18,"col":8,"distance_miles":19.7,"normal":16.239,"departure":7.71,"percent_normal":147.5},"geometry":{"type":"Polygon","coordinates":[[[-88.31283459395445,40.55767392831732],[-88.26509346072301,40.54678348062295],[-88.27943265889738,40.510519167475444],[-88.32713762202097,40.52139737541198],[-88.31283459395445,40.55767392831732]]]}},{"type":"Feature","properties":{"rain":23.783,"period":"120day","row":18,"col":9,"distance_miles":18.37,"normal":16.32,"departure":7.464,"percent_normal":145.7},"geometry":{"type":"Polygon","coordinates":[[[-88.26509346072301,40.54678348062295],[-88.21737623738423,40.53586377617102],[-88.23175154780454,40.49961173083803],[-88.27943265889738,40.510519167475444],[-88.26509346072301,40.54678348062295]]]}},{"type":"Feature","properties":{"rain":23.496,"period":"120day","row":18,"col":10,"distance_miles":17.33,"normal":16.224,"departure":7.272,"percent_normal":144.8},"geometry":{"type":"Polygon","coordinates":[[[-88.21737623738423,40.53586377617102],[-88.16968297212357,40.52491484570775],[-88.18409433685116,40.48867509617559],[-88.23175154780454,40.49961173083803],[-88.21737623738423,40.53586377617102]]]}},{"type":"Feature","properties":{"rain":22.976,"period":"120day","row":18,"col":11,"distance_miles":16.64,"normal":16.226,"departure":6.75,"percent_normal":141.6},"geometry":{"type":"Polygon","coordinates":[[[-88.16968297212357,40.52491484570775],[-88.1220137129453,40.513936720034394],[-88.13646107396553,40.47770929421891],[-88.18409433685116,40.48867509617559],[-88.16968297212357,40.52491484570775]]]}},{"type":"Feature","properties":{"rain":22.339,"period":"120day","row":18,"col":12,"distance_miles":16.36,"normal":16.244,"departure":6.094,"percent_normal":137.5},"geometry":{"type":"Polygon","coordinates":[[[-88.1220137129453,40.513936720034394],[-88.07436850767246,40.50292943000696],[-88.0888518068953,40.46671435575351],[-88.13646107396553,40.47770929421891],[-88.1220137129453,40.513936720034394]]]}},{"type":"Feature","properties":{"rain":22.098,"period":"120day","row":18,"col":13,"distance_miles":16.49,"normal":16.333,"departure":5.766,"percent_normal":135.3},"geometry":{"type":"Polygon","coordinates":[[[-88.07436850767246,40.50292943000696],[-88.0267474039468,40.49189300653594],[-88.0412665832075,40.45569031161933],[-88.0888518068953,40.46671435575351],[-88.07436850767246,40.50292943000696]]]}},{"type":"Feature","properties":{"rain":24.476,"period":"120day","row":18,"col":14,"distance_miles":17.03,"normal":16.475,"departure":8.001,"percent_normal":148.6},"geometry":{"type":"Polygon","coordinates":[[[-88.0267474039468,40.49189300653594],[-87.97915044922863,40.48082748058603],[-87.99370545028845,40.44463719271041],[-88.0412665832075,40.45569031161933],[-88.0267474039468,40.49189300653594]]]}},{"type":"Feature","properties":{"rain":24.224,"period":"120day","row":18,"col":15,"distance_miles":17.94,"normal":16.595,"departure":7.629,"percent_normal":146.0},"geometry":{"type":"Polygon","coordinates":[[[-87.97915044922863,40.48082748058603],[-87.93157769079686,40.469732883175894],[-87.94616845534372,40.433555029974734],[-87.99370545028845,40.44463719271041],[-87.97915044922863,40.48082748058603]]]}},{"type":"Feature","properties":{"rain":24.409,"period":"120day","row":18,"col":16,"distance_miles":19.16,"normal":16.684,"departure":7.725,"percent_normal":146.3},"geometry":{"type":"Polygon","coordinates":[[[-87.93157769079686,40.469732883175894],[-87.88402917574886,40.45860924537781],[-87.89865564539805,40.422443854413835],[-87.94616845534372,40.433555029974734],[-87.93157769079686,40.469732883175894]]]}},{"type":"Feature","properties":{"rain":25.028,"period":"120day","row":18,"col":17,"distance_miles":20.65,"normal":16.712,"departure":8.316,"percent_normal":149.8},"geometry":{"type":"Polygon","coordinates":[[[-87.88402917574886,40.45860924537781],[-87.83650495100048,40.44745659831745],[-87.85116706729528,40.41130369708259],[-87.89865564539805,40.422443854413835],[-87.88402917574886,40.45860924537781]]]}},{"type":"Feature","properties":{"rain":24.087,"period":"120day","row":18,"col":18,"distance_miles":22.35,"normal":16.769,"departure":7.317,"percent_normal":143.6},"geometry":{"type":"Polygon","coordinates":[[[-87.83650495100048,40.44745659831745],[-87.78900506328593,40.43627497317363],[-87.80370276769831,40.40013458908891],[-87.85116706729528,40.41130369708259],[-87.83650495100048,40.44745659831745]]]}},{"type":"Feature","properties":{"rain":24.11,"period":"120day","row":18,"col":19,"distance_miles":24.22,"normal":16.818,"departure":7.293,"percent_normal":143.4},"geometry":{"type":"Polygon","coordinates":[[[-87.78900506328593,40.43627497317363],[-87.74152955915774,40.42506440117795],[-87.75626279308906,40.388936561593475],[-87.80370276769831,40.40013458908891],[-87.78900506328593,40.43627497317363]]]}},{"type":"Feature","properties":{"rain":25.276,"period":"120day","row":19,"col":6,"distance_miles":24.97,"normal":16.02,"departure":9.256,"percent_normal":157.8},"geometry":{"type":"Polygon","coordinates":[[[-88.42261891102335,40.54306598275558],[-88.37486638888613,40.53224632402704],[-88.38910943375821,40.49596544949642],[-88.43682571894645,40.506772943393216],[-88.42261891102335,40.54306598275558]]]}},{"type":"Feature","properties":{"rain":24.894,"period":"120day","row":19,"col":7,"distance_miles":23.35,"normal":16.062,"departure":8.832,"percent_normal":155.0},"geometry":{"type":"Polygon","coordinates":[[[-88.37486638888613,40.53224632402704],[-88.32713762202097,40.52139737541198],[-88.34141684631585,40.48512869388151],[-88.38910943375821,40.49596544949642],[-88.37486638888613,40.53224632402704]]]}},{"type":"Feature","properties":{"rain":24.496,"period":"120day","row":19,"col":8,"distance_miles":21.92,"normal":16.148,"departure":8.348,"percent_normal":151.7},"geometry":{"type":"Polygon","coordinates":[[[-88.32713762202097,40.52139737541198],[-88.27943265889738,40.510519167475444],[-88.29374800501094,40.4742627070435],[-88.34141684631585,40.48512869388151],[-88.32713762202097,40.52139737541198]]]}},{"type":"Feature","properties":{"rain":24.346,"period":"120day","row":19,"col":9,"distance_miles":20.73,"normal":16.207,"departure":8.14,"percent_normal":150.2},"geometry":{"type":"Polygon","coordinates":[[[-88.27943265889738,40.510519167475444],[-88.23175154780454,40.49961173083803],[-88.24610295805527,40.46336751953289],[-88.29374800501094,40.4742627070435],[-88.27943265889738,40.510519167475444]]]}},{"type":"Feature","properties":{"rain":23.961,"period":"120day","row":19,"col":10,"distance_miles":19.81,"normal":16.172,"departure":7.789,"percent_normal":148.2},"geometry":{"type":"Polygon","coordinates":[[[-88.23175154780454,40.49961173083803],[-88.18409433685116,40.48867509617559],[-88.19848175348096,40.45244316195536],[-88.24610295805527,40.46336751953289],[-88.23175154780454,40.49961173083803]]]}},{"type":"Feature","properties":{"rain":23.693,"period":"120day","row":19,"col":11,"distance_miles":19.22,"normal":16.175,"departure":7.518,"percent_normal":146.5},"geometry":{"type":"Polygon","coordinates":[[[-88.18409433685116,40.48867509617559],[-88.13646107396553,40.47770929421891],[-88.15088443914026,40.441489664971456],[-88.19848175348096,40.45244316195536],[-88.18409433685116,40.48867509617559]]]}},{"type":"Feature","properties":{"rain":23.602,"period":"120day","row":19,"col":12,"distance_miles":18.97,"normal":16.189,"departure":7.413,"percent_normal":145.8},"geometry":{"type":"Polygon","coordinates":[[[-88.13646107396553,40.47770929421891],[-88.0888518068953,40.46671435575351],[-88.10331106270559,40.4305070592964],[-88.15088443914026,40.441489664971456],[-88.13646107396553,40.47770929421891]]]}},{"type":"Feature","properties":{"rain":22.87,"period":"120day","row":19,"col":13,"distance_miles":19.08,"normal":16.224,"departure":6.646,"percent_normal":141.0},"geometry":{"type":"Polygon","coordinates":[[[-88.0888518068953,40.46671435575351],[-88.0412665832075,40.45569031161933],[-88.0557616716693,40.41949537569975],[-88.10331106270559,40.4305070592964],[-88.0888518068953,40.46671435575351]]]}},{"type":"Feature","properties":{"rain":22.594,"period":"120day","row":19,"col":14,"distance_miles":19.55,"normal":16.333,"departure":6.261,"percent_normal":138.3},"geometry":{"type":"Polygon","coordinates":[[[-88.0412665832075,40.45569031161933],[-87.99370545028845,40.44463719271041],[-88.00823631334382,40.40845464500517],[-88.0557616716693,40.41949537569975],[-88.0412665832075,40.45569031161933]]]}},{"type":"Feature","properties":{"rain":23.15,"period":"120day","row":19,"col":15,"distance_miles":20.34,"normal":16.559,"departure":6.591,"percent_normal":139.8},"geometry":{"type":"Polygon","coordinates":[[[-87.99370545028845,40.44463719271041],[-87.94616845534372,40.433555029974734],[-87.9607350348614,40.39738489809011],[-88.00823631334382,40.40845464500517],[-87.99370545028845,40.44463719271041]]]}},{"type":"Feature","properties":{"rain":24.287,"period":"120day","row":19,"col":16,"distance_miles":21.43,"normal":16.644,"departure":7.643,"percent_normal":145.9},"geometry":{"type":"Polygon","coordinates":[[[-87.94616845534372,40.433555029974734],[-87.89865564539805,40.422443854413835],[-87.9132578831742,40.38628616588556],[-87.9607350348614,40.39738489809011],[-87.94616845534372,40.433555029974734]]]}},{"type":"Feature","properties":{"rain":27.681,"period":"120day","row":19,"col":17,"distance_miles":22.77,"normal":16.712,"departure":10.969,"percent_normal":165.6},"geometry":{"type":"Polygon","coordinates":[[[-87.89865564539805,40.422443854413835],[-87.85116706729528,40.41130369708259],[-87.86580490505413,40.37515847937579],[-87.9132578831742,40.38628616588556],[-87.89865564539805,40.422443854413835]]]}},{"type":"Feature","properties":{"rain":26.933,"period":"120day","row":19,"col":18,"distance_miles":24.32,"normal":16.754,"departure":10.179,"percent_normal":160.8},"geometry":{"type":"Polygon","coordinates":[[[-87.85116706729528,40.41130369708259],[-87.80370276769831,40.40013458908891],[-87.81837614709282,40.36400186959805],[-87.86580490505413,40.37515847937579],[-87.85116706729528,40.41130369708259]]]}},{"type":"Feature","properties":{"rain":25.409,"period":"120day","row":20,"col":8,"distance_miles":24.22,"normal":16.114,"departure":9.296,"percent_normal":157.7},"geometry":{"type":"Polygon","coordinates":[[[-88.34141684631585,40.48512869388151],[-88.29374800501094,40.4742627070435],[-88.30803955674527,40.43801411112717],[-88.35567232444339,40.44886789548684],[-88.34141684631585,40.48512869388151]]]}},{"type":"Feature","properties":{"rain":23.705,"period":"120day","row":20,"col":9,"distance_miles":23.14,"normal":16.144,"departure":7.56,"percent_normal":146.8},"geometry":{"type":"Polygon","coordinates":[[[-88.29374800501094,40.4742627070435],[-88.24610295805527,40.46336751953289],[-88.26043052589468,40.42713115409481],[-88.30803955674527,40.43801411112717],[-88.29374800501094,40.4742627070435]]]}},{"type":"Feature","properties":{"rain":23.276,"period":"120day","row":20,"col":10,"distance_miles":22.33,"normal":16.174,"departure":7.102,"percent_normal":143.9},"geometry":{"type":"Polygon","coordinates":[[[-88.24610295805527,40.46336751953289],[-88.19848175348096,40.45244316195536],[-88.21284527984713,40.41621905492543],[-88.26043052589468,40.42713115409481],[-88.24610295805527,40.46336751953289]]]}},{"type":"Feature","properties":{"rain":23.378,"period":"120day","row":20,"col":11,"distance_miles":21.8,"normal":16.175,"departure":7.203,"percent_normal":144.5},"geometry":{"type":"Polygon","coordinates":[[[-88.19848175348096,40.45244316195536],[-88.15088443914026,40.441489664971456],[-88.165283866379,40.40527784420957],[-88.21284527984713,40.41621905492543],[-88.19848175348096,40.45244316195536]]]}},{"type":"Feature","properties":{"rain":23.949,"period":"120day","row":20,"col":12,"distance_miles":21.58,"normal":16.182,"departure":7.767,"percent_normal":148.0},"geometry":{"type":"Polygon","coordinates":[[[-88.15088443914026,40.441489664971456],[-88.10331106270559,40.4305070592964],[-88.11774633308744,40.39430755259235],[-88.165283866379,40.40527784420957],[-88.15088443914026,40.441489664971456]]]}},{"type":"Feature","properties":{"rain":22.665,"period":"120day","row":20,"col":13,"distance_miles":21.68,"normal":16.226,"departure":6.439,"percent_normal":139.7},"geometry":{"type":"Polygon","coordinates":[[[-88.10331106270559,40.4305070592964],[-88.0557616716693,40.41949537569975],[-88.0702327273903,40.38330821077317],[-88.11774633308744,40.39430755259235],[-88.10331106270559,40.4305070592964]]]}},{"type":"Feature","properties":{"rain":21.929,"period":"120day","row":20,"col":14,"distance_miles":22.09,"normal":16.351,"departure":5.578,"percent_normal":134.1},"geometry":{"type":"Polygon","coordinates":[[[-88.0557616716693,40.41949537569975],[-88.00823631334382,40.40845464500517],[-88.02274309652607,40.372279849505446],[-88.0702327273903,40.38330821077317],[-88.0557616716693,40.41949537569975]]]}},{"type":"Feature","properties":{"rain":24.118,"period":"120day","row":20,"col":15,"distance_miles":22.79,"normal":16.452,"departure":7.666,"percent_normal":146.6},"geometry":{"type":"Polygon","coordinates":[[[-88.00823631334382,40.40845464500517],[-87.9607350348614,40.39738489809011],[-87.97527748755384,40.36122249959636],[-88.02274309652607,40.372279849505446],[-88.00823631334382,40.40845464500517]]]}},{"type":"Feature","properties":{"rain":27.102,"period":"120day","row":20,"col":16,"distance_miles":23.77,"normal":16.542,"departure":10.561,"percent_normal":163.8},"geometry":{"type":"Polygon","coordinates":[[[-87.9607350348614,40.39738489809011],[-87.9132578831742,40.38628616588556],[-87.92783594735319,40.350136191906536],[-87.97527748755384,40.36122249959636],[-87.9607350348614,40.39738489809011]]]}},{"type":"Feature","properties":{"rain":28.969,"period":"120day","row":20,"col":17,"distance_miles":24.98,"normal":16.619,"departure":12.349,"percent_normal":174.3},"geometry":{"type":"Polygon","coordinates":[[[-87.9132578831742,40.38628616588556],[-87.86580490505413,40.37515847937579],[-87.88041852262414,40.339020957349845],[-87.92783594735319,40.350136191906536],[-87.9132578831742,40.38628616588556]]]}},{"type":"Feature","properties":{"rain":24.972,"period":"120day","row":21,"col":10,"distance_miles":24.86,"normal":16.229,"departure":8.744,"percent_normal":153.9},"geometry":{"type":"Polygon","coordinates":[[[-88.26043052589468,40.42713115409481],[-88.21284527984713,40.41621905492543],[-88.22718497360401,40.38000278692538],[-88.27473430890117,40.39090264632428],[-88.26043052589468,40.42713115409481]]]}},{"type":"Feature","properties":{"rain":24.866,"period":"120day","row":21,"col":11,"distance_miles":24.39,"normal":16.249,"departure":8.617,"percent_normal":153.0},"geometry":{"type":"Polygon","coordinates":[[[-88.21284527984713,40.41621905492543],[-88.165283866379,40.40527784420957],[-88.17965941341129,40.36907384381192],[-88.22718497360401,40.38000278692538],[-88.21284527984713,40.41621905492543]]]}},{"type":"Feature","properties":{"rain":23.469,"period":"120day","row":21,"col":12,"distance_miles":24.19,"normal":16.208,"departure":7.26,"percent_normal":144.8},"geometry":{"type":"Polygon","coordinates":[[[-88.165283866379,40.40527784420957],[-88.11774633308744,40.39430755259235],[-88.132157675845,40.35811584755911],[-88.17965941341129,40.36907384381192],[-88.165283866379,40.40527784420957]]]}},{"type":"Feature","properties":{"rain":23.303,"period":"120day","row":21,"col":13,"distance_miles":24.28,"normal":16.259,"departure":7.044,"percent_normal":143.3},"geometry":{"type":"Polygon","coordinates":[[[-88.11774633308744,40.39430755259235],[-88.0702327273903,40.38330821077317],[-88.08467980824848,40.347128828796386],[-88.132157675845,40.35811584755911],[-88.11774633308744,40.39430755259235]]]}},{"type":"Feature","properties":{"rain":23.224,"period":"120day","row":21,"col":14,"distance_miles":24.64,"normal":16.351,"departure":6.873,"percent_normal":142.0},"geometry":{"type":"Polygon","coordinates":[[[-88.0702327273903,40.38330821077317],[-88.02274309652607,40.372279849505446],[-88.03722585778642,40.33611281820713],[-88.08467980824848,40.347128828796386],[-88.0702327273903,40.38330821077317]]]}}]}