{"type":"FeatureCollection","metadata":{"period":"1day","source_date":"2026-08-10","source_file":"nws_precip_1day_20260810_conus.tif","source_crs":"PROJCS[\"NOAA_HRAP_Grid\",GEOGCS[\"GCS_NOAA_HRAP\",DATUM[\"D_NOAA_HRAP\",SPHEROID[\"Sphere\",6371200,0]],PRIMEM[\"Greenwich\",0],UNIT[\"degree\",0.0174532925199433,AUTHORITY[\"EPSG\",\"9122\"]]],PROJECTION[\"Polar_Stereographic\"],PARAMETER[\"latitude_of_origin\",60],PARAMETER[\"central_meridian\",-105],PARAMETER[\"false_easting\",0],PARAMETER[\"false_northing\",0],UNIT[\"metre\",1],AXIS[\"Easting\",SOUTH],AXIS[\"Northing\",SOUTH]]","units":"Inches","center":{"lon":-88.24,"lat":40.12},"radius_miles":50,"cell_count":1151},"features":[{"type":"Feature","properties":{"rain":0.634,"period":"1day","row":8,"col":21,"distance_miles":49.37},"geometry":{"type":"Polygon","coordinates":[[[-88.24560303348625,40.85912782568605],[-88.19754646130058,40.84816829695385],[-88.2120420150792,40.81182920109904],[-88.26006196879875,40.82277636773238],[-88.24560303348625,40.85912782568605]]]}},{"type":"Feature","properties":{"rain":0.65,"period":"1day","row":8,"col":22,"distance_miles":48.71},"geometry":{"type":"Polygon","coordinates":[[[-88.19754646130058,40.84816829695385],[-88.14951421949175,40.83717925472681],[-88.1640463324845,40.800852549326976],[-88.2120420150792,40.81182920109904],[-88.19754646130058,40.84816829695385]]]}},{"type":"Feature","properties":{"rain":0.563,"period":"1day","row":8,"col":23,"distance_miles":48.18},"geometry":{"type":"Polygon","coordinates":[[[-88.14951421949175,40.83717925472681],[-88.10150635704825,40.826160730265656],[-88.11607496992512,40.789846443604915],[-88.1640463324845,40.800852549326976],[-88.14951421949175,40.83717925472681]]]}},{"type":"Feature","properties":{"rain":0.547,"period":"1day","row":8,"col":24,"distance_miles":47.8},"geometry":{"type":"Polygon","coordinates":[[[-88.10150635704825,40.826160730265656],[-88.05352292277196,40.81511275488686],[-88.06812797612565,40.77881091517735],[-88.11607496992512,40.789846443604915],[-88.10150635704825,40.826160730265656]]]}},{"type":"Feature","properties":{"rain":0.713,"period":"1day","row":8,"col":25,"distance_miles":47.55},"geometry":{"type":"Polygon","coordinates":[[[-88.05352292277196,40.81511275488686],[-88.00556396527804,40.804035359962505],[-88.02020539962463,40.7677459953443],[-88.06812797612565,40.77881091517735],[-88.05352292277196,40.81511275488686]]]}},{"type":"Feature","properties":{"rain":0.811,"period":"1day","row":8,"col":26,"distance_miles":47.45},"geometry":{"type":"Polygon","coordinates":[[[-88.00556396527804,40.804035359962505],[-87.95762953299482,40.792928576919934],[-87.9723072887745,40.75665171546096],[-88.02020539962463,40.7677459953443],[-88.00556396527804,40.804035359962505]]]}},{"type":"Feature","properties":{"rain":1.028,"period":"1day","row":8,"col":27,"distance_miles":47.49},"geometry":{"type":"Polygon","coordinates":[[[-87.95762953299482,40.792928576919934],[-87.90971967416382,40.78179243724151],[-87.92443369174164,40.745528106937485],[-87.9723072887745,40.75665171546096],[-87.95762953299482,40.792928576919934]]]}},{"type":"Feature","properties":{"rain":1.173,"period":"1day","row":8,"col":28,"distance_miles":47.67},"geometry":{"type":"Polygon","coordinates":[[[-87.90971967416382,40.78179243724151],[-87.86183443683969,40.77062697246431],[-87.87658465650614,40.73437520123868],[-87.92443369174164,40.745528106937485],[-87.90971967416382,40.78179243724151]]]}},{"type":"Feature","properties":{"rain":1.476,"period":"1day","row":8,"col":29,"distance_miles":48.0},"geometry":{"type":"Polygon","coordinates":[[[-87.86183443683969,40.77062697246431],[-87.81397386889007,40.759432214179796],[-87.82876023086187,40.72319302988371],[-87.87658465650614,40.73437520123868],[-87.86183443683969,40.77062697246431]]]}},{"type":"Feature","properties":{"rain":1.709,"period":"1day","row":8,"col":30,"distance_miles":48.47},"geometry":{"type":"Polygon","coordinates":[[[-87.81397386889007,40.759432214179796],[-87.7661380179956,40.7482081940336],[-87.78096046241639,40.71198162444581],[-87.82876023086187,40.72319302988371],[-87.81397386889007,40.759432214179796]]]}},{"type":"Feature","properties":{"rain":1.709,"period":"1day","row":8,"col":31,"distance_miles":49.07},"geometry":{"type":"Polygon","coordinates":[[[-87.7661380179956,40.7482081940336],[-87.71832693164986,40.736954943725245],[-87.73318539859088,40.70074101655205],[-87.78096046241639,40.71198162444581],[-87.7661380179956,40.7482081940336]]]}},{"type":"Feature","properties":{"rain":1.638,"period":"1day","row":8,"col":32,"distance_miles":49.81},"geometry":{"type":"Polygon","coordinates":[[[-87.71832693164986,40.736954943725245],[-87.6705406571593,40.72567249500777],[-87.68543508662009,40.68947123788298],[-87.73318539859088,40.70074101655205],[-87.71832693164986,40.736954943725245]]]}},{"type":"Feature","properties":{"rain":0.083,"period":"1day","row":9,"col":18,"distance_miles":49.73},"geometry":{"type":"Polygon","coordinates":[[[-88.40426696481377,40.85544064575546],[-88.35617449304105,40.84458212110858],[-88.37053589067145,40.80821385695744],[-88.41859161635058,40.819060123865206],[-88.40426696481377,40.85544064575546]]]}},{"type":"Feature","properties":{"rain":0.213,"period":"1day","row":9,"col":19,"distance_miles":48.65},"geometry":{"type":"Polygon","coordinates":[[[-88.35617449304105,40.84458212110858],[-88.30810614454676,40.833694018094334],[-88.32250422944257,40.79733804022452],[-88.37053589067145,40.80821385695744],[-88.35617449304105,40.84458212110858]]]}},{"type":"Feature","properties":{"rain":0.335,"period":"1day","row":9,"col":20,"distance_miles":47.69},"geometry":{"type":"Polygon","coordinates":[[[-88.30810614454676,40.833694018094334],[-88.26006196879875,40.82277636773238],[-88.27449668205183,40.78643270461458],[-88.32250422944257,40.79733804022452],[-88.30810614454676,40.833694018094334]]]}},{"type":"Feature","properties":{"rain":0.346,"period":"1day","row":9,"col":21,"distance_miles":46.86},"geometry":{"type":"Polygon","coordinates":[[[-88.26006196879875,40.82277636773238],[-88.2120420150792,40.81182920109904],[-88.22651329770204,40.77549788113234],[-88.27449668205183,40.78643270461458],[-88.26006196879875,40.82277636773238]]]}},{"type":"Feature","properties":{"rain":0.346,"period":"1day","row":9,"col":22,"distance_miles":46.16},"geometry":{"type":"Polygon","coordinates":[[[-88.2120420150792,40.81182920109904],[-88.1640463324845,40.800852549326976],[-88.17855412541094,40.76453360083879],[-88.22651329770204,40.77549788113234],[-88.2120420150792,40.81182920109904]]]}},{"type":"Feature","properties":{"rain":0.346,"period":"1day","row":9,"col":23,"distance_miles":45.61},"geometry":{"type":"Polygon","coordinates":[[[-88.1640463324845,40.800852549326976],[-88.11607496992512,40.789846443604915],[-88.1306192140111,40.75353989485091],[-88.17855412541094,40.76453360083879],[-88.1640463324845,40.800852549326976]]]}},{"type":"Feature","properties":{"rain":0.307,"period":"1day","row":9,"col":24,"distance_miles":45.2},"geometry":{"type":"Polygon","coordinates":[[[-88.11607496992512,40.789846443604915],[-88.06812797612565,40.77881091517735],[-88.08270861214987,40.74251679434141],[-88.1306192140111,40.75353989485091],[-88.11607496992512,40.789846443604915]]]}},{"type":"Feature","properties":{"rain":0.339,"period":"1day","row":9,"col":25,"distance_miles":44.94},"geometry":{"type":"Polygon","coordinates":[[[-88.06812797612565,40.77881091517735],[-88.02020539962463,40.7677459953443],[-88.03482236828927,40.73146433053842],[-88.08270861214987,40.74251679434141],[-88.06812797612565,40.77881091517735]]]}},{"type":"Feature","properties":{"rain":0.465,"period":"1day","row":9,"col":26,"distance_miles":44.83},"geometry":{"type":"Polygon","coordinates":[[[-88.02020539962463,40.7677459953443],[-87.9723072887745,40.75665171546096],[-87.98696053070591,40.72038253472524],[-88.03482236828927,40.73146433053842],[-88.02020539962463,40.7677459953443]]]}},{"type":"Feature","properties":{"rain":0.622,"period":"1day","row":9,"col":27,"distance_miles":44.87},"geometry":{"type":"Polygon","coordinates":[[[-87.9723072887745,40.75665171546096],[-87.92443369174164,40.745528106937485],[-87.93912314749103,40.709271438239995],[-87.98696053070591,40.72038253472524],[-87.9723072887745,40.75665171546096]]]}},{"type":"Feature","properties":{"rain":0.713,"period":"1day","row":9,"col":28,"distance_miles":45.07},"geometry":{"type":"Polygon","coordinates":[[[-87.92443369174164,40.745528106937485],[-87.87658465650614,40.73437520123868],[-87.89131026655029,40.69813107247546],[-87.93912314749103,40.709271438239995],[-87.92443369174164,40.745528106937485]]]}},{"type":"Feature","properties":{"rain":0.85,"period":"1day","row":9,"col":29,"distance_miles":45.41},"geometry":{"type":"Polygon","coordinates":[[[-87.87658465650614,40.73437520123868],[-87.82876023086187,40.72319302988371],[-87.84352193560383,40.68696146887867],[-87.89131026655029,40.69813107247546],[-87.87658465650614,40.73437520123868]]]}},{"type":"Feature","properties":{"rain":0.941,"period":"1day","row":9,"col":30,"distance_miles":45.91},"geometry":{"type":"Polygon","coordinates":[[[-87.82876023086187,40.72319302988371],[-87.78096046241639,40.71198162444581],[-87.79575820218616,40.675762658950674],[-87.84352193560383,40.68696146887867],[-87.82876023086187,40.72319302988371]]]}},{"type":"Feature","properties":{"rain":1.177,"period":"1day","row":9,"col":31,"distance_miles":46.55},"geometry":{"type":"Polygon","coordinates":[[[-87.78096046241639,40.71198162444581],[-87.73318539859088,40.70074101655205],[-87.7480191136461,40.66453467424631],[-87.79575820218616,40.675762658950674],[-87.78096046241639,40.71198162444581]]]}},{"type":"Feature","properties":{"rain":1.26,"period":"1day","row":9,"col":32,"distance_miles":47.32},"geometry":{"type":"Polygon","coordinates":[[[-87.73318539859088,40.70074101655205],[-87.68543508662009,40.68947123788298],[-87.70030471714676,40.65327754637385],[-87.7480191136461,40.66453467424631],[-87.73318539859088,40.70074101655205]]]}},{"type":"Feature","properties":{"rain":1.154,"period":"1day","row":9,"col":33,"distance_miles":48.22},"geometry":{"type":"Polygon","coordinates":[[[-87.68543508662009,40.68947123788298],[-87.63770957355231,40.67817232017241],[-87.65261505966551,40.64199130699472],[-87.70030471714676,40.65327754637385],[-87.68543508662009,40.68947123788298]]]}},{"type":"Feature","properties":{"rain":1.217,"period":"1day","row":9,"col":34,"distance_miles":49.25},"geometry":{"type":"Polygon","coordinates":[[[-87.63770957355231,40.67817232017241],[-87.59000890624937,40.666844295207085],[-87.60495018799385,40.63067598782328],[-87.65261505966551,40.64199130699472],[-87.63770957355231,40.67817232017241]]]}},{"type":"Feature","properties":{"rain":0.0,"period":"1day","row":10,"col":16,"distance_miles":49.98},"geometry":{"type":"Polygon","coordinates":[[[-88.51477506258377,40.840663884697065],[-88.46667135690723,40.82987681005647],[-88.48093523845235,40.79349194124991],[-88.5290021305643,40.80426683421147],[-88.51477506258377,40.840663884697065]]]}},{"type":"Feature","properties":{"rain":0.004,"period":"1day","row":10,"col":17,"distance_miles":48.63},"geometry":{"type":"Polygon","coordinates":[[[-88.46667135690723,40.82987681005647],[-88.41859161635058,40.819060123865206],[-88.43289225297906,40.78268746539305],[-88.48093523845235,40.79349194124991],[-88.46667135690723,40.82987681005647]]]}},{"type":"Feature","properties":{"rain":0.098,"period":"1day","row":10,"col":18,"distance_miles":47.38},"geometry":{"type":"Polygon","coordinates":[[[-88.41859161635058,40.819060123865206],[-88.37053589067145,40.80821385695744],[-88.38487322382072,40.77185343740389],[-88.43289225297906,40.78268746539305],[-88.41859161635058,40.819060123865206]]]}},{"type":"Feature","properties":{"rain":0.181,"period":"1day","row":10,"col":19,"distance_miles":46.25},"geometry":{"type":"Polygon","coordinates":[[[-88.37053589067145,40.80821385695744],[-88.32250422944257,40.79733804022452],[-88.33687820046943,40.76098988810248],[-88.38487322382072,40.77185343740389],[-88.37053589067145,40.80821385695744]]]}},{"type":"Feature","properties":{"rain":0.268,"period":"1day","row":10,"col":20,"distance_miles":45.24},"geometry":{"type":"Polygon","coordinates":[[[-88.32250422944257,40.79733804022452],[-88.27449668205183,40.78643270461458],[-88.2889072322331,40.75009684836567],[-88.33687820046943,40.76098988810248],[-88.32250422944257,40.79733804022452]]]}},{"type":"Feature","properties":{"rain":0.252,"period":"1day","row":10,"col":21,"distance_miles":44.36},"geometry":{"type":"Polygon","coordinates":[[[-88.27449668205183,40.78643270461458],[-88.22651329770204,40.77549788113234],[-88.2409603682353,40.739174349126756],[-88.2889072322331,40.75009684836567],[-88.27449668205183,40.78643270461458]]]}},{"type":"Feature","properties":{"rain":0.268,"period":"1day","row":10,"col":22,"distance_miles":43.63},"geometry":{"type":"Polygon","coordinates":[[[-88.22651329770204,40.77549788113234],[-88.17855412541094,40.76453360083879],[-88.19303765741523,40.72822242137528],[-88.2409603682353,40.739174349126756],[-88.22651329770204,40.77549788113234]]]}},{"type":"Feature","properties":{"rain":0.327,"period":"1day","row":10,"col":23,"distance_miles":43.04},"geometry":{"type":"Polygon","coordinates":[[[-88.17855412541094,40.76453360083879],[-88.1306192140111,40.75353989485091],[-88.1451391485276,40.71724109615669],[-88.19303765741523,40.72822242137528],[-88.17855412541094,40.76453360083879]]]}},{"type":"Feature","properties":{"rain":0.299,"period":"1day","row":10,"col":24,"distance_miles":42.6},"geometry":{"type":"Polygon","coordinates":[[[-88.1306192140111,40.75353989485091],[-88.08270861214987,40.74251679434141],[-88.09726489014258,40.70623040457211],[-88.1451391485276,40.71724109615669],[-88.1306192140111,40.75353989485091]]]}},{"type":"Feature","properties":{"rain":0.299,"period":"1day","row":10,"col":25,"distance_miles":42.33},"geometry":{"type":"Polygon","coordinates":[[[-88.08270861214987,40.74251679434141],[-88.03482236828927,40.73146433053842],[-88.04941493064575,40.69519037777801],[-88.09726489014258,40.70623040457211],[-88.08270861214987,40.74251679434141]]]}},{"type":"Feature","properties":{"rain":0.315,"period":"1day","row":10,"col":26,"distance_miles":42.21},"geometry":{"type":"Polygon","coordinates":[[[-88.03482236828927,40.73146433053842],[-87.98696053070591,40.72038253472524],[-88.00158931823796,40.684121046985965],[-88.04941493064575,40.69519037777801],[-88.03482236828927,40.73146433053842]]]}},{"type":"Feature","properties":{"rain":0.374,"period":"1day","row":10,"col":27,"distance_miles":42.26},"geometry":{"type":"Polygon","coordinates":[[[-87.98696053070591,40.72038253472524],[-87.93912314749103,40.709271438239995],[-87.95378810093536,40.67302244346232],[-88.00158931823796,40.684121046985965],[-87.98696053070591,40.72038253472524]]]}},{"type":"Feature","properties":{"rain":0.339,"period":"1day","row":10,"col":28,"distance_miles":42.46},"geometry":{"type":"Polygon","coordinates":[[[-87.93912314749103,40.709271438239995],[-87.89131026655029,40.69813107247546],[-87.90601132656923,40.66189459852797],[-87.95378810093536,40.67302244346232],[-87.93912314749103,40.709271438239995]]]}},{"type":"Feature","properties":{"rain":0.346,"period":"1day","row":10,"col":29,"distance_miles":42.83},"geometry":{"type":"Polygon","coordinates":[[[-87.89131026655029,40.69813107247546],[-87.84352193560383,40.68696146887867],[-87.85825904278606,40.65073754355805],[-87.90601132656923,40.66189459852797],[-87.89131026655029,40.69813107247546]]]}},{"type":"Feature","properties":{"rain":0.406,"period":"1day","row":10,"col":30,"distance_miles":43.36},"geometry":{"type":"Polygon","coordinates":[[[-87.84352193560383,40.68696146887867],[-87.79575820218616,40.675762658950674],[-87.81053129704735,40.63955130998167],[-87.85825904278606,40.65073754355805],[-87.84352193560383,40.68696146887867]]]}},{"type":"Feature","properties":{"rain":0.425,"period":"1day","row":10,"col":31,"distance_miles":44.03},"geometry":{"type":"Polygon","coordinates":[[[-87.79575820218616,40.675762658950674],[-87.7480191136461,40.66453467424631],[-87.76282813662962,40.6283359292816],[-87.81053129704735,40.63955130998167],[-87.79575820218616,40.675762658950674]]]}},{"type":"Feature","properties":{"rain":0.409,"period":"1day","row":10,"col":32,"distance_miles":44.84},"geometry":{"type":"Polygon","coordinates":[[[-87.7480191136461,40.66453467424631],[-87.70030471714676,40.65327754637385],[-87.7151496086244,40.61709143299401],[-87.76282813662962,40.6283359292816],[-87.7480191136461,40.66453467424631]]]}},{"type":"Feature","properties":{"rain":0.272,"period":"1day","row":10,"col":33,"distance_miles":45.8},"geometry":{"type":"Polygon","coordinates":[[[-87.70030471714676,40.65327754637385],[-87.65261505966551,40.64199130699472],[-87.6674957599381,40.60581785270821],[-87.7151496086244,40.61709143299401],[-87.70030471714676,40.65327754637385]]]}},{"type":"Feature","properties":{"rain":0.437,"period":"1day","row":10,"col":34,"distance_miles":46.87},"geometry":{"type":"Polygon","coordinates":[[[-87.65261505966551,40.64199130699472],[-87.60495018799385,40.63067598782328],[-87.61986663729206,40.59451522006634],[-87.6674957599381,40.60581785270821],[-87.65261505966551,40.64199130699472]]]}},{"type":"Feature","properties":{"rain":0.709,"period":"1day","row":10,"col":35,"distance_miles":48.07},"geometry":{"type":"Polygon","coordinates":[[[-87.60495018799385,40.63067598782328],[-87.55731014873749,40.61933162062648],[-87.57226228722242,40.5831835667631],[-87.61986663729206,40.59451522006634],[-87.60495018799385,40.63067598782328]]]}},{"type":"Feature","properties":{"rain":0.937,"period":"1day","row":10,"col":36,"distance_miles":49.38},"geometry":{"type":"Polygon","coordinates":[[[-87.55731014873749,40.61933162062648],[-87.50969498831617,40.60795823722361],[-87.5246827560801,40.57182292454546],[-87.57226228722242,40.5831835667631],[-87.55731014873749,40.61933162062648]]]}},{"type":"Feature","properties":{"rain":0.0,"period":"1day","row":11,"col":15,"distance_miles":49.31},"geometry":{"type":"Polygon","coordinates":[[[-88.57709287945458,40.81501211357203],[-88.5290021305643,40.80426683421147],[-88.54320534173581,40.76787769649067],[-88.59125926870664,40.778610841590265],[-88.57709287945458,40.81501211357203]]]}},{"type":"Feature","properties":{"rain":0.0,"period":"1day","row":11,"col":16,"distance_miles":47.79},"geometry":{"type":"Polygon","coordinates":[[[-88.5290021305643,40.80426683421147],[-88.48093523845235,40.79349194124991],[-88.49517521332812,40.75711496648669],[-88.54320534173581,40.76787769649067],[-88.5290021305643,40.80426683421147]]]}},{"type":"Feature","properties":{"rain":0.0,"period":"1day","row":11,"col":17,"distance_miles":46.37},"geometry":{"type":"Polygon","coordinates":[[[-88.48093523845235,40.79349194124991],[-88.43289225297906,40.78268746539305],[-88.44716893326192,40.74632268221305],[-88.49517521332812,40.75711496648669],[-88.48093523845235,40.79349194124991]]]}},{"type":"Feature","properties":{"rain":0.004,"period":"1day","row":11,"col":18,"distance_miles":45.06},"geometry":{"type":"Polygon","coordinates":[[[-88.43289225297906,40.78268746539305],[-88.38487322382072,40.77185343740389],[-88.39918655113223,40.73550087436182],[-88.44716893326192,40.74632268221305],[-88.43289225297906,40.78268746539305]]]}},{"type":"Feature","properties":{"rain":0.031,"period":"1day","row":11,"col":19,"distance_miles":43.87},"geometry":{"type":"Polygon","coordinates":[[[-88.38487322382072,40.77185343740389],[-88.33687820046943,40.76098988810248],[-88.35122811635063,40.72464957368198],[-88.39918655113223,40.73550087436182],[-88.38487322382072,40.77185343740389]]]}},{"type":"Feature","properties":{"rain":0.035,"period":"1day","row":11,"col":20,"distance_miles":42.81},"geometry":{"type":"Polygon","coordinates":[[[-88.33687820046943,40.76098988810248],[-88.2889072322331,40.75009684836567],[-88.30329367814512,40.713768810979275],[-88.35122811635063,40.72464957368198],[-88.33687820046943,40.76098988810248]]]}},{"type":"Feature","properties":{"rain":0.024,"period":"1day","row":11,"col":21,"distance_miles":41.88},"geometry":{"type":"Polygon","coordinates":[[[-88.2889072322331,40.75009684836567],[-88.2409603682353,40.739174349126756],[-88.25538328556011,40.70285861711583],[-88.30329367814512,40.713768810979275],[-88.2889072322331,40.75009684836567]]]}},{"type":"Feature","properties":{"rain":0.035,"period":"1day","row":11,"col":22,"distance_miles":41.1},"geometry":{"type":"Polygon","coordinates":[[[-88.2409603682353,40.739174349126756],[-88.19303765741523,40.72822242137528],[-88.20749698745634,40.69191902300991],[-88.25538328556011,40.70285861711583],[-88.2409603682353,40.739174349126756]]]}},{"type":"Feature","properties":{"rain":0.055,"period":"1day","row":11,"col":23,"distance_miles":40.48},"geometry":{"type":"Polygon","coordinates":[[[-88.19303765741523,40.72822242137528],[-88.1451391485276,40.71724109615669],[-88.15963483251072,40.68095005963566],[-88.20749698745634,40.69191902300991],[-88.19303765741523,40.72822242137528]]]}},{"type":"Feature","properties":{"rain":0.039,"period":"1day","row":11,"col":24,"distance_miles":40.01},"geometry":{"type":"Polygon","coordinates":[[[-88.1451391485276,40.71724109615669],[-88.09726489014258,40.70623040457211],[-88.11179686921633,40.669951758022805],[-88.15963483251072,40.68095005963566],[-88.1451391485276,40.71724109615669]]]}},{"type":"Feature","properties":{"rain":0.071,"period":"1day","row":11,"col":25,"distance_miles":39.72},"geometry":{"type":"Polygon","coordinates":[[[-88.09726489014258,40.70623040457211],[-88.04941493064575,40.69519037777801],[-88.06398314588239,40.658924149256364],[-88.11179686921633,40.669951758022805],[-88.09726489014258,40.70623040457211]]]}},{"type":"Feature","properties":{"rain":0.083,"period":"1day","row":11,"col":26,"distance_miles":39.59},"geometry":{"type":"Polygon","coordinates":[[[-88.04941493064575,40.69519037777801],[-88.00158931823796,40.684121046985965],[-88.01619371063403,40.64786726447636],[-88.06398314588239,40.658924149256364],[-88.04941493064575,40.69519037777801]]]}},{"type":"Feature","properties":{"rain":0.079,"period":"1day","row":11,"col":27,"distance_miles":39.64},"geometry":{"type":"Polygon","coordinates":[[[-88.00158931823796,40.684121046985965],[-87.95378810093536,40.67302244346232],[-87.96842861141236,40.636781134877594],[-88.01619371063403,40.64786726447636],[-88.00158931823796,40.684121046985965]]]}},{"type":"Feature","properties":{"rain":0.035,"period":"1day","row":11,"col":28,"distance_miles":39.86},"geometry":{"type":"Polygon","coordinates":[[[-87.95378810093536,40.67302244346232],[-87.90601132656923,40.66189459852797],[-87.92068789597441,40.625665791709324],[-87.96842861141236,40.636781134877594],[-87.95378810093536,40.67302244346232]]]}},{"type":"Feature","properties":{"rain":0.031,"period":"1day","row":11,"col":29,"distance_miles":40.26},"geometry":{"type":"Polygon","coordinates":[[[-87.90601132656923,40.66189459852797],[-87.85825904278606,40.65073754355805],[-87.872971611893,40.61452126627496],[-87.92068789597441,40.625665791709324],[-87.90601132656923,40.66189459852797]]]}},{"type":"Feature","properties":{"rain":0.039,"period":"1day","row":11,"col":30,"distance_miles":40.81},"geometry":{"type":"Polygon","coordinates":[[[-87.85825904278606,40.65073754355805],[-87.81053129704735,40.63955130998167],[-87.8252798065567,40.60334758993182],[-87.872971611893,40.61452126627496],[-87.85825904278606,40.65073754355805]]]}},{"type":"Feature","properties":{"rain":0.016,"period":"1day","row":11,"col":31,"distance_miles":41.53},"geometry":{"type":"Polygon","coordinates":[[[-87.81053129704735,40.63955130998167],[-87.76282813662962,40.6283359292816],[-87.7776125271698,40.59214479409089],[-87.8252798065567,40.60334758993182],[-87.81053129704735,40.63955130998167]]]}},{"type":"Feature","properties":{"rain":0.024,"period":"1day","row":11,"col":32,"distance_miles":42.39},"geometry":{"type":"Polygon","coordinates":[[[-87.76282813662962,40.6283359292816],[-87.7151496086244,40.61709143299401],[-87.72996982075225,40.58091291021644],[-87.7776125271698,40.59214479409089],[-87.76282813662962,40.6283359292816]]]}},{"type":"Feature","properties":{"rain":0.11,"period":"1day","row":11,"col":33,"distance_miles":43.39},"geometry":{"type":"Polygon","coordinates":[[[-87.7151496086244,40.61709143299401],[-87.6674957599381,40.60581785270821],[-87.68235173413962,40.56965196982582],[-87.72996982075225,40.58091291021644],[-87.7151496086244,40.61709143299401]]]}},{"type":"Feature","properties":{"rain":0.311,"period":"1day","row":11,"col":34,"distance_miles":44.53},"geometry":{"type":"Polygon","coordinates":[[[-87.6674957599381,40.60581785270821],[-87.61986663729206,40.59451522006634],[-87.63475831398304,40.558362004489204],[-87.68235173413962,40.56965196982582],[-87.6674957599381,40.60581785270821]]]}},{"type":"Feature","properties":{"rain":0.594,"period":"1day","row":11,"col":35,"distance_miles":45.79},"geometry":{"type":"Polygon","coordinates":[[[-87.61986663729206,40.59451522006634],[-87.57226228722242,40.5831835667631],[-87.58718960674915,40.547043045829184],[-87.63475831398304,40.558362004489204],[-87.61986663729206,40.59451522006634]]]}},{"type":"Feature","properties":{"rain":0.685,"period":"1day","row":11,"col":36,"distance_miles":47.16},"geometry":{"type":"Polygon","coordinates":[[[-87.57226228722242,40.5831835667631],[-87.5246827560801,40.57182292454546],[-87.5396456587201,40.53569512552067],[-87.58718960674915,40.547043045829184],[-87.57226228722242,40.5831835667631]]]}},{"type":"Feature","properties":{"rain":0.862,"period":"1day","row":11,"col":37,"distance_miles":48.63},"geometry":{"type":"Polygon","coordinates":[[[-87.5246827560801,40.57182292454546],[-87.47712809003082,40.560433325212394],[-87.49212651599348,40.52431827529044],[-87.5396456587201,40.53569512552067],[-87.5246827560801,40.57182292454546]]]}},{"type":"Feature","properties":{"rain":0.004,"period":"1day","row":12,"col":14,"distance_miles":48.9},"geometry":{"type":"Polygon","coordinates":[[[-88.63933694427897,40.789314371208214],[-88.59125926870664,40.778610841590265],[-88.60540190932664,40.74221751278089],[-88.65344275499179,40.75290895552707],[-88.63933694427897,40.789314371208214]]]}},{"type":"Feature","properties":{"rain":0.0,"period":"1day","row":12,"col":15,"distance_miles":47.23},"geometry":{"type":"Polygon","coordinates":[[[-88.59125926870664,40.778610841590265],[-88.54320534173581,40.76787769649067],[-88.55738475431365,40.73149648329039],[-88.60540190932664,40.74221751278089],[-88.59125926870664,40.778610841590265]]]}},{"type":"Feature","properties":{"rain":0.0,"period":"1day","row":12,"col":16,"distance_miles":45.64},"geometry":{"type":"Polygon","coordinates":[[[-88.54320534173581,40.76787769649067],[-88.49517521332812,40.75711496648669],[-88.50939133983182,40.72074589756218],[-88.55738475431365,40.73149648329039],[-88.54320534173581,40.76787769649067]]]}},{"type":"Feature","properties":{"rain":0.0,"period":"1day","row":12,"col":17,"distance_miles":44.16},"geometry":{"type":"Polygon","coordinates":[[[-88.49517521332812,40.75711496648669],[-88.44716893326192,40.74632268221305],[-88.4614217155777,40.70996578616034],[-88.50939133983182,40.72074589756218],[-88.49517521332812,40.75711496648669]]]}},{"type":"Feature","properties":{"rain":0.0,"period":"1day","row":12,"col":18,"distance_miles":42.78},"geometry":{"type":"Polygon","coordinates":[[[-88.44716893326192,40.74632268221305],[-88.39918655113223,40.73550087436182],[-88.4134759310651,40.69915617970613],[-88.4614217155777,40.70996578616034],[-88.44716893326192,40.74632268221305]]]}},{"type":"Feature","properties":{"rain":0.0,"period":"1day","row":12,"col":19,"distance_miles":41.53},"geometry":{"type":"Polygon","coordinates":[[[-88.39918655113223,40.73550087436182],[-88.35122811635063,40.72464957368198],[-88.36555403562511,40.68831710887771],[-88.4134759310651,40.69915617970613],[-88.39918655113223,40.73550087436182]]]}},{"type":"Feature","properties":{"rain":0.0,"period":"1day","row":12,"col":20,"distance_miles":40.4},"geometry":{"type":"Polygon","coordinates":[[[-88.35122811635063,40.72464957368198],[-88.30329367814512,40.713768810979275],[-88.317656078406,40.67744860440991],[-88.36555403562511,40.68831710887771],[-88.35122811635063,40.72464957368198]]]}},{"type":"Feature","properties":{"rain":0.0,"period":"1day","row":12,"col":21,"distance_miles":39.42},"geometry":{"type":"Polygon","coordinates":[[[-88.30329367814512,40.713768810979275],[-88.25538328556011,40.70285861711583],[-88.26978210837306,40.66655069709386],[-88.317656078406,40.67744860440991],[-88.30329367814512,40.713768810979275]]]}},{"type":"Feature","properties":{"rain":0.0,"period":"1day","row":12,"col":22,"distance_miles":38.59},"geometry":{"type":"Polygon","coordinates":[[[-88.25538328556011,40.70285861711583],[-88.20749698745634,40.69191902300991],[-88.22193217430862,40.65562341777679],[-88.26978210837306,40.66655069709386],[-88.25538328556011,40.70285861711583]]]}},{"type":"Feature","properties":{"rain":0.0,"period":"1day","row":12,"col":23,"distance_miles":37.92},"geometry":{"type":"Polygon","coordinates":[[[-88.20749698745634,40.69191902300991],[-88.15963483251072,40.68095005963566],[-88.1741063248119,40.64466679736172],[-88.22193217430862,40.65562341777679],[-88.20749698745634,40.69191902300991]]]}},{"type":"Feature","properties":{"rain":0.0,"period":"1day","row":12,"col":24,"distance_miles":37.43},"geometry":{"type":"Polygon","coordinates":[[[-88.15963483251072,40.68095005963566],[-88.11179686921633,40.669951758022805],[-88.12630460829901,40.63368086680719],[-88.1741063248119,40.64466679736172],[-88.15963483251072,40.68095005963566]]]}},{"type":"Feature","properties":{"rain":0.004,"period":"1day","row":12,"col":25,"distance_miles":37.11},"geometry":{"type":"Polygon","coordinates":[[[-88.11179686921633,40.669951758022805],[-88.06398314588239,40.658924149256364],[-88.07852707300276,40.62266565712699],[-88.12630460829901,40.63368086680719],[-88.11179686921633,40.669951758022805]]]}},{"type":"Feature","properties":{"rain":0.0,"period":"1day","row":12,"col":26,"distance_miles":36.98},"geometry":{"type":"Polygon","coordinates":[[[-88.06398314588239,40.658924149256364],[-88.01619371063403,40.64786726447636],[-88.03077376697269,40.61162119938981],[-88.07852707300276,40.62266565712699],[-88.06398314588239,40.658924149256364]]]}},{"type":"Feature","properties":{"rain":0.0,"period":"1day","row":12,"col":27,"distance_miles":37.03},"geometry":{"type":"Polygon","coordinates":[[[-88.01619371063403,40.64786726447636],[-87.96842861141236,40.636781134877594],[-87.98304473807498,40.600547524719076],[-88.03077376697269,40.61162119938981],[-88.01619371063403,40.64786726447636]]]}},{"type":"Feature","properties":{"rain":0.0,"period":"1day","row":12,"col":28,"distance_miles":37.27},"geometry":{"type":"Polygon","coordinates":[[[-87.96842861141236,40.636781134877594],[-87.92068789597441,40.625665791709324],[-87.93534003399236,40.5894446642926],[-87.98304473807498,40.600547524719076],[-87.96842861141236,40.636781134877594]]]}},{"type":"Feature","properties":{"rain":0.0,"period":"1day","row":12,"col":29,"distance_miles":37.69},"geometry":{"type":"Polygon","coordinates":[[[-87.92068789597441,40.625665791709324],[-87.872971611893,40.61452126627496],[-87.88765970222411,40.5783126493423],[-87.93534003399236,40.5894446642926],[-87.92068789597441,40.625665791709324]]]}},{"type":"Feature","properties":{"rain":0.004,"period":"1day","row":12,"col":30,"distance_miles":38.28},"geometry":{"type":"Polygon","coordinates":[[[-87.872971611893,40.61452126627496],[-87.8252798065567,40.60334758993182],[-87.84000379008592,40.56715151115393],[-87.88765970222411,40.5783126493423],[-87.872971611893,40.61452126627496]]]}},{"type":"Feature","properties":{"rain":0.0,"period":"1day","row":12,"col":31,"distance_miles":39.04},"geometry":{"type":"Polygon","coordinates":[[[-87.8252798065567,40.60334758993182],[-87.7776125271698,40.59214479409089],[-87.79237234470988,40.55596128106684],[-87.84000379008592,40.56715151115393],[-87.8252798065567,40.60334758993182]]]}},{"type":"Feature","properties":{"rain":0.012,"period":"1day","row":12,"col":32,"distance_miles":39.95},"geometry":{"type":"Polygon","coordinates":[[[-87.7776125271698,40.59214479409089],[-87.72996982075225,40.58091291021644],[-87.74476541304443,40.54474199047363],[-87.79237234470988,40.55596128106684],[-87.7776125271698,40.59214479409089]]]}},{"type":"Feature","properties":{"rain":0.024,"period":"1day","row":12,"col":33,"distance_miles":41.02},"geometry":{"type":"Polygon","coordinates":[[[-87.72996982075225,40.58091291021644],[-87.68235173413962,40.56965196982582],[-87.69718304185433,40.53349367081993],[-87.74476541304443,40.54474199047363],[-87.72996982075225,40.58091291021644]]]}},{"type":"Feature","properties":{"rain":0.173,"period":"1day","row":12,"col":34,"distance_miles":42.22},"geometry":{"type":"Polygon","coordinates":[[[-87.68235173413962,40.56965196982582],[-87.63475831398304,40.558362004489204],[-87.64962527772055,40.52221635360405],[-87.69718304185433,40.53349367081993],[-87.68235173413962,40.56965196982582]]]}},{"type":"Feature","properties":{"rain":0.295,"period":"1day","row":12,"col":35,"distance_miles":43.54},"geometry":{"type":"Polygon","coordinates":[[[-87.63475831398304,40.558362004489204],[-87.58718960674915,40.547043045829184],[-87.6020921670403,40.51091007037683],[-87.64962527772055,40.52221635360405],[-87.63475831398304,40.558362004489204]]]}},{"type":"Feature","properties":{"rain":0.665,"period":"1day","row":12,"col":36,"distance_miles":44.98},"geometry":{"type":"Polygon","coordinates":[[[-87.58718960674915,40.547043045829184],[-87.5396456587201,40.53569512552067],[-87.55458375602693,40.4995748527412],[-87.6020921670403,40.51091007037683],[-87.58718960674915,40.547043045829184]]]}},{"type":"Feature","properties":{"rain":0.969,"period":"1day","row":12,"col":37,"distance_miles":46.52},"geometry":{"type":"Polygon","coordinates":[[[-87.5396456587201,40.53569512552067],[-87.49212651599348,40.52431827529044],[-87.50710009070997,40.488210732352],[-87.55458375602693,40.4995748527412],[-87.5396456587201,40.53569512552067]]]}},{"type":"Feature","properties":{"rain":1.161,"period":"1day","row":12,"col":38,"distance_miles":48.15},"geometry":{"type":"Polygon","coordinates":[[[-87.49212651599348,40.52431827529044],[-87.44463222448225,40.51291252691698],[-87.45964121693495,40.47681774091569],[-87.50710009070997,40.488210732352],[-87.49212651599348,40.52431827529044]]]}},{"type":"Feature","properties":{"rain":1.339,"period":"1day","row":12,"col":39,"distance_miles":49.87},"geometry":{"type":"Polygon","coordinates":[[[-87.44463222448225,40.51291252691698],[-87.39716282991482,40.50147791223016],[-87.41220718036358,40.465395910190104],[-87.45964121693495,40.47681774091569],[-87.44463222448225,40.51291252691698]]]}},{"type":"Feature","properties":{"rain":0.0,"period":"1day","row":13,"col":13,"distance_miles":48.78},"geometry":{"type":"Polygon","coordinates":[[[-88.70150724124747,40.76357078108009],[-88.65344275499179,40.75290895552707],[-88.6675249250836,40.71651151327807],[-88.7155525738099,40.72716129931913],[-88.70150724124747,40.76357078108009]]]}},{"type":"Feature","properties":{"rain":0.004,"period":"1day","row":13,"col":14,"distance_miles":46.96},"geometry":{"type":"Polygon","coordinates":[[[-88.65344275499179,40.75290895552707],[-88.60540190932664,40.74221751278089],[-88.61952085926413,40.70583213882144],[-88.6675249250836,40.71651151327807],[-88.65344275499179,40.75290895552707]]]}},{"type":"Feature","properties":{"rain":0.016,"period":"1day","row":13,"col":15,"distance_miles":45.21},"geometry":{"type":"Polygon","coordinates":[[[-88.60540190932664,40.74221751278089],[-88.55738475431365,40.73149648329039],[-88.57154042632986,40.69512320632776],[-88.61952085926413,40.70583213882144],[-88.60540190932664,40.74221751278089]]]}},{"type":"Feature","properties":{"rain":0.012,"period":"1day","row":13,"col":16,"distance_miles":43.55},"geometry":{"type":"Polygon","coordinates":[[[-88.55738475431365,40.73149648329039],[-88.50939133983182,40.72074589756218],[-88.5235836760774,40.6843847462332],[-88.57154042632986,40.69512320632776],[-88.55738475431365,40.73149648329039]]]}},{"type":"Feature","properties":{"rain":0.0,"period":"1day","row":13,"col":17,"distance_miles":41.99},"geometry":{"type":"Polygon","coordinates":[[[-88.50939133983182,40.72074589756218],[-88.4614217155777,40.70996578616034],[-88.47565065812148,40.67361678903135],[-88.5235836760774,40.6843847462332],[-88.50939133983182,40.72074589756218]]]}},{"type":"Feature","properties":{"rain":0.0,"period":"1day","row":13,"col":18,"distance_miles":40.54},"geometry":{"type":"Polygon","coordinates":[[[-88.4614217155777,40.70996578616034],[-88.4134759310651,40.69915617970613],[-88.42774142189486,40.6628193652729],[-88.47565065812148,40.67361678903135],[-88.4614217155777,40.70996578616034]]]}},{"type":"Feature","properties":{"rain":0.0,"period":"1day","row":13,"col":19,"distance_miles":39.21},"geometry":{"type":"Polygon","coordinates":[[[-88.4134759310651,40.69915617970613],[-88.36555403562511,40.68831710887771],[-88.37985601664826,40.651992505565424],[-88.42774142189486,40.6628193652729],[-88.4134759310651,40.69915617970613]]]}},{"type":"Feature","properties":{"rain":0.0,"period":"1day","row":13,"col":20,"distance_miles":38.02},"geometry":{"type":"Polygon","coordinates":[[[-88.36555403562511,40.68831710887771],[-88.317656078406,40.67744860440991],[-88.3319944914502,40.64113624057297],[-88.37985601664826,40.651992505565424],[-88.36555403562511,40.68831710887771]]]}},{"type":"Feature","properties":{"rain":0.0,"period":"1day","row":13,"col":21,"distance_miles":36.97},"geometry":{"type":"Polygon","coordinates":[[[-88.317656078406,40.67744860440991],[-88.26978210837306,40.66655069709386],[-88.28415689518698,40.63025060101593],[-88.3319944914502,40.64113624057297],[-88.317656078406,40.67744860440991]]]}},{"type":"Feature","properties":{"rain":0.0,"period":"1day","row":13,"col":22,"distance_miles":36.09},"geometry":{"type":"Polygon","coordinates":[[[-88.26978210837306,40.66655069709386],[-88.22193217430862,40.65562341777679],[-88.23634327656265,40.619335617670686],[-88.28415689518698,40.63025060101593],[-88.26978210837306,40.66655069709386]]]}},{"type":"Feature","properties":{"rain":0.0,"period":"1day","row":13,"col":23,"distance_miles":35.38},"geometry":{"type":"Polygon","coordinates":[[[-88.22193217430862,40.65562341777679],[-88.1741063248119,40.64466679736172],[-88.18855368409878,40.60839132136937],[-88.23634327656265,40.619335617670686],[-88.22193217430862,40.65562341777679]]]}},{"type":"Feature","properties":{"rain":0.0,"period":"1day","row":13,"col":24,"distance_miles":34.84},"geometry":{"type":"Polygon","coordinates":[[[-88.1741063248119,40.64466679736172],[-88.12630460829901,40.63368086680719],[-88.1407881661345,40.597417742999504],[-88.18855368409878,40.60839132136937],[-88.1741063248119,40.64466679736172]]]}},{"type":"Feature","properties":{"rain":0.0,"period":"1day","row":13,"col":25,"distance_miles":34.5},"geometry":{"type":"Polygon","coordinates":[[[-88.12630460829901,40.63368086680719],[-88.07852707300276,40.62266565712699],[-88.09304677082638,40.58641491350383],[-88.1407881661345,40.597417742999504],[-88.12630460829901,40.63368086680719]]]}},{"type":"Feature","properties":{"rain":0.0,"period":"1day","row":13,"col":26,"distance_miles":34.36},"geometry":{"type":"Polygon","coordinates":[[[-88.07852707300276,40.62266565712699],[-88.03077376697269,40.61162119938981],[-88.04532954614841,40.57538286387995],[-88.09304677082638,40.58641491350383],[-88.07852707300276,40.62266565712699]]]}},{"type":"Feature","properties":{"rain":0.0,"period":"1day","row":13,"col":27,"distance_miles":34.42},"geometry":{"type":"Polygon","coordinates":[[[-88.03077376697269,40.61162119938981],[-87.98304473807498,40.600547524719076],[-87.9976365398919,40.56432162518012],[-88.04532954614841,40.57538286387995],[-88.03077376697269,40.61162119938981]]]}},{"type":"Feature","properties":{"rain":0.0,"period":"1day","row":13,"col":28,"distance_miles":34.67},"geometry":{"type":"Polygon","coordinates":[[[-87.98304473807498,40.600547524719076],[-87.93534003399236,40.5894446642926],[-87.94996779966537,40.553231228510896],[-87.9976365398919,40.56432162518012],[-87.98304473807498,40.600547524719076]]]}},{"type":"Feature","properties":{"rain":0.004,"period":"1day","row":13,"col":29,"distance_miles":35.12},"geometry":{"type":"Polygon","coordinates":[[[-87.93534003399236,40.5894446642926],[-87.88765970222411,40.5783126493423],[-87.90232337289457,40.542111705032916],[-87.94996779966537,40.553231228510896],[-87.93534003399236,40.5894446642926]]]}},{"type":"Feature","properties":{"rain":0.004,"period":"1day","row":13,"col":30,"distance_miles":35.76},"geometry":{"type":"Polygon","coordinates":[[[-87.88765970222411,40.5783126493423],[-87.84000379008592,40.56715151115393],[-87.85470330682237,40.53096308596057],[-87.90232337289457,40.542111705032916],[-87.88765970222411,40.5783126493423]]]}},{"type":"Feature","properties":{"rain":0.0,"period":"1day","row":13,"col":31,"distance_miles":36.57},"geometry":{"type":"Polygon","coordinates":[[[-87.84000379008592,40.56715151115393],[-87.79237234470988,40.55596128106684],[-87.80710764850875,40.51978540256179],[-87.85470330682237,40.53096308596057],[-87.84000379008592,40.56715151115393]]]}},{"type":"Feature","properties":{"rain":0.012,"period":"1day","row":13,"col":32,"distance_miles":37.55},"geometry":{"type":"Polygon","coordinates":[[[-87.79237234470988,40.55596128106684],[-87.74476541304443,40.54474199047363],[-87.75953644483066,40.5085786861577],[-87.80710764850875,40.51978540256179],[-87.79237234470988,40.55596128106684]]]}},{"type":"Feature","properties":{"rain":0.039,"period":"1day","row":13,"col":33,"distance_miles":38.68},"geometry":{"type":"Polygon","coordinates":[[[-87.74476541304443,40.54474199047363],[-87.69718304185433,40.53349367081993],[-87.71198974248207,40.497342968122354],[-87.75953644483066,40.5085786861577],[-87.74476541304443,40.54474199047363]]]}},{"type":"Feature","properties":{"rain":0.114,"period":"1day","row":13,"col":34,"distance_miles":39.94},"geometry":{"type":"Polygon","coordinates":[[[-87.69718304185433,40.53349367081993],[-87.64962527772055,40.52221635360405],[-87.6644675879739,40.48607827988255],[-87.71198974248207,40.497342968122354],[-87.69718304185433,40.53349367081993]]]}},{"type":"Feature","properties":{"rain":0.311,"period":"1day","row":13,"col":35,"distance_miles":41.34},"geometry":{"type":"Polygon","coordinates":[[[-87.64962527772055,40.52221635360405],[-87.6020921670403,40.51091007037683],[-87.61697002763391,40.4747846529174],[-87.6644675879739,40.48607827988255],[-87.64962527772055,40.52221635360405]]]}},{"type":"Feature","properties":{"rain":0.472,"period":"1day","row":13,"col":36,"distance_miles":42.85},"geometry":{"type":"Polygon","coordinates":[[[-87.6020921670403,40.51091007037683],[-87.55458375602693,40.4995748527412],[-87.56949710760675,40.46346211875816],[-87.61697002763391,40.4747846529174],[-87.6020921670403,40.51091007037683]]]}},{"type":"Feature","properties":{"rain":0.606,"period":"1day","row":13,"col":37,"distance_miles":44.46},"geometry":{"type":"Polygon","coordinates":[[[-87.55458375602693,40.4995748527412],[-87.50710009070997,40.488210732352],[-87.52204887385382,40.452110708987945],[-87.56949710760675,40.46346211875816],[-87.55458375602693,40.4995748527412]]]}},{"type":"Feature","properties":{"rain":0.744,"period":"1day","row":13,"col":38,"distance_miles":46.17},"geometry":{"type":"Polygon","coordinates":[[[-87.50710009070997,40.488210732352],[-87.45964121693495,40.47681774091569],[-87.47462537215338,40.440730455241365],[-87.52204887385382,40.452110708987945],[-87.50710009070997,40.488210732352]]]}},{"type":"Feature","properties":{"rain":1.055,"period":"1day","row":13,"col":39,"distance_miles":47.95},"geometry":{"type":"Polygon","coordinates":[[[-87.45964121693495,40.47681774091569],[-87.41220718036358,40.465395910190104],[-87.42722664810036,40.429321389204375],[-87.47462537215338,40.440730455241365],[-87.45964121693495,40.47681774091569]]]}},{"type":"Feature","properties":{"rain":1.193,"period":"1day","row":13,"col":40,"distance_miles":49.81},"geometry":{"type":"Polygon","coordinates":[[[-87.41220718036358,40.465395910190104],[-87.36479802647351,40.453945271984026],[-87.37985274710644,40.4178835426139],[-87.42722664810036,40.429321389204375],[-87.41220718036358,40.465395910190104]]]}},{"type":"Feature","properties":{"rain":0.0,"period":"1day","row":14,"col":12,"distance_miles":48.94},"geometry":{"type":"Polygon","coordinates":[[[-88.76360375528293,40.737781466624035],[-88.7155525738099,40.72716129931913],[-88.72957437359533,40.69075982110252],[-88.7775887102807,40.70136799622536],[-88.76360375528293,40.737781466624035]]]}},{"type":"Feature","properties":{"rain":0.0,"period":"1day","row":14,"col":13,"distance_miles":46.97},"geometry":{"type":"Polygon","coordinates":[[[-88.7155525738099,40.72716129931913],[-88.6675249250836,40.71651151327807],[-88.68158351223835,40.680122056060966],[-88.72957437359533,40.69075982110252],[-88.7155525738099,40.72716129931913]]]}},{"type":"Feature","properties":{"rain":0.0,"period":"1day","row":14,"col":14,"distance_miles":45.08},"geometry":{"type":"Polygon","coordinates":[[[-88.6675249250836,40.71651151327807],[-88.61952085926413,40.70583213882144],[-88.63361617628611,40.66945473135115],[-88.68158351223835,40.680122056060966],[-88.6675249250836,40.71651151327807]]]}},{"type":"Feature","properties":{"rain":0.0,"period":"1day","row":14,"col":15,"distance_miles":43.26},"geometry":{"type":"Polygon","coordinates":[[[-88.61952085926413,40.70583213882144],[-88.57154042632986,40.69512320632776],[-88.58567241563395,40.65875787728151],[-88.63361617628611,40.66945473135115],[-88.61952085926413,40.70583213882144]]]}},{"type":"Feature","properties":{"rain":0.0,"period":"1day","row":14,"col":16,"distance_miles":41.52},"geometry":{"type":"Polygon","coordinates":[[[-88.57154042632986,40.69512320632776],[-88.5235836760774,40.6843847462332],[-88.5377522799961,40.64803152421798],[-88.58567241563395,40.65875787728151],[-88.57154042632986,40.69512320632776]]]}},{"type":"Feature","properties":{"rain":0.0,"period":"1day","row":14,"col":17,"distance_miles":39.88},"geometry":{"type":"Polygon","coordinates":[[[-88.5235836760774,40.6843847462332],[-88.47565065812148,40.67361678903135],[-88.48985581890562,40.63727570258384],[-88.5377522799961,40.64803152421798],[-88.5235836760774,40.6843847462332]]]}},{"type":"Feature","properties":{"rain":0.0,"period":"1day","row":14,"col":18,"distance_miles":38.35},"geometry":{"type":"Polygon","coordinates":[[[-88.47565065812148,40.67361678903135],[-88.42774142189486,40.6628193652729],[-88.44198308171427,40.62649044285948],[-88.48985581890562,40.63727570258384],[-88.47565065812148,40.67361678903135]]]}},{"type":"Feature","properties":{"rain":0.0,"period":"1day","row":14,"col":19,"distance_miles":36.94},"geometry":{"type":"Polygon","coordinates":[[[-88.42774142189486,40.6628193652729],[-88.37985601664826,40.651992505565424],[-88.39413411759247,40.615675775581956],[-88.44198308171427,40.62649044285948],[-88.42774142189486,40.6628193652729]]]}},{"type":"Feature","properties":{"rain":0.0,"period":"1day","row":14,"col":20,"distance_miles":35.68},"geometry":{"type":"Polygon","coordinates":[[[-88.37985601664826,40.651992505565424],[-88.3319944914502,40.64113624057297],[-88.34630897552914,40.60483173134489],[-88.39413411759247,40.615675775581956],[-88.37985601664826,40.651992505565424]]]}},{"type":"Feature","properties":{"rain":0.0,"period":"1day","row":14,"col":21,"distance_miles":34.56},"geometry":{"type":"Polygon","coordinates":[[[-88.3319944914502,40.64113624057297],[-88.28415689518698,40.63025060101593],[-88.29850770433167,40.59395834079806],[-88.34630897552914,40.60483173134489],[-88.3319944914502,40.64113624057297]]]}},{"type":"Feature","properties":{"rain":0.0,"period":"1day","row":14,"col":22,"distance_miles":33.61},"geometry":{"type":"Polygon","coordinates":[[[-88.28415689518698,40.63025060101593],[-88.23634327656265,40.619335617670686],[-88.25073035262581,40.58305563464722],[-88.29850770433167,40.59395834079806],[-88.28415689518698,40.63025060101593]]]}},{"type":"Feature","properties":{"rain":0.0,"period":"1day","row":14,"col":23,"distance_miles":32.84},"geometry":{"type":"Polygon","coordinates":[[[-88.23634327656265,40.619335617670686],[-88.18855368409878,40.60839132136937],[-88.20297696885562,40.57212364365379],[-88.25073035262581,40.58305563464722],[-88.23634327656265,40.619335617670686]]]}},{"type":"Feature","properties":{"rain":0.0,"period":"1day","row":14,"col":24,"distance_miles":32.27},"geometry":{"type":"Polygon","coordinates":[[[-88.18855368409878,40.60839132136937],[-88.1407881661345,40.597417742999504],[-88.15524760128335,40.56116239863451],[-88.20297696885562,40.57212364365379],[-88.18855368409878,40.60839132136937]]]}},{"type":"Feature","properties":{"rain":0.0,"period":"1day","row":14,"col":25,"distance_miles":31.9},"geometry":{"type":"Polygon","coordinates":[[[-88.1407881661345,40.597417742999504],[-88.09304677082638,40.58641491350383],[-88.1075422979894,40.550171930461275],[-88.15524760128335,40.56116239863451],[-88.1407881661345,40.597417742999504]]]}},{"type":"Feature","properties":{"rain":0.0,"period":"1day","row":14,"col":26,"distance_miles":31.75},"geometry":{"type":"Polygon","coordinates":[[[-88.09304677082638,40.58641491350383],[-88.04532954614841,40.57538286387995],[-88.05986110687225,40.539152270060825],[-88.1075422979894,40.550171930461275],[-88.09304677082638,40.58641491350383]]]}},{"type":"Feature","properties":{"rain":0.0,"period":"1day","row":14,"col":27,"distance_miles":31.81},"geometry":{"type":"Polygon","coordinates":[[[-88.04532954614841,40.57538286387995],[-87.9976365398919,40.56432162518012],[-88.01220407564837,40.52810344841439],[-88.05986110687225,40.539152270060825],[-88.04532954614841,40.57538286387995]]]}},{"type":"Feature","properties":{"rain":0.0,"period":"1day","row":14,"col":28,"distance_miles":32.08},"geometry":{"type":"Polygon","coordinates":[[[-87.9976365398919,40.56432162518012],[-87.94996779966537,40.553231228510896],[-87.96457125185216,40.517025496557515],[-88.01220407564837,40.52810344841439],[-87.9976365398919,40.56432162518012]]]}},{"type":"Feature","properties":{"rain":0.0,"period":"1day","row":14,"col":29,"distance_miles":32.57},"geometry":{"type":"Polygon","coordinates":[[[-87.94996779966537,40.553231228510896],[-87.90232337289457,40.542111705032916],[-87.91696268283594,40.505918445579745],[-87.96457125185216,40.517025496557515],[-87.94996779966537,40.553231228510896]]]}},{"type":"Feature","properties":{"rain":0.0,"period":"1day","row":14,"col":30,"distance_miles":33.25},"geometry":{"type":"Polygon","coordinates":[[[-87.90232337289457,40.542111705032916],[-87.85470330682237,40.53096308596057],[-87.86937841576977,40.49478232662432],[-87.91696268283594,40.505918445579745],[-87.90232337289457,40.542111705032916]]]}},{"type":"Feature","properties":{"rain":0.0,"period":"1day","row":14,"col":31,"distance_miles":34.12},"geometry":{"type":"Polygon","coordinates":[[[-87.85470330682237,40.53096308596057],[-87.80710764850875,40.51978540256179],[-87.82181849764156,40.48361717088794],[-87.86937841576977,40.49478232662432],[-87.85470330682237,40.53096308596057]]]}},{"type":"Feature","properties":{"rain":0.02,"period":"1day","row":14,"col":32,"distance_miles":35.17},"geometry":{"type":"Polygon","coordinates":[[[-87.80710764850875,40.51978540256179],[-87.75953644483066,40.5085786861577],[-87.77428297525687,40.472423009620464],[-87.82181849764156,40.48361717088794],[-87.80710764850875,40.51978540256179]]]}},{"type":"Feature","properties":{"rain":0.059,"period":"1day","row":14,"col":33,"distance_miles":36.37},"geometry":{"type":"Polygon","coordinates":[[[-87.75953644483066,40.5085786861577],[-87.71198974248207,40.497342968122354],[-87.72677189523891,40.46119987412462],[-87.77428297525687,40.472423009620464],[-87.75953644483066,40.5085786861577]]]}},{"type":"Feature","properties":{"rain":0.209,"period":"1day","row":14,"col":34,"distance_miles":37.72},"geometry":{"type":"Polygon","coordinates":[[[-87.71198974248207,40.497342968122354],[-87.6644675879739,40.48607827988255],[-87.67928530402854,40.4499477957558],[-87.72677189523891,40.46119987412462],[-87.71198974248207,40.497342968122354]]]}},{"type":"Feature","properties":{"rain":0.272,"period":"1day","row":14,"col":35,"distance_miles":39.19},"geometry":{"type":"Polygon","coordinates":[[[-87.6644675879739,40.48607827988255],[-87.61697002763391,40.4747846529174],[-87.63182324788417,40.43866680592168],[-87.67928530402854,40.4499477957558],[-87.6644675879739,40.48607827988255]]]}},{"type":"Feature","properties":{"rain":0.268,"period":"1day","row":14,"col":36,"distance_miles":40.78},"geometry":{"type":"Polygon","coordinates":[[[-87.61697002763391,40.4747846529174],[-87.56949710760675,40.46346211875816],[-87.58438577288175,40.42735693608202],[-87.63182324788417,40.43866680592168],[-87.61697002763391,40.4747846529174]]]}},{"type":"Feature","properties":{"rain":0.295,"period":"1day","row":14,"col":37,"distance_miles":42.47},"geometry":{"type":"Polygon","coordinates":[[[-87.56949710760675,40.46346211875816],[-87.52204887385382,40.452110708987945],[-87.53697292491468,40.41601821774836],[-87.58438577288175,40.42735693608202],[-87.56949710760675,40.46346211875816]]]}},{"type":"Feature","properties":{"rain":0.465,"period":"1day","row":14,"col":38,"distance_miles":44.25},"geometry":{"type":"Polygon","coordinates":[[[-87.52204887385382,40.452110708987945],[-87.47462537215338,40.440730455241365],[-87.48958474969383,40.40465068248372],[-87.53697292491468,40.41601821774836],[-87.52204887385382,40.452110708987945]]]}},{"type":"Feature","properties":{"rain":0.701,"period":"1day","row":14,"col":39,"distance_miles":46.11},"geometry":{"type":"Polygon","coordinates":[[[-87.47462537215338,40.440730455241365],[-87.42722664810036,40.429321389204375],[-87.4422212927475,40.393254361902386],[-87.48958474969383,40.40465068248372],[-87.47462537215338,40.440730455241365]]]}},{"type":"Feature","properties":{"rain":0.846,"period":"1day","row":14,"col":40,"distance_miles":48.04},"geometry":{"type":"Polygon","coordinates":[[[-87.42722664810036,40.429321389204375],[-87.37985274710644,40.4178835426139],[-87.39488259942136,40.38182928766957],[-87.4422212927475,40.393254361902386],[-87.42722664810036,40.429321389204375]]]}},{"type":"Feature","properties":{"rain":0.0,"period":"1day","row":15,"col":11,"distance_miles":49.37},"geometry":{"type":"Polygon","coordinates":[[[-88.82562647203727,40.71194655123709],[-88.7775887102807,40.70136799622536],[-88.79155024017714,40.66496255933602],[-88.83955115025017,40.67552916946507],[-88.82562647203727,40.71194655123709]]]}},{"type":"Feature","properties":{"rain":0.0,"period":"1day","row":15,"col":12,"distance_miles":47.28},"geometry":{"type":"Polygon","coordinates":[[[-88.7775887102807,40.70136799622536],[-88.72957437359533,40.69075982110252],[-88.74357269802219,40.6543663579526],[-88.79155024017714,40.66496255933602],[-88.7775887102807,40.70136799622536]]]}},{"type":"Feature","properties":{"rain":0.0,"period":"1day","row":15,"col":13,"distance_miles":45.25},"geometry":{"type":"Polygon","coordinates":[[[-88.72957437359533,40.69075982110252],[-88.68158351223835,40.680122056060966],[-88.6956185739582,40.643740595437414],[-88.74357269802219,40.6543663579526],[-88.72957437359533,40.69075982110252]]]}},{"type":"Feature","properties":{"rain":0.0,"period":"1day","row":15,"col":14,"distance_miles":43.27},"geometry":{"type":"Polygon","coordinates":[[[-88.68158351223835,40.680122056060966],[-88.63361617628611,40.66945473135115],[-88.64768791797785,40.63308530197111],[-88.6956185739582,40.643740595437414],[-88.68158351223835,40.680122056060966]]]}},{"type":"Feature","properties":{"rain":0.0,"period":"1day","row":15,"col":15,"distance_miles":41.37},"geometry":{"type":"Polygon","coordinates":[[[-88.63361617628611,40.66945473135115],[-88.58567241563395,40.65875787728151],[-88.59978077989354,40.6224005077921],[-88.64768791797785,40.63308530197111],[-88.63361617628611,40.66945473135115]]]}},{"type":"Feature","properties":{"rain":0.0,"period":"1day","row":15,"col":16,"distance_miles":39.56},"geometry":{"type":"Polygon","coordinates":[[[-88.58567241563395,40.65875787728151],[-88.5377522799961,40.64803152421798],[-88.55189720933723,40.611686243196374],[-88.59978077989354,40.6224005077921],[-88.58567241563395,40.65875787728151]]]}},{"type":"Feature","properties":{"rain":0.0,"period":"1day","row":15,"col":17,"distance_miles":37.83},"geometry":{"type":"Polygon","coordinates":[[[-88.5377522799961,40.64803152421798],[-88.48985581890562,40.63727570258384],[-88.50403725576038,40.60094253853713],[-88.55189720933723,40.611686243196374],[-88.5377522799961,40.64803152421798]]]}},{"type":"Feature","properties":{"rain":0.0,"period":"1day","row":15,"col":18,"distance_miles":36.22},"geometry":{"type":"Polygon","coordinates":[[[-88.48985581890562,40.63727570258384],[-88.44198308171427,40.62649044285948],[-88.4562009684339,40.590169424224555],[-88.50403725576038,40.60094253853713],[-88.48985581890562,40.63727570258384]]]}},{"type":"Feature","properties":{"rain":0.0,"period":"1day","row":15,"col":19,"distance_miles":34.72},"geometry":{"type":"Polygon","coordinates":[[[-88.44198308171427,40.62649044285948],[-88.39413411759247,40.615675775581956],[-88.40838839644796,40.5793669307255],[-88.4562009684339,40.590169424224555],[-88.44198308171427,40.62649044285948]]]}},{"type":"Feature","properties":{"rain":0.0,"period":"1day","row":15,"col":20,"distance_miles":33.37},"geometry":{"type":"Polygon","coordinates":[[[-88.39413411759247,40.615675775581956],[-88.34630897552914,40.60483173134489],[-88.36059958871196,40.56853508856329],[-88.40838839644796,40.5793669307255],[-88.39413411759247,40.615675775581956]]]}},{"type":"Feature","properties":{"rain":0.0,"period":"1day","row":15,"col":21,"distance_miles":32.17},"geometry":{"type":"Polygon","coordinates":[[[-88.34630897552914,40.60483173134489],[-88.29850770433167,40.59395834079806],[-88.31283459395445,40.55767392831732],[-88.36059958871196,40.56853508856329],[-88.34630897552914,40.60483173134489]]]}},{"type":"Feature","properties":{"rain":0.0,"period":"1day","row":15,"col":22,"distance_miles":31.15},"geometry":{"type":"Polygon","coordinates":[[[-88.29850770433167,40.59395834079806],[-88.25073035262581,40.58305563464722],[-88.26509346072301,40.54678348062295],[-88.31283459395445,40.55767392831732],[-88.29850770433167,40.59395834079806]]]}},{"type":"Feature","properties":{"rain":0.0,"period":"1day","row":15,"col":23,"distance_miles":30.32},"geometry":{"type":"Polygon","coordinates":[[[-88.25073035262581,40.58305563464722],[-88.20297696885562,40.57212364365379],[-88.21737623738423,40.53586377617102],[-88.26509346072301,40.54678348062295],[-88.25073035262581,40.58305563464722]]]}},{"type":"Feature","properties":{"rain":0.0,"period":"1day","row":15,"col":24,"distance_miles":29.7},"geometry":{"type":"Polygon","coordinates":[[[-88.20297696885562,40.57212364365379],[-88.15524760128335,40.56116239863451],[-88.16968297212357,40.52491484570775],[-88.21737623738423,40.53586377617102],[-88.20297696885562,40.57212364365379]]]}},{"type":"Feature","properties":{"rain":0.0,"period":"1day","row":15,"col":25,"distance_miles":29.3},"geometry":{"type":"Polygon","coordinates":[[[-88.15524760128335,40.56116239863451],[-88.1075422979894,40.550171930461275],[-88.1220137129453,40.513936720034394],[-88.16968297212357,40.52491484570775],[-88.15524760128335,40.56116239863451]]]}},{"type":"Feature","properties":{"rain":0.0,"period":"1day","row":15,"col":26,"distance_miles":29.13},"geometry":{"type":"Polygon","coordinates":[[[-88.1075422979894,40.550171930461275],[-88.05986110687225,40.539152270060825],[-88.07436850767246,40.50292943000696],[-88.1220137129453,40.513936720034394],[-88.1075422979894,40.550171930461275]]]}},{"type":"Feature","properties":{"rain":0.0,"period":"1day","row":15,"col":27,"distance_miles":29.2},"geometry":{"type":"Polygon","coordinates":[[[-88.05986110687225,40.539152270060825],[-88.01220407564837,40.52810344841439],[-88.0267474039468,40.49189300653594],[-88.07436850767246,40.50292943000696],[-88.05986110687225,40.539152270060825]]]}},{"type":"Feature","properties":{"rain":0.0,"period":"1day","row":15,"col":28,"distance_miles":29.5},"geometry":{"type":"Polygon","coordinates":[[[-88.01220407564837,40.52810344841439],[-87.96457125185216,40.517025496557515],[-87.97915044922863,40.48082748058603],[-88.0267474039468,40.49189300653594],[-88.01220407564837,40.52810344841439]]]}},{"type":"Feature","properties":{"rain":0.0,"period":"1day","row":15,"col":29,"distance_miles":30.02},"geometry":{"type":"Polygon","coordinates":[[[-87.96457125185216,40.517025496557515],[-87.91696268283594,40.505918445579745],[-87.93157769079686,40.469732883175894],[-87.97915044922863,40.48082748058603],[-87.96457125185216,40.517025496557515]]]}},{"type":"Feature","properties":{"rain":0.0,"period":"1day","row":15,"col":30,"distance_miles":30.76},"geometry":{"type":"Polygon","coordinates":[[[-87.91696268283594,40.505918445579745],[-87.86937841576977,40.49478232662432],[-87.88402917574886,40.45860924537781],[-87.93157769079686,40.469732883175894],[-87.91696268283594,40.505918445579745]]]}},{"type":"Feature","properties":{"rain":0.0,"period":"1day","row":15,"col":31,"distance_miles":31.7},"geometry":{"type":"Polygon","coordinates":[[[-87.86937841576977,40.49478232662432],[-87.82181849764156,40.48361717088794],[-87.83650495100048,40.44745659831745],[-87.88402917574886,40.45860924537781],[-87.86937841576977,40.49478232662432]]]}},{"type":"Feature","properties":{"rain":0.039,"period":"1day","row":15,"col":32,"distance_miles":32.82},"geometry":{"type":"Polygon","coordinates":[[[-87.82181849764156,40.48361717088794],[-87.77428297525687,40.472423009620464],[-87.78900506328593,40.43627497317363],[-87.83650495100048,40.44745659831745],[-87.82181849764156,40.48361717088794]]]}},{"type":"Feature","properties":{"rain":0.094,"period":"1day","row":15,"col":33,"distance_miles":34.11},"geometry":{"type":"Polygon","coordinates":[[[-87.77428297525687,40.472423009620464],[-87.72677189523891,40.46119987412462],[-87.74152955915774,40.42506440117795],[-87.78900506328593,40.43627497317363],[-87.77428297525687,40.472423009620464]]]}},{"type":"Feature","properties":{"rain":0.22,"period":"1day","row":15,"col":34,"distance_miles":35.54},"geometry":{"type":"Polygon","coordinates":[[[-87.72677189523891,40.46119987412462],[-87.67928530402854,40.4499477957558],[-87.69407848498676,40.41382491361459],[-87.74152955915774,40.42506440117795],[-87.72677189523891,40.46119987412462]]]}},{"type":"Feature","properties":{"rain":0.22,"period":"1day","row":15,"col":35,"distance_miles":37.1},"geometry":{"type":"Polygon","coordinates":[[[-87.67928530402854,40.4499477957558],[-87.63182324788417,40.43866680592168],[-87.64665188696208,40.40255654182],[-87.69407848498676,40.41382491361459],[-87.67928530402854,40.4499477957558]]]}},{"type":"Feature","properties":{"rain":0.181,"period":"1day","row":15,"col":36,"distance_miles":38.78},"geometry":{"type":"Polygon","coordinates":[[[-87.63182324788417,40.43866680592168],[-87.58438577288175,40.42735693608202],[-87.59924981109097,40.39125931718262],[-87.64665188696208,40.40255654182],[-87.63182324788417,40.43866680592168]]]}},{"type":"Feature","properties":{"rain":0.173,"period":"1day","row":15,"col":37,"distance_miles":40.55},"geometry":{"type":"Polygon","coordinates":[[[-87.58438577288175,40.42735693608202],[-87.53697292491468,40.41601821774836],[-87.55187230319886,40.379933271142654],[-87.59924981109097,40.39125931718262],[-87.58438577288175,40.42735693608202]]]}},{"type":"Feature","properties":{"rain":0.386,"period":"1day","row":15,"col":38,"distance_miles":42.41},"geometry":{"type":"Polygon","coordinates":[[[-87.53697292491468,40.41601821774836],[-87.48958474969383,40.40465068248372],[-87.50451940892933,40.368578435191715],[-87.55187230319886,40.379933271142654],[-87.53697292491468,40.41601821774836]]]}},{"type":"Feature","properties":{"rain":0.535,"period":"1day","row":15,"col":39,"distance_miles":44.35},"geometry":{"type":"Polygon","coordinates":[[[-87.48958474969383,40.40465068248372],[-87.4422212927475,40.393254361902386],[-87.45719117374401,40.35719484087261],[-87.50451940892933,40.368578435191715],[-87.48958474969383,40.40465068248372]]]}},{"type":"Feature","properties":{"rain":0.614,"period":"1day","row":15,"col":40,"distance_miles":46.35},"geometry":{"type":"Polygon","coordinates":[[[-87.4422212927475,40.393254361902386],[-87.39488259942136,40.38182928766957],[-87.40988764292263,40.34578251977907],[-87.45719117374401,40.35719484087261],[-87.4422212927475,40.393254361902386]]]}},{"type":"Feature","properties":{"rain":0.614,"period":"1day","row":15,"col":41,"distance_miles":48.41},"geometry":{"type":"Polygon","coordinates":[[[-87.39488259942136,40.38182928766957],[-87.34756871487845,40.37037549150117],[-87.3626088615629,40.33434150355541],[-87.40988764292263,40.34578251977907],[-87.39488259942136,40.38182928766957]]]}},{"type":"Feature","properties":{"rain":0.0,"period":"1day","row":16,"col":11,"distance_miles":47.88},"geometry":{"type":"Polygon","coordinates":[[[-88.83955115025017,40.67552916946507],[-88.79155024017714,40.66496255933602],[-88.8054884021255,40.62856516740124],[-88.85345251086798,40.63911985102044],[-88.83955115025017,40.67552916946507]]]}},{"type":"Feature","properties":{"rain":0.0,"period":"1day","row":16,"col":12,"distance_miles":45.72},"geometry":{"type":"Polygon","coordinates":[[[-88.79155024017714,40.66496255933602],[-88.74357269802219,40.6543663579526],[-88.75754760432807,40.61798092135382],[-88.8054884021255,40.62856516740124],[-88.79155024017714,40.66496255933602]]]}},{"type":"Feature","properties":{"rain":0.0,"period":"1day","row":16,"col":13,"distance_miles":43.61},"geometry":{"type":"Polygon","coordinates":[[[-88.74357269802219,40.6543663579526],[-88.6956185739582,40.643740595437414],[-88.70963016756434,40.60736714293117],[-88.75754760432807,40.61798092135382],[-88.74357269802219,40.6543663579526]]]}},{"type":"Feature","properties":{"rain":0.0,"period":"1day","row":16,"col":14,"distance_miles":41.56},"geometry":{"type":"Polygon","coordinates":[[[-88.6956185739582,40.643740595437414],[-88.64768791797785,40.63308530197111],[-88.66173614174348,40.59672386224427],[-88.70963016756434,40.60736714293117],[-88.6956185739582,40.643740595437414]]]}},{"type":"Feature","properties":{"rain":0.0,"period":"1day","row":16,"col":15,"distance_miles":39.58},"geometry":{"type":"Polygon","coordinates":[[[-88.64768791797785,40.63308530197111],[-88.59978077989354,40.6224005077921],[-88.61386557659502,40.586051109461806],[-88.66173614174348,40.59672386224427],[-88.64768791797785,40.63308530197111]]]}},{"type":"Feature","properties":{"rain":0.0,"period":"1day","row":16,"col":16,"distance_miles":37.67},"geometry":{"type":"Polygon","coordinates":[[[-88.59978077989354,40.6224005077921],[-88.55189720933723,40.611686243196374],[-88.56601852166877,40.57534891480998],[-88.61386557659502,40.586051109461806],[-88.59978077989354,40.6224005077921]]]}},{"type":"Feature","properties":{"rain":0.0,"period":"1day","row":16,"col":17,"distance_miles":35.86},"geometry":{"type":"Polygon","coordinates":[[[-88.55189720933723,40.611686243196374],[-88.50403725576038,40.60094253853713],[-88.5181950263347,40.56461730857206],[-88.56601852166877,40.57534891480998],[-88.55189720933723,40.611686243196374]]]}},{"type":"Feature","properties":{"rain":0.0,"period":"1day","row":16,"col":18,"distance_miles":34.15},"geometry":{"type":"Polygon","coordinates":[[[-88.50403725576038,40.60094253853713],[-88.4562009684339,40.590169424224555],[-88.47039513978287,40.55385632108831],[-88.5181950263347,40.56461730857206],[-88.50403725576038,40.60094253853713]]]}},{"type":"Feature","properties":{"rain":0.0,"period":"1day","row":16,"col":19,"distance_miles":32.56},"geometry":{"type":"Polygon","coordinates":[[[-88.4562009684339,40.590169424224555],[-88.40838839644796,40.5793669307255],[-88.42261891102335,40.54306598275558],[-88.47039513978287,40.55385632108831],[-88.4562009684339,40.590169424224555]]]}},{"type":"Feature","properties":{"rain":0.0,"period":"1day","row":16,"col":20,"distance_miles":31.12},"geometry":{"type":"Polygon","coordinates":[[[-88.40838839644796,40.5793669307255],[-88.36059958871196,40.56853508856329],[-88.37486638888613,40.53224632402704],[-88.42261891102335,40.54306598275558],[-88.40838839644796,40.5793669307255]]]}},{"type":"Feature","properties":{"rain":0.0,"period":"1day","row":16,"col":21,"distance_miles":29.83},"geometry":{"type":"Polygon","coordinates":[[[-88.36059958871196,40.56853508856329],[-88.31283459395445,40.55767392831732],[-88.32713762202097,40.52139737541198],[-88.37486638888613,40.53224632402704],[-88.36059958871196,40.56853508856329]]]}},{"type":"Feature","properties":{"rain":0.0,"period":"1day","row":16,"col":22,"distance_miles":28.72},"geometry":{"type":"Polygon","coordinates":[[[-88.31283459395445,40.55767392831732],[-88.26509346072301,40.54678348062295],[-88.27943265889738,40.510519167475444],[-88.32713762202097,40.52139737541198],[-88.31283459395445,40.55767392831732]]]}},{"type":"Feature","properties":{"rain":0.0,"period":"1day","row":16,"col":23,"distance_miles":27.82},"geometry":{"type":"Polygon","coordinates":[[[-88.26509346072301,40.54678348062295],[-88.21737623738423,40.53586377617102],[-88.23175154780454,40.49961173083803],[-88.27943265889738,40.510519167475444],[-88.26509346072301,40.54678348062295]]]}},{"type":"Feature","properties":{"rain":0.0,"period":"1day","row":16,"col":24,"distance_miles":27.14},"geometry":{"type":"Polygon","coordinates":[[[-88.21737623738423,40.53586377617102],[-88.16968297212357,40.52491484570775],[-88.18409433685116,40.48867509617559],[-88.23175154780454,40.49961173083803],[-88.21737623738423,40.53586377617102]]]}},{"type":"Feature","properties":{"rain":0.0,"period":"1day","row":16,"col":25,"distance_miles":26.71},"geometry":{"type":"Polygon","coordinates":[[[-88.16968297212357,40.52491484570775],[-88.1220137129453,40.513936720034394],[-88.13646107396553,40.47770929421891],[-88.18409433685116,40.48867509617559],[-88.16968297212357,40.52491484570775]]]}},{"type":"Feature","properties":{"rain":0.0,"period":"1day","row":16,"col":26,"distance_miles":26.52},"geometry":{"type":"Polygon","coordinates":[[[-88.1220137129453,40.513936720034394],[-88.07436850767246,40.50292943000696],[-88.0888518068953,40.46671435575351],[-88.13646107396553,40.47770929421891],[-88.1220137129453,40.513936720034394]]]}},{"type":"Feature","properties":{"rain":0.0,"period":"1day","row":16,"col":27,"distance_miles":26.59},"geometry":{"type":"Polygon","coordinates":[[[-88.07436850767246,40.50292943000696],[-88.0267474039468,40.49189300653594],[-88.0412665832075,40.45569031161933],[-88.0888518068953,40.46671435575351],[-88.07436850767246,40.50292943000696]]]}},{"type":"Feature","properties":{"rain":0.0,"period":"1day","row":16,"col":28,"distance_miles":26.92},"geometry":{"type":"Polygon","coordinates":[[[-88.0267474039468,40.49189300653594],[-87.97915044922863,40.48082748058603],[-87.99370545028845,40.44463719271041],[-88.0412665832075,40.45569031161933],[-88.0267474039468,40.49189300653594]]]}},{"type":"Feature","properties":{"rain":0.0,"period":"1day","row":16,"col":29,"distance_miles":27.5},"geometry":{"type":"Polygon","coordinates":[[[-87.97915044922863,40.48082748058603],[-87.93157769079686,40.469732883175894],[-87.94616845534372,40.433555029974734],[-87.99370545028845,40.44463719271041],[-87.97915044922863,40.48082748058603]]]}},{"type":"Feature","properties":{"rain":0.0,"period":"1day","row":16,"col":30,"distance_miles":28.3},"geometry":{"type":"Polygon","coordinates":[[[-87.93157769079686,40.469732883175894],[-87.88402917574886,40.45860924537781],[-87.89865564539805,40.422443854413835],[-87.94616845534372,40.433555029974734],[-87.93157769079686,40.469732883175894]]]}},{"type":"Feature","properties":{"rain":0.0,"period":"1day","row":16,"col":31,"distance_miles":29.32},"geometry":{"type":"Polygon","coordinates":[[[-87.88402917574886,40.45860924537781],[-87.83650495100048,40.44745659831745],[-87.85116706729528,40.41130369708259],[-87.89865564539805,40.422443854413835],[-87.88402917574886,40.45860924537781]]]}},{"type":"Feature","properties":{"rain":0.0,"period":"1day","row":16,"col":32,"distance_miles":30.53},"geometry":{"type":"Polygon","coordinates":[[[-87.83650495100048,40.44745659831745],[-87.78900506328593,40.43627497317363],[-87.80370276769831,40.40013458908891],[-87.85116706729528,40.41130369708259],[-87.83650495100048,40.44745659831745]]]}},{"type":"Feature","properties":{"rain":0.02,"period":"1day","row":16,"col":33,"distance_miles":31.9},"geometry":{"type":"Polygon","coordinates":[[[-87.78900506328593,40.43627497317363],[-87.74152955915774,40.42506440117795],[-87.75626279308906,40.388936561593475],[-87.80370276769831,40.40013458908891],[-87.78900506328593,40.43627497317363]]]}},{"type":"Feature","properties":{"rain":0.114,"period":"1day","row":16,"col":34,"distance_miles":33.43},"geometry":{"type":"Polygon","coordinates":[[[-87.74152955915774,40.42506440117795],[-87.69407848498676,40.41382491361459],[-87.7088471897684,40.37770964580948],[-87.75626279308906,40.388936561593475],[-87.74152955915774,40.42506440117795]]]}},{"type":"Feature","properties":{"rain":0.083,"period":"1day","row":16,"col":35,"distance_miles":35.08},"geometry":{"type":"Polygon","coordinates":[[[-87.69407848498676,40.41382491361459],[-87.64665188696208,40.40255654182],[-87.66145600385612,40.366453873002335],[-87.7088471897684,40.37770964580948],[-87.69407848498676,40.41382491361459]]]}},{"type":"Feature","properties":{"rain":0.098,"period":"1day","row":16,"col":36,"distance_miles":36.85},"geometry":{"type":"Polygon","coordinates":[[[-87.64665188696208,40.40255654182],[-87.59924981109097,40.39125931718262],[-87.61408928129089,40.35516927448939],[-87.66145600385612,40.366453873002335],[-87.64665188696208,40.40255654182]]]}},{"type":"Feature","properties":{"rain":0.122,"period":"1day","row":16,"col":37,"distance_miles":38.71},"geometry":{"type":"Polygon","coordinates":[[[-87.59924981109097,40.39125931718262],[-87.55187230319886,40.379933271142654],[-87.56674706783018,40.34385588163968],[-87.61408928129089,40.35516927448939],[-87.59924981109097,40.39125931718262]]]}},{"type":"Feature","properties":{"rain":0.197,"period":"1day","row":16,"col":38,"distance_miles":40.65},"geometry":{"type":"Polygon","coordinates":[[[-87.55187230319886,40.379933271142654],[-87.50451940892933,40.368578435191715],[-87.51942940905028,40.33251372587364],[-87.56674706783018,40.34385588163968],[-87.55187230319886,40.379933271142654]]]}},{"type":"Feature","properties":{"rain":0.299,"period":"1day","row":16,"col":39,"distance_miles":42.67},"geometry":{"type":"Polygon","coordinates":[[[-87.50451940892933,40.368578435191715],[-87.45719117374401,40.35719484087261],[-87.47213635034628,40.32114283866279],[-87.51942940905028,40.33251372587364],[-87.50451940892933,40.368578435191715]]]}},{"type":"Feature","properties":{"rain":0.346,"period":"1day","row":16,"col":40,"distance_miles":44.75},"geometry":{"type":"Polygon","coordinates":[[[-87.45719117374401,40.35719484087261],[-87.40988764292263,40.34578251977907],[-87.42486793693189,40.30974325152955],[-87.47213635034628,40.32114283866279],[-87.45719117374401,40.35719484087261]]]}},{"type":"Feature","properties":{"rain":0.433,"period":"1day","row":16,"col":41,"distance_miles":46.88},"geometry":{"type":"Polygon","coordinates":[[[-87.40988764292263,40.34578251977907],[-87.3626088615629,40.33434150355541],[-87.37762421383961,40.2983149960469],[-87.42486793693189,40.30974325152955],[-87.40988764292263,40.34578251977907]]]}},{"type":"Feature","properties":{"rain":0.445,"period":"1day","row":16,"col":42,"distance_miles":49.06},"geometry":{"type":"Polygon","coordinates":[[[-87.3626088615629,40.33434150355541],[-87.31535487458059,40.32287182389631],[-87.33040522592059,40.28685810383808],[-87.37762421383961,40.2983149960469],[-87.3626088615629,40.33434150355541]]]}},{"type":"Feature","properties":{"rain":0.0,"period":"1day","row":17,"col":10,"distance_miles":48.75},"geometry":{"type":"Polygon","coordinates":[[[-88.90143988028744,40.64964494221669],[-88.85345251086798,40.63911985102044],[-88.86733061077895,40.60271860727168],[-88.91528117242714,40.61323181915656],[-88.90143988028744,40.64964494221669]]]}},{"type":"Feature","properties":{"rain":0.0,"period":"1day","row":17,"col":11,"distance_miles":46.48},"geometry":{"type":"Polygon","coordinates":[[[-88.85345251086798,40.63911985102044],[-88.8054884021255,40.62856516740124],[-88.81940325309891,40.59217583182866],[-88.86733061077895,40.60271860727168],[-88.85345251086798,40.63911985102044]]]}},{"type":"Feature","properties":{"rain":0.0,"period":"1day","row":17,"col":12,"distance_miles":44.25},"geometry":{"type":"Polygon","coordinates":[[[-88.8054884021255,40.62856516740124],[-88.75754760432807,40.61798092135382],[-88.7714991495703,40.581603522752935],[-88.81940325309891,40.59217583182866],[-88.8054884021255,40.62856516740124]]]}},{"type":"Feature","properties":{"rain":0.0,"period":"1day","row":17,"col":13,"distance_miles":42.07},"geometry":{"type":"Polygon","coordinates":[[[-88.75754760432807,40.61798092135382],[-88.70963016756434,40.60736714293117],[-88.7236183501977,40.5710017100281],[-88.7714991495703,40.581603522752935],[-88.75754760432807,40.61798092135382]]]}},{"type":"Feature","properties":{"rain":0.0,"period":"1day","row":17,"col":14,"distance_miles":39.94},"geometry":{"type":"Polygon","coordinates":[[[-88.70963016756434,40.60736714293117],[-88.66173614174348,40.59672386224427],[-88.67576090480678,40.56037042369567],[-88.7236183501977,40.5710017100281],[-88.70963016756434,40.60736714293117]]]}},{"type":"Feature","properties":{"rain":0.0,"period":"1day","row":17,"col":15,"distance_miles":37.88},"geometry":{"type":"Polygon","coordinates":[[[-88.66173614174348,40.59672386224427],[-88.61386557659502,40.586051109461806],[-88.62792686304435,40.54970969385484],[-88.67576090480678,40.56037042369567],[-88.66173614174348,40.59672386224427]]]}},{"type":"Feature","properties":{"rain":0.0,"period":"1day","row":17,"col":16,"distance_miles":35.88},"geometry":{"type":"Polygon","coordinates":[[[-88.61386557659502,40.586051109461806],[-88.56601852166877,40.57534891480998],[-88.58011627437813,40.539019550662154],[-88.62792686304435,40.54970969385484],[-88.61386557659502,40.586051109461806]]]}},{"type":"Feature","properties":{"rain":0.0,"period":"1day","row":17,"col":17,"distance_miles":33.97},"geometry":{"type":"Polygon","coordinates":[[[-88.56601852166877,40.57534891480998],[-88.5181950263347,40.56461730857206],[-88.53232918809672,40.528300024331244],[-88.58011627437813,40.539019550662154],[-88.56601852166877,40.57534891480998]]]}},{"type":"Feature","properties":{"rain":0.0,"period":"1day","row":17,"col":18,"distance_miles":32.17},"geometry":{"type":"Polygon","coordinates":[[[-88.5181950263347,40.56461730857206],[-88.47039513978287,40.55385632108831],[-88.4845656533095,40.51755114513259],[-88.53232918809672,40.528300024331244],[-88.5181950263347,40.56461730857206]]]}},{"type":"Feature","properties":{"rain":0.0,"period":"1day","row":17,"col":19,"distance_miles":30.48},"geometry":{"type":"Polygon","coordinates":[[[-88.47039513978287,40.55385632108831],[-88.42261891102335,40.54306598275558],[-88.43682571894645,40.506772943393216],[-88.4845656533095,40.51755114513259],[-88.47039513978287,40.55385632108831]]]}},{"type":"Feature","properties":{"rain":0.0,"period":"1day","row":17,"col":20,"distance_miles":28.92},"geometry":{"type":"Polygon","coordinates":[[[-88.42261891102335,40.54306598275558],[-88.37486638888613,40.53224632402704],[-88.38910943375821,40.49596544949642],[-88.43682571894645,40.506772943393216],[-88.42261891102335,40.54306598275558]]]}},{"type":"Feature","properties":{"rain":0.0,"period":"1day","row":17,"col":21,"distance_miles":27.53},"geometry":{"type":"Polygon","coordinates":[[[-88.37486638888613,40.53224632402704],[-88.32713762202097,40.52139737541198],[-88.34141684631585,40.48512869388151],[-88.38910943375821,40.49596544949642],[-88.37486638888613,40.53224632402704]]]}},{"type":"Feature","properties":{"rain":0.0,"period":"1day","row":17,"col":22,"distance_miles":26.33},"geometry":{"type":"Polygon","coordinates":[[[-88.32713762202097,40.52139737541198],[-88.27943265889738,40.510519167475444],[-88.29374800501094,40.4742627070435],[-88.34141684631585,40.48512869388151],[-88.32713762202097,40.52139737541198]]]}},{"type":"Feature","properties":{"rain":0.0,"period":"1day","row":17,"col":23,"distance_miles":25.35},"geometry":{"type":"Polygon","coordinates":[[[-88.27943265889738,40.510519167475444],[-88.23175154780454,40.49961173083803],[-88.24610295805527,40.46336751953289],[-88.29374800501094,40.4742627070435],[-88.27943265889738,40.510519167475444]]]}},{"type":"Feature","properties":{"rain":0.0,"period":"1day","row":17,"col":24,"distance_miles":24.6},"geometry":{"type":"Polygon","coordinates":[[[-88.23175154780454,40.49961173083803],[-88.18409433685116,40.48867509617559],[-88.19848175348096,40.45244316195536],[-88.24610295805527,40.46336751953289],[-88.23175154780454,40.49961173083803]]]}},{"type":"Feature","properties":{"rain":0.0,"period":"1day","row":17,"col":25,"distance_miles":24.12},"geometry":{"type":"Polygon","coordinates":[[[-88.18409433685116,40.48867509617559],[-88.13646107396553,40.47770929421891],[-88.15088443914026,40.441489664971456],[-88.19848175348096,40.45244316195536],[-88.18409433685116,40.48867509617559]]]}},{"type":"Feature","properties":{"rain":0.0,"period":"1day","row":17,"col":26,"distance_miles":23.91},"geometry":{"type":"Polygon","coordinates":[[[-88.13646107396553,40.47770929421891],[-88.0888518068953,40.46671435575351],[-88.10331106270559,40.4305070592964],[-88.15088443914026,40.441489664971456],[-88.13646107396553,40.47770929421891]]]}},{"type":"Feature","properties":{"rain":0.0,"period":"1day","row":17,"col":27,"distance_miles":23.99},"geometry":{"type":"Polygon","coordinates":[[[-88.0888518068953,40.46671435575351],[-88.0412665832075,40.45569031161933],[-88.0557616716693,40.41949537569975],[-88.10331106270559,40.4305070592964],[-88.0888518068953,40.46671435575351]]]}},{"type":"Feature","properties":{"rain":0.0,"period":"1day","row":17,"col":28,"distance_miles":24.35},"geometry":{"type":"Polygon","coordinates":[[[-88.0412665832075,40.45569031161933],[-87.99370545028845,40.44463719271041],[-88.00823631334382,40.40845464500517],[-88.0557616716693,40.41949537569975],[-88.0412665832075,40.45569031161933]]]}},{"type":"Feature","properties":{"rain":0.0,"period":"1day","row":17,"col":29,"distance_miles":24.98},"geometry":{"type":"Polygon","coordinates":[[[-87.99370545028845,40.44463719271041],[-87.94616845534372,40.433555029974734],[-87.9607350348614,40.39738489809011],[-88.00823631334382,40.40845464500517],[-87.99370545028845,40.44463719271041]]]}},{"type":"Feature","properties":{"rain":0.012,"period":"1day","row":17,"col":30,"distance_miles":25.87},"geometry":{"type":"Polygon","coordinates":[[[-87.94616845534372,40.433555029974734],[-87.89865564539805,40.422443854413835],[-87.9132578831742,40.38628616588556],[-87.9607350348614,40.39738489809011],[-87.94616845534372,40.433555029974734]]]}},{"type":"Feature","properties":{"rain":0.031,"period":"1day","row":17,"col":31,"distance_miles":26.98},"geometry":{"type":"Polygon","coordinates":[[[-87.89865564539805,40.422443854413835],[-87.85116706729528,40.41130369708259],[-87.86580490505413,40.37515847937579],[-87.9132578831742,40.38628616588556],[-87.89865564539805,40.422443854413835]]]}},{"type":"Feature","properties":{"rain":0.024,"period":"1day","row":17,"col":32,"distance_miles":28.28},"geometry":{"type":"Polygon","coordinates":[[[-87.85116706729528,40.41130369708259],[-87.80370276769831,40.40013458908891],[-87.81837614709282,40.36400186959805],[-87.86580490505413,40.37515847937579],[-87.85116706729528,40.41130369708259]]]}},{"type":"Feature","properties":{"rain":0.031,"period":"1day","row":17,"col":33,"distance_miles":29.76},"geometry":{"type":"Polygon","coordinates":[[[-87.80370276769831,40.40013458908891],[-87.75626279308906,40.388936561593475],[-87.77097165570162,40.352816367642276],[-87.81837614709282,40.36400186959805],[-87.80370276769831,40.40013458908891]]]}},{"type":"Feature","properties":{"rain":0.039,"period":"1day","row":17,"col":34,"distance_miles":31.39},"geometry":{"type":"Polygon","coordinates":[[[-87.75626279308906,40.388936561593475],[-87.7088471897684,40.37770964580948],[-87.72359147711146,40.3416020046509],[-87.77097165570162,40.352816367642276],[-87.75626279308906,40.388936561593475]]]}},{"type":"Feature","properties":{"rain":0.043,"period":"1day","row":17,"col":35,"distance_miles":33.15},"geometry":{"type":"Polygon","coordinates":[[[-87.7088471897684,40.37770964580948],[-87.66145600385612,40.366453873002335],[-87.67623565737291,40.33035881181846],[-87.72359147711146,40.3416020046509],[-87.7088471897684,40.37770964580948]]]}},{"type":"Feature","properties":{"rain":0.051,"period":"1day","row":17,"col":36,"distance_miles":35.01},"geometry":{"type":"Polygon","coordinates":[[[-87.66145600385612,40.366453873002335],[-87.61408928129089,40.35516927448939],[-87.62890424235606,40.31908682039144],[-87.67623565737291,40.33035881181846],[-87.66145600385612,40.366453873002335]]]}},{"type":"Feature","properties":{"rain":0.059,"period":"1day","row":17,"col":37,"distance_miles":36.96},"geometry":{"type":"Polygon","coordinates":[[[-87.61408928129089,40.35516927448939],[-87.56674706783018,40.34385588163968],[-87.58159727775045,40.30778606166788],[-87.62890424235606,40.31908682039144],[-87.61408928129089,40.35516927448939]]]}},{"type":"Feature","properties":{"rain":0.071,"period":"1day","row":17,"col":38,"distance_miles":38.99},"geometry":{"type":"Polygon","coordinates":[[[-87.56674706783018,40.34385588163968],[-87.51942940905028,40.33251372587364],[-87.53431480906517,40.29645656699725],[-87.58159727775045,40.30778606166788],[-87.56674706783018,40.34385588163968]]]}},{"type":"Feature","properties":{"rain":0.091,"period":"1day","row":17,"col":39,"distance_miles":41.09},"geometry":{"type":"Polygon","coordinates":[[[-87.51942940905028,40.33251372587364],[-87.47213635034628,40.32114283866279],[-87.48705688162866,40.28509836778],[-87.53431480906517,40.29645656699725],[-87.51942940905028,40.33251372587364]]]}},{"type":"Feature","properties":{"rain":0.15,"period":"1day","row":17,"col":40,"distance_miles":43.24},"geometry":{"type":"Polygon","coordinates":[[[-87.47213635034628,40.32114283866279],[-87.42486793693189,40.30974325152955],[-87.4398235405888,40.27371149546744],[-87.48705688162866,40.28509836778],[-87.47213635034628,40.32114283866279]]]}},{"type":"Feature","properties":{"rain":0.295,"period":"1day","row":17,"col":41,"distance_miles":45.44},"geometry":{"type":"Polygon","coordinates":[[[-87.42486793693189,40.30974325152955],[-87.37762421383961,40.2983149960469],[-87.39261483091282,40.26229598156136],[-87.4398235405888,40.27371149546744],[-87.42486793693189,40.30974325152955]]]}},{"type":"Feature","properties":{"rain":0.358,"period":"1day","row":17,"col":42,"distance_miles":47.69},"geometry":{"type":"Polygon","coordinates":[[[-87.37762421383961,40.2983149960469],[-87.33040522592059,40.28685810383808],[-87.34543079738728,40.250851857613846],[-87.39261483091282,40.26229598156136],[-87.37762421383961,40.2983149960469]]]}},{"type":"Feature","properties":{"rain":0.433,"period":"1day","row":17,"col":43,"distance_miles":49.96},"geometry":{"type":"Polygon","coordinates":[[[-87.33040522592059,40.28685810383808],[-87.28321101784461,40.27537260657641],[-87.29827148461806,40.239379155226914],[-87.34543079738728,40.250851857613846],[-87.33040522592059,40.28685810383808]]]}},{"type":"Feature","properties":{"rain":0.0,"period":"1day","row":18,"col":9,"distance_miles":49.87},"geometry":{"type":"Polygon","coordinates":[[[-88.96325488768157,40.62371543761636],[-88.91528117242714,40.61323181915656],[-88.92909931093085,40.57682680038729],[-88.9770362123311,40.587298586702644],[-88.96325488768157,40.62371543761636]]]}},{"type":"Feature","properties":{"rain":0.0,"period":"1day","row":18,"col":10,"distance_miles":47.52},"geometry":{"type":"Polygon","coordinates":[[[-88.91528117242714,40.61323181915656],[-88.86733061077895,40.60271860727168],[-88.881185506692,40.566325449549886],[-88.92909931093085,40.57682680038729],[-88.91528117242714,40.61323181915656]]]}},{"type":"Feature","properties":{"rain":0.0,"period":"1day","row":18,"col":11,"distance_miles":45.19},"geometry":{"type":"Polygon","coordinates":[[[-88.86733061077895,40.60271860727168],[-88.81940325309891,40.59217583182866],[-88.8332948498911,40.55579456398837],[-88.881185506692,40.566325449549886],[-88.86733061077895,40.60271860727168]]]}},{"type":"Feature","properties":{"rain":0.0,"period":"1day","row":18,"col":12,"distance_miles":42.9},"geometry":{"type":"Polygon","coordinates":[[[-88.81940325309891,40.59217583182866],[-88.7714991495703,40.581603522752935],[-88.78542739062675,40.545234173559045],[-88.8332948498911,40.55579456398837],[-88.81940325309891,40.59217583182866]]]}},{"type":"Feature","properties":{"rain":0.0,"period":"1day","row":18,"col":13,"distance_miles":40.64},"geometry":{"type":"Polygon","coordinates":[[[-88.7714991495703,40.581603522752935],[-88.7236183501977,40.5710017100281],[-88.73758317881949,40.53464430817634],[-88.78542739062675,40.545234173559045],[-88.7714991495703,40.581603522752935]]]}},{"type":"Feature","properties":{"rain":0.0,"period":"1day","row":18,"col":14,"distance_miles":38.44},"geometry":{"type":"Polygon","coordinates":[[[-88.7236183501977,40.5710017100281],[-88.67576090480678,40.56037042369567],[-88.68976226421174,40.52402499781252],[-88.73758317881949,40.53464430817634],[-88.7236183501977,40.5710017100281]]]}},{"type":"Feature","properties":{"rain":0.0,"period":"1day","row":18,"col":15,"distance_miles":36.28},"geometry":{"type":"Polygon","coordinates":[[[-88.67576090480678,40.56037042369567],[-88.62792686304435,40.54970969385484],[-88.6419646963676,40.51337627249744],[-88.68976226421174,40.52402499781252],[-88.67576090480678,40.56037042369567]]]}},{"type":"Feature","properties":{"rain":0.0,"period":"1day","row":18,"col":16,"distance_miles":34.2},"geometry":{"type":"Polygon","coordinates":[[[-88.62792686304435,40.54970969385484],[-88.58011627437813,40.539019550662154],[-88.59419052467283,40.50269816231824],[-88.6419646963676,40.51337627249744],[-88.62792686304435,40.54970969385484]]]}},{"type":"Feature","properties":{"rain":0.0,"period":"1day","row":18,"col":17,"distance_miles":32.19},"geometry":{"type":"Polygon","coordinates":[[[-88.58011627437813,40.539019550662154],[-88.53232918809672,40.528300024331244],[-88.54643979833473,40.49199069741908],[-88.59419052467283,40.50269816231824],[-88.58011627437813,40.539019550662154]]]}},{"type":"Feature","properties":{"rain":0.0,"period":"1day","row":18,"col":18,"distance_miles":30.28},"geometry":{"type":"Polygon","coordinates":[[[-88.53232918809672,40.528300024331244],[-88.4845656533095,40.51755114513259],[-88.49871256638203,40.48125390800089],[-88.54643979833473,40.49199069741908],[-88.53232918809672,40.528300024331244]]]}},{"type":"Feature","properties":{"rain":0.0,"period":"1day","row":18,"col":19,"distance_miles":28.47},"geometry":{"type":"Polygon","coordinates":[[[-88.4845656533095,40.51755114513259],[-88.43682571894645,40.506772943393216],[-88.45100887766482,40.47048782432105],[-88.49871256638203,40.48125390800089],[-88.4845656533095,40.51755114513259]]]}},{"type":"Feature","properties":{"rain":0.0,"period":"1day","row":18,"col":20,"distance_miles":26.81},"geometry":{"type":"Polygon","coordinates":[[[-88.43682571894645,40.506772943393216],[-88.38910943375821,40.49596544949642],[-88.40332878085445,40.4596924766932],[-88.45100887766482,40.47048782432105],[-88.43682571894645,40.506772943393216]]]}},{"type":"Feature","properties":{"rain":0.0,"period":"1day","row":18,"col":21,"distance_miles":25.3},"geometry":{"type":"Polygon","coordinates":[[[-88.38910943375821,40.49596544949642],[-88.34141684631585,40.48512869388151],[-88.35567232444339,40.44886789548684],[-88.40332878085445,40.4596924766932],[-88.38910943375821,40.49596544949642]]]}},{"type":"Feature","properties":{"rain":0.0,"period":"1day","row":18,"col":22,"distance_miles":23.99},"geometry":{"type":"Polygon","coordinates":[[[-88.34141684631585,40.48512869388151],[-88.29374800501094,40.4742627070435],[-88.30803955674527,40.43801411112717],[-88.35567232444339,40.44886789548684],[-88.34141684631585,40.48512869388151]]]}},{"type":"Feature","properties":{"rain":0.0,"period":"1day","row":18,"col":23,"distance_miles":22.9},"geometry":{"type":"Polygon","coordinates":[[[-88.29374800501094,40.4742627070435],[-88.24610295805527,40.46336751953289],[-88.26043052589468,40.42713115409481],[-88.30803955674527,40.43801411112717],[-88.29374800501094,40.4742627070435]]]}},{"type":"Feature","properties":{"rain":0.0,"period":"1day","row":18,"col":24,"distance_miles":22.07},"geometry":{"type":"Polygon","coordinates":[[[-88.24610295805527,40.46336751953289],[-88.19848175348096,40.45244316195536],[-88.21284527984713,40.41621905492543],[-88.26043052589468,40.42713115409481],[-88.24610295805527,40.46336751953289]]]}},{"type":"Feature","properties":{"rain":0.0,"period":"1day","row":18,"col":25,"distance_miles":21.53},"geometry":{"type":"Polygon","coordinates":[[[-88.19848175348096,40.45244316195536],[-88.15088443914026,40.441489664971456],[-88.165283866379,40.40527784420957],[-88.21284527984713,40.41621905492543],[-88.19848175348096,40.45244316195536]]]}},{"type":"Feature","properties":{"rain":0.0,"period":"1day","row":18,"col":26,"distance_miles":21.3},"geometry":{"type":"Polygon","coordinates":[[[-88.15088443914026,40.441489664971456],[-88.10331106270559,40.4305070592964],[-88.11774633308744,40.39430755259235],[-88.165283866379,40.40527784420957],[-88.15088443914026,40.441489664971456]]]}},{"type":"Feature","properties":{"rain":0.0,"period":"1day","row":18,"col":27,"distance_miles":21.39},"geometry":{"type":"Polygon","coordinates":[[[-88.10331106270559,40.4305070592964],[-88.0557616716693,40.41949537569975],[-88.0702327273903,40.38330821077317],[-88.11774633308744,40.39430755259235],[-88.10331106270559,40.4305070592964]]]}},{"type":"Feature","properties":{"rain":0.0,"period":"1day","row":18,"col":28,"distance_miles":21.79},"geometry":{"type":"Polygon","coordinates":[[[-88.0557616716693,40.41949537569975],[-88.00823631334382,40.40845464500517],[-88.02274309652607,40.372279849505446],[-88.0702327273903,40.38330821077317],[-88.0557616716693,40.41949537569975]]]}},{"type":"Feature","properties":{"rain":0.0,"period":"1day","row":18,"col":29,"distance_miles":22.5},"geometry":{"type":"Polygon","coordinates":[[[-88.00823631334382,40.40845464500517],[-87.9607350348614,40.39738489809011],[-87.97527748755384,40.36122249959636],[-88.02274309652607,40.372279849505446],[-88.00823631334382,40.40845464500517]]]}},{"type":"Feature","properties":{"rain":0.02,"period":"1day","row":18,"col":30,"distance_miles":23.47},"geometry":{"type":"Polygon","coordinates":[[[-87.9607350348614,40.39738489809011],[-87.9132578831742,40.38628616588556],[-87.92783594735319,40.350136191906536],[-87.97527748755384,40.36122249959636],[-87.9607350348614,40.39738489809011]]]}},{"type":"Feature","properties":{"rain":0.055,"period":"1day","row":18,"col":31,"distance_miles":24.69},"geometry":{"type":"Polygon","coordinates":[[[-87.9132578831742,40.38628616588556],[-87.86580490505413,40.37515847937579],[-87.88041852262414,40.339020957349845],[-87.92783594735319,40.350136191906536],[-87.9132578831742,40.38628616588556]]]}},{"type":"Feature","properties":{"rain":0.055,"period":"1day","row":18,"col":32,"distance_miles":26.11},"geometry":{"type":"Polygon","coordinates":[[[-87.86580490505413,40.37515847937579],[-87.81837614709282,40.36400186959805],[-87.83302525988717,40.32787682689304],[-87.88041852262414,40.339020957349845],[-87.86580490505413,40.37515847937579]]]}},{"type":"Feature","properties":{"rain":0.063,"period":"1day","row":18,"col":33,"distance_miles":27.71},"geometry":{"type":"Polygon","coordinates":[[[-87.81837614709282,40.36400186959805],[-87.77097165570162,40.352816367642276],[-87.78565620548304,40.316703831555586],[-87.83302525988717,40.32787682689304],[-87.81837614709282,40.36400186959805]]]}},{"type":"Feature","properties":{"rain":0.035,"period":"1day","row":18,"col":34,"distance_miles":29.45},"geometry":{"type":"Polygon","coordinates":[[[-87.77097165570162,40.352816367642276],[-87.72359147711146,40.3416020046509],[-87.73831140557286,40.30550200240927],[-87.78565620548304,40.316703831555586],[-87.77097165570162,40.352816367642276]]]}},{"type":"Feature","properties":{"rain":0.02,"period":"1day","row":18,"col":35,"distance_miles":31.31},"geometry":{"type":"Polygon","coordinates":[[[-87.72359147711146,40.3416020046509],[-87.67623565737291,40.33035881181846],[-87.69099090613794,40.29427137057803],[-87.73831140557286,40.30550200240927],[-87.72359147711146,40.3416020046509]]]}},{"type":"Feature","properties":{"rain":0.012,"period":"1day","row":18,"col":36,"distance_miles":33.28},"geometry":{"type":"Polygon","coordinates":[[[-87.67623565737291,40.33035881181846],[-87.62890424235606,40.31908682039144],[-87.64369475297987,40.28301196723762],[-87.69099090613794,40.29427137057803],[-87.67623565737291,40.33035881181846]]]}},{"type":"Feature","properties":{"rain":0.004,"period":"1day","row":18,"col":37,"distance_miles":35.32},"geometry":{"type":"Polygon","coordinates":[[[-87.62890424235606,40.31908682039144],[-87.58159727775045,40.30778606166788],[-87.59642299172033,40.27172382361536],[-87.64369475297987,40.28301196723762],[-87.62890424235606,40.31908682039144]]]}},{"type":"Feature","properties":{"rain":0.02,"period":"1day","row":18,"col":38,"distance_miles":37.44},"geometry":{"type":"Polygon","coordinates":[[[-87.58159727775045,40.30778606166788],[-87.53431480906517,40.29645656699725],[-87.54917566780117,40.26040697098988],[-87.59642299172033,40.27172382361536],[-87.58159727775045,40.30778606166788]]]}},{"type":"Feature","properties":{"rain":0.039,"period":"1day","row":18,"col":39,"distance_miles":39.62},"geometry":{"type":"Polygon","coordinates":[[[-87.53431480906517,40.29645656699725],[-87.48705688162866,40.28509836778],[-87.50195282648431,40.249061440690795],[-87.54917566780117,40.26040697098988],[-87.53431480906517,40.29645656699725]]]}},{"type":"Feature","properties":{"rain":0.114,"period":"1day","row":18,"col":40,"distance_miles":41.85},"geometry":{"type":"Polygon","coordinates":[[[-87.48705688162866,40.28509836778],[-87.4398235405888,40.27371149546744],[-87.45475451285175,40.23768726409849],[-87.50195282648431,40.249061440690795],[-87.48705688162866,40.28509836778]]]}},{"type":"Feature","properties":{"rain":0.13,"period":"1day","row":18,"col":41,"distance_miles":44.12},"geometry":{"type":"Polygon","coordinates":[[[-87.4398235405888,40.27371149546744],[-87.39261483091282,40.26229598156136],[-87.40758077180548,40.22628447264381],[-87.45475451285175,40.23768726409849],[-87.4398235405888,40.27371149546744]]]}},{"type":"Feature","properties":{"rain":0.169,"period":"1day","row":18,"col":42,"distance_miles":46.42},"geometry":{"type":"Polygon","coordinates":[[[-87.39261483091282,40.26229598156136],[-87.34543079738728,40.250851857613846],[-87.36043164806755,40.214853097807826],[-87.40758077180548,40.22628447264381],[-87.39261483091282,40.26229598156136]]]}},{"type":"Feature","properties":{"rain":0.28,"period":"1day","row":18,"col":43,"distance_miles":48.76},"geometry":{"type":"Polygon","coordinates":[[[-87.34543079738728,40.250851857613846],[-87.29827148461806,40.239379155226914],[-87.31330718617991,40.20339317112147],[-87.36043164806755,40.214853097807826],[-87.34543079738728,40.250851857613846]]]}},{"type":"Feature","properties":{"rain":0.0,"period":"1day","row":19,"col":9,"distance_miles":48.81},"geometry":{"type":"Polygon","coordinates":[[[-88.9770362123311,40.587298586702644],[-88.92909931093085,40.57682680038729],[-88.9428943522435,40.54042989716384],[-88.99079449024397,40.55088986952879],[-88.9770362123311,40.587298586702644]]]}},{"type":"Feature","properties":{"rain":0.0,"period":"1day","row":19,"col":10,"distance_miles":46.4},"geometry":{"type":"Polygon","coordinates":[[[-88.92909931093085,40.57682680038729],[-88.881185506692,40.566325449549886],[-88.89501725513743,40.52994038914889],[-88.9428943522435,40.54042989716384],[-88.92909931093085,40.57682680038729]]]}},{"type":"Feature","properties":{"rain":0.0,"period":"1day","row":19,"col":11,"distance_miles":44.02},"geometry":{"type":"Polygon","coordinates":[[[-88.881185506692,40.566325449549886],[-88.8332948498911,40.55579456398837],[-88.84716324911706,40.51942137521305],[-88.89501725513743,40.52994038914889],[-88.881185506692,40.566325449549886]]]}},{"type":"Feature","properties":{"rain":0.0,"period":"1day","row":19,"col":12,"distance_miles":41.66},"geometry":{"type":"Polygon","coordinates":[[[-88.8332948498911,40.55579456398837],[-88.78542739062675,40.545234173559045],[-88.7993323841964,40.50887288514374],[-88.84716324911706,40.51942137521305],[-88.8332948498911,40.55579456398837]]]}},{"type":"Feature","properties":{"rain":0.0,"period":"1day","row":19,"col":13,"distance_miles":39.34},"geometry":{"type":"Polygon","coordinates":[[[-88.78542739062675,40.545234173559045],[-88.73758317881949,40.53464430817634],[-88.75152471021212,40.498294948786395],[-88.7993323841964,40.50887288514374],[-88.78542739062675,40.545234173559045]]]}},{"type":"Feature","properties":{"rain":0.0,"period":"1day","row":19,"col":14,"distance_miles":37.05},"geometry":{"type":"Polygon","coordinates":[[[-88.73758317881949,40.53464430817634],[-88.68976226421174,40.52402499781252],[-88.70374027682337,40.48768759604426],[-88.75152471021212,40.498294948786395],[-88.73758317881949,40.53464430817634]]]}},{"type":"Feature","properties":{"rain":0.0,"period":"1day","row":19,"col":15,"distance_miles":34.82},"geometry":{"type":"Polygon","coordinates":[[[-88.68976226421174,40.52402499781252],[-88.6419646963676,40.51337627249744],[-88.65597913351174,40.477050856878016],[-88.70374027682337,40.48768759604426],[-88.68976226421174,40.52402499781252]]]}},{"type":"Feature","properties":{"rain":0.0,"period":"1day","row":19,"col":16,"distance_miles":32.64},"geometry":{"type":"Polygon","coordinates":[[[-88.6419646963676,40.51337627249744],[-88.59419052467283,40.50269816231824],[-88.60824132958109,40.466384761305605],[-88.65597913351174,40.477050856878016],[-88.6419646963676,40.51337627249744]]]}},{"type":"Feature","properties":{"rain":0.0,"period":"1day","row":19,"col":17,"distance_miles":30.53},"geometry":{"type":"Polygon","coordinates":[[[-88.59419052467283,40.50269816231824],[-88.54643979833473,40.49199069741908],[-88.56052691415752,40.455689339401935],[-88.60824132958109,40.466384761305605],[-88.59419052467283,40.50269816231824]]]}},{"type":"Feature","properties":{"rain":0.0,"period":"1day","row":19,"col":18,"distance_miles":28.5},"geometry":{"type":"Polygon","coordinates":[[[-88.54643979833473,40.49199069741908],[-88.49871256638203,40.48125390800089],[-88.51283593618928,40.44496462129855],[-88.56052691415752,40.455689339401935],[-88.54643979833473,40.49199069741908]]]}},{"type":"Feature","properties":{"rain":0.0,"period":"1day","row":19,"col":19,"distance_miles":26.58},"geometry":{"type":"Polygon","coordinates":[[[-88.49871256638203,40.48125390800089],[-88.45100887766482,40.47048782432105],[-88.46516844444656,40.434210637183455],[-88.51283593618928,40.44496462129855],[-88.49871256638203,40.48125390800089]]]}},{"type":"Feature","properties":{"rain":0.0,"period":"1day","row":19,"col":20,"distance_miles":24.78},"geometry":{"type":"Polygon","coordinates":[[[-88.45100887766482,40.47048782432105],[-88.40332878085445,40.4596924766932],[-88.41752448752152,40.42342741730073],[-88.46516844444656,40.434210637183455],[-88.45100887766482,40.47048782432105]]]}},{"type":"Feature","properties":{"rain":0.0,"period":"1day","row":19,"col":21,"distance_miles":23.15},"geometry":{"type":"Polygon","coordinates":[[[-88.40332878085445,40.4596924766932],[-88.35567232444339,40.44886789548684],[-88.36990411382816,40.41261499195038],[-88.41752448752152,40.42342741730073],[-88.40332878085445,40.4596924766932]]]}},{"type":"Feature","properties":{"rain":0.0,"period":"1day","row":19,"col":22,"distance_miles":21.71},"geometry":{"type":"Polygon","coordinates":[[[-88.35567232444339,40.44886789548684],[-88.30803955674527,40.43801411112717],[-88.32230737160224,40.40177339148793],[-88.36990411382816,40.41261499195038],[-88.35567232444339,40.44886789548684]]]}},{"type":"Feature","properties":{"rain":0.0,"period":"1day","row":19,"col":23,"distance_miles":20.5},"geometry":{"type":"Polygon","coordinates":[[[-88.30803955674527,40.43801411112717],[-88.26043052589468,40.42713115409481],[-88.27473430890117,40.39090264632428],[-88.32230737160224,40.40177339148793],[-88.30803955674527,40.43801411112717]]]}},{"type":"Feature","properties":{"rain":0.0,"period":"1day","row":19,"col":24,"distance_miles":19.57},"geometry":{"type":"Polygon","coordinates":[[[-88.26043052589468,40.42713115409481],[-88.21284527984713,40.41621905492543],[-88.22718497360401,40.38000278692538],[-88.27473430890117,40.39090264632428],[-88.26043052589468,40.42713115409481]]]}},{"type":"Feature","properties":{"rain":0.0,"period":"1day","row":19,"col":25,"distance_miles":18.95},"geometry":{"type":"Polygon","coordinates":[[[-88.21284527984713,40.41621905492543],[-88.165283866379,40.40527784420957],[-88.17965941341129,40.36907384381192],[-88.22718497360401,40.38000278692538],[-88.21284527984713,40.41621905492543]]]}},{"type":"Feature","properties":{"rain":0.0,"period":"1day","row":19,"col":26,"distance_miles":18.69},"geometry":{"type":"Polygon","coordinates":[[[-88.165283866379,40.40527784420957],[-88.11774633308744,40.39430755259235],[-88.132157675845,40.35811584755911],[-88.17965941341129,40.36907384381192],[-88.165283866379,40.40527784420957]]]}},{"type":"Feature","properties":{"rain":0.0,"period":"1day","row":19,"col":27,"distance_miles":18.79},"geometry":{"type":"Polygon","coordinates":[[[-88.11774633308744,40.39430755259235],[-88.0702327273903,40.38330821077317],[-88.08467980824848,40.347128828796386],[-88.132157675845,40.35811584755911],[-88.11774633308744,40.39430755259235]]]}},{"type":"Feature","properties":{"rain":0.0,"period":"1day","row":19,"col":28,"distance_miles":19.25},"geometry":{"type":"Polygon","coordinates":[[[-88.0702327273903,40.38330821077317],[-88.02274309652607,40.372279849505446],[-88.03722585778642,40.33611281820713],[-88.08467980824848,40.347128828796386],[-88.0702327273903,40.38330821077317]]]}},{"type":"Feature","properties":{"rain":0.0,"period":"1day","row":19,"col":29,"distance_miles":20.04},"geometry":{"type":"Polygon","coordinates":[[[-88.02274309652607,40.372279849505446],[-87.97527748755384,40.36122249959636],[-87.98979587144478,40.32506784652846],[-88.03722585778642,40.33611281820713],[-88.02274309652607,40.372279849505446]]]}},{"type":"Feature","properties":{"rain":0.004,"period":"1day","row":19,"col":30,"distance_miles":21.13},"geometry":{"type":"Polygon","coordinates":[[[-87.97527748755384,40.36122249959636],[-87.92783594735319,40.350136191906536],[-87.94238989603062,40.31399394455085],[-87.98979587144478,40.32506784652846],[-87.97527748755384,40.36122249959636]]]}},{"type":"Feature","properties":{"rain":0.051,"period":"1day","row":19,"col":31,"distance_miles":22.47},"geometry":{"type":"Polygon","coordinates":[[[-87.92783594735319,40.350136191906536],[-87.88041852262414,40.339020957349845],[-87.89500797817217,40.30289114311793],[-87.94238989603062,40.31399394455085],[-87.92783594735319,40.350136191906536]]]}},{"type":"Feature","properties":{"rain":0.063,"period":"1day","row":19,"col":32,"distance_miles":24.03},"geometry":{"type":"Polygon","coordinates":[[[-87.88041852262414,40.339020957349845],[-87.83302525988717,40.32787682689304],[-87.84765016431871,40.29175947312622],[-87.89500797817217,40.30289114311793],[-87.88041852262414,40.339020957349845]]]}},{"type":"Feature","properties":{"rain":0.075,"period":"1day","row":19,"col":33,"distance_miles":25.75},"geometry":{"type":"Polygon","coordinates":[[[-87.83302525988717,40.32787682689304],[-87.78565620548304,40.316703831555586],[-87.80031650074056,40.28059896552482],[-87.84765016431871,40.29175947312622],[-87.83302525988717,40.32787682689304]]]}},{"type":"Feature","properties":{"rain":0.039,"period":"1day","row":19,"col":34,"distance_miles":27.61},"geometry":{"type":"Polygon","coordinates":[[[-87.78565620548304,40.316703831555586],[-87.73831140557286,40.30550200240927],[-87.75300703352899,40.269409651315165],[-87.80031650074056,40.28059896552482],[-87.78565620548304,40.316703831555586]]]}},{"type":"Feature","properties":{"rain":0.016,"period":"1day","row":19,"col":35,"distance_miles":29.59},"geometry":{"type":"Polygon","coordinates":[[[-87.73831140557286,40.30550200240927],[-87.69099090613794,40.29427137057803],[-87.70572180859617,40.2581915615507],[-87.75300703352899,40.269409651315165],[-87.73831140557286,40.30550200240927]]]}},{"type":"Feature","properties":{"rain":0.016,"period":"1day","row":19,"col":36,"distance_miles":31.66},"geometry":{"type":"Polygon","coordinates":[[[-87.69099090613794,40.29427137057803],[-87.64369475297987,40.28301196723762],[-87.65846087167516,40.24694472733675],[-87.70572180859617,40.2581915615507],[-87.69099090613794,40.29427137057803]]]}},{"type":"Feature","properties":{"rain":0.051,"period":"1day","row":19,"col":37,"distance_miles":33.81},"geometry":{"type":"Polygon","coordinates":[[[-87.64369475297987,40.28301196723762],[-87.59642299172033,40.27172382361536],[-87.61122426831984,40.235669179830026],[-87.65846087167516,40.24694472733675],[-87.64369475297987,40.28301196723762]]]}},{"type":"Feature","properties":{"rain":0.071,"period":"1day","row":19,"col":38,"distance_miles":36.02},"geometry":{"type":"Polygon","coordinates":[[[-87.59642299172033,40.27172382361536],[-87.54917566780117,40.26040697098988],[-87.56401204390487,40.22436495023857],[-87.61122426831984,40.235669179830026],[-87.59642299172033,40.27172382361536]]]}},{"type":"Feature","properties":{"rain":0.059,"period":"1day","row":19,"col":39,"distance_miles":38.27},"geometry":{"type":"Polygon","coordinates":[[[-87.54917566780117,40.26040697098988],[-87.50195282648431,40.249061440690795],[-87.51682424362566,40.213032069821345],[-87.56401204390487,40.22436495023857],[-87.54917566780117,40.26040697098988]]]}},{"type":"Feature","properties":{"rain":0.094,"period":"1day","row":19,"col":40,"distance_miles":40.57},"geometry":{"type":"Polygon","coordinates":[[[-87.50195282648431,40.249061440690795],[-87.45475451285175,40.23768726409849],[-87.46966091249837,40.201670569888],[-87.51682424362566,40.213032069821345],[-87.50195282648431,40.249061440690795]]]}},{"type":"Feature","properties":{"rain":0.091,"period":"1day","row":19,"col":41,"distance_miles":42.91},"geometry":{"type":"Polygon","coordinates":[[[-87.45475451285175,40.23768726409849],[-87.40758077180548,40.22628447264381],[-87.42252209535982,40.190280481798645],[-87.46966091249837,40.201670569888],[-87.45475451285175,40.23768726409849]]]}},{"type":"Feature","properties":{"rain":0.209,"period":"1day","row":19,"col":42,"distance_miles":45.28},"geometry":{"type":"Polygon","coordinates":[[[-87.40758077180548,40.22628447264381],[-87.36043164806755,40.214853097807826],[-87.37540783686748,40.17886183696351],[-87.42252209535982,40.190280481798645],[-87.40758077180548,40.22628447264381]]]}},{"type":"Feature","properties":{"rain":0.276,"period":"1day","row":19,"col":43,"distance_miles":47.67},"geometry":{"type":"Polygon","coordinates":[[[-87.36043164806755,40.214853097807826],[-87.31330718617991,40.20339317112147],[-87.32831818149948,40.167414666842696],[-87.37540783686748,40.17886183696351],[-87.36043164806755,40.214853097807826]]]}},{"type":"Feature","properties":{"rain":0.0,"period":"1day","row":20,"col":9,"distance_miles":47.87},"geometry":{"type":"Polygon","coordinates":[[[-88.99079449024397,40.55088986952879],[-88.9428943522435,40.54042989716384],[-88.95666635263223,40.50404112070403],[-89.00452977760138,40.5144892972739],[-88.99079449024397,40.55088986952879]]]}},{"type":"Feature","properties":{"rain":0.0,"period":"1day","row":20,"col":10,"distance_miles":45.41},"geometry":{"type":"Polygon","coordinates":[[[-88.9428943522435,40.54042989716384],[-88.89501725513743,40.52994038914889],[-88.90882591246763,40.49356343732527],[-88.95666635263223,40.50404112070403],[-88.9428943522435,40.54042989716384]]]}},{"type":"Feature","properties":{"rain":0.0,"period":"1day","row":20,"col":11,"distance_miles":42.97},"geometry":{"type":"Polygon","coordinates":[[[-88.89501725513743,40.52994038914889],[-88.84716324911706,40.51942137521305],[-88.86100850721374,40.4830562767981],[-88.90882591246763,40.49356343732527],[-88.89501725513743,40.52994038914889]]]}},{"type":"Feature","properties":{"rain":0.0,"period":"1day","row":20,"col":12,"distance_miles":40.56},"geometry":{"type":"Polygon","coordinates":[[[-88.84716324911706,40.51942137521305],[-88.7993323841964,40.50887288514374],[-88.81321418680011,40.47251966884121],[-88.86100850721374,40.4830562767981],[-88.84716324911706,40.51942137521305]]]}},{"type":"Feature","properties":{"rain":0.0,"period":"1day","row":20,"col":13,"distance_miles":38.17},"geometry":{"type":"Polygon","coordinates":[[[-88.7993323841964,40.50887288514374],[-88.75152471021212,40.498294948786395],[-88.7654430009796,40.4619536432313],[-88.81321418680011,40.47251966884121],[-88.7993323841964,40.50887288514374]]]}},{"type":"Feature","properties":{"rain":0.0,"period":"1day","row":20,"col":14,"distance_miles":35.81},"geometry":{"type":"Polygon","coordinates":[[[-88.75152471021212,40.498294948786395],[-88.70374027682337,40.48768759604426],[-88.71769499932826,40.4513582298027],[-88.7654430009796,40.4619536432313],[-88.75152471021212,40.498294948786395]]]}},{"type":"Feature","properties":{"rain":0.0,"period":"1day","row":20,"col":15,"distance_miles":33.49},"geometry":{"type":"Polygon","coordinates":[[[-88.70374027682337,40.48768759604426],[-88.65597913351174,40.477050856878016],[-88.66997023124523,40.440733458447234],[-88.71769499932826,40.4513582298027],[-88.70374027682337,40.48768759604426]]]}},{"type":"Feature","properties":{"rain":0.0,"period":"1day","row":20,"col":16,"distance_miles":31.22},"geometry":{"type":"Polygon","coordinates":[[[-88.65597913351174,40.477050856878016],[-88.60824132958109,40.466384761305605],[-88.62226874595261,40.4300793591138],[-88.66997023124523,40.440733458447234],[-88.65597913351174,40.477050856878016]]]}},{"type":"Feature","properties":{"rain":0.0,"period":"1day","row":20,"col":17,"distance_miles":29.0},"geometry":{"type":"Polygon","coordinates":[[[-88.60824132958109,40.466384761305605],[-88.56052691415752,40.455689339401935],[-88.57459059249537,40.41939596180822],[-88.62226874595261,40.4300793591138],[-88.60824132958109,40.466384761305605]]]}},{"type":"Feature","properties":{"rain":0.0,"period":"1day","row":20,"col":18,"distance_miles":26.86},"geometry":{"type":"Polygon","coordinates":[[[-88.56052691415752,40.455689339401935],[-88.51283593618928,40.44496462129855],[-88.52693581974134,40.4086832965929],[-88.57459059249537,40.41939596180822],[-88.56052691415752,40.455689339401935]]]}},{"type":"Feature","properties":{"rain":0.0,"period":"1day","row":20,"col":19,"distance_miles":24.81},"geometry":{"type":"Polygon","coordinates":[[[-88.51283593618928,40.44496462129855],[-88.46516844444656,40.434210637183455],[-88.47930447638092,40.39794139358661],[-88.52693581974134,40.4086832965929],[-88.51283593618928,40.44496462129855]]]}},{"type":"Feature","properties":{"rain":0.0,"period":"1day","row":20,"col":20,"distance_miles":22.88},"geometry":{"type":"Polygon","coordinates":[[[-88.46516844444656,40.434210637183455],[-88.41752448752152,40.42342741730073],[-88.43169661092722,40.387170282964156],[-88.47930447638092,40.39794139358661],[-88.46516844444656,40.434210637183455]]]}},{"type":"Feature","properties":{"rain":0.0,"period":"1day","row":20,"col":21,"distance_miles":21.1},"geometry":{"type":"Polygon","coordinates":[[[-88.41752448752152,40.42342741730073],[-88.36990411382816,40.41261499195038],[-88.38411227171578,40.37636999495615],[-88.43169661092722,40.387170282964156],[-88.41752448752152,40.42342741730073]]]}},{"type":"Feature","properties":{"rain":0.0,"period":"1day","row":20,"col":22,"distance_miles":19.51},"geometry":{"type":"Polygon","coordinates":[[[-88.36990411382816,40.41261499195038],[-88.32230737160224,40.40177339148793],[-88.33655150690461,40.36554055984872],[-88.38411227171578,40.37636999495615],[-88.36990411382816,40.41261499195038]]]}},{"type":"Feature","properties":{"rain":0.0,"period":"1day","row":20,"col":23,"distance_miles":18.15},"geometry":{"type":"Polygon","coordinates":[[[-88.32230737160224,40.40177339148793],[-88.27473430890117,40.39090264632428],[-88.28901436447404,40.354682007983236],[-88.33655150690461,40.36554055984872],[-88.32230737160224,40.40177339148793]]]}},{"type":"Feature","properties":{"rain":0.0,"period":"1day","row":20,"col":24,"distance_miles":17.09},"geometry":{"type":"Polygon","coordinates":[[[-88.27473430890117,40.39090264632428],[-88.22718497360401,40.38000278692538],[-88.24150089222671,40.343794369756075],[-88.28901436447404,40.354682007983236],[-88.27473430890117,40.39090264632428]]]}},{"type":"Feature","properties":{"rain":0.0,"period":"1day","row":20,"col":25,"distance_miles":16.39},"geometry":{"type":"Polygon","coordinates":[[[-88.22718497360401,40.38000278692538],[-88.17965941341129,40.36907384381192],[-88.19401113778737,40.33287767561832],[-88.24150089222671,40.343794369756075],[-88.22718497360401,40.38000278692538]]]}},{"type":"Feature","properties":{"rain":0.0,"period":"1day","row":20,"col":26,"distance_miles":16.08},"geometry":{"type":"Polygon","coordinates":[[[-88.17965941341129,40.36907384381192],[-88.132157675845,40.35811584755911],[-88.14654514860295,40.32193195607545],[-88.19401113778737,40.33287767561832],[-88.17965941341129,40.36907384381192]]]}},{"type":"Feature","properties":{"rain":0.0,"period":"1day","row":20,"col":27,"distance_miles":16.2},"geometry":{"type":"Polygon","coordinates":[[[-88.132157675845,40.35811584755911],[-88.08467980824848,40.347128828796386],[-88.09910297194239,40.31095724168716],[-88.14654514860295,40.32193195607545],[-88.132157675845,40.35811584755911]]]}},{"type":"Feature","properties":{"rain":0.0,"period":"1day","row":20,"col":28,"distance_miles":16.73},"geometry":{"type":"Polygon","coordinates":[[[-88.08467980824848,40.347128828796386],[-88.03722585778642,40.33611281820713],[-88.0516846548966,40.29995356306701],[-88.09910297194239,40.31095724168716],[-88.08467980824848,40.347128828796386]]]}},{"type":"Feature","properties":{"rain":0.0,"period":"1day","row":20,"col":29,"distance_miles":17.63},"geometry":{"type":"Polygon","coordinates":[[[-88.03722585778642,40.33611281820713],[-87.98979587144478,40.32506784652846],[-88.00429024437841,40.28892095088219],[-88.0516846548966,40.29995356306701],[-88.03722585778642,40.33611281820713]]]}},{"type":"Feature","properties":{"rain":0.004,"period":"1day","row":20,"col":30,"distance_miles":18.86},"geometry":{"type":"Polygon","coordinates":[[[-87.98979587144478,40.32506784652846],[-87.94238989603062,40.31399394455085],[-87.9569197871225,40.277859435853266],[-88.00429024437841,40.28892095088219],[-87.98979587144478,40.32506784652846]]]}},{"type":"Feature","properties":{"rain":0.031,"period":"1day","row":20,"col":31,"distance_miles":20.35},"geometry":{"type":"Polygon","coordinates":[[[-87.94238989603062,40.31399394455085],[-87.89500797817217,40.30289114311793],[-87.90957332968534,40.26676904875383],[-87.9569197871225,40.277859435853266],[-87.94238989603062,40.31399394455085]]]}},{"type":"Feature","properties":{"rain":0.071,"period":"1day","row":20,"col":32,"distance_miles":22.05},"geometry":{"type":"Polygon","coordinates":[[[-87.89500797817217,40.30289114311793],[-87.84765016431871,40.29175947312622],[-87.86225091844511,40.25564982041034],[-87.90957332968534,40.26676904875383],[-87.89500797817217,40.30289114311793]]]}},{"type":"Feature","properties":{"rain":0.075,"period":"1day","row":20,"col":33,"distance_miles":23.92},"geometry":{"type":"Polygon","coordinates":[[[-87.84765016431871,40.29175947312622],[-87.80031650074056,40.28059896552482],[-87.81495259960168,40.244501781701764],[-87.86225091844511,40.25564982041034],[-87.84765016431871,40.29175947312622]]]}},{"type":"Feature","properties":{"rain":0.051,"period":"1day","row":20,"col":34,"distance_miles":25.91},"geometry":{"type":"Polygon","coordinates":[[[-87.80031650074056,40.28059896552482],[-87.75300703352899,40.269409651315165],[-87.76767841917652,40.23332496355934],[-87.81495259960168,40.244501781701764],[-87.80031650074056,40.28059896552482]]]}},{"type":"Feature","properties":{"rain":0.016,"period":"1day","row":20,"col":35,"distance_miles":28.01},"geometry":{"type":"Polygon","coordinates":[[[-87.75300703352899,40.269409651315165],[-87.70572180859617,40.2581915615507],[-87.72042842301273,40.2221193969663],[-87.76767841917652,40.23332496355934],[-87.75300703352899,40.269409651315165]]]}},{"type":"Feature","properties":{"rain":0.024,"period":"1day","row":20,"col":36,"distance_miles":30.19},"geometry":{"type":"Polygon","coordinates":[[[-87.70572180859617,40.2581915615507],[-87.65846087167516,40.24694472733675],[-87.6732026567749,40.210885112957634],[-87.72042842301273,40.2221193969663],[-87.70572180859617,40.2581915615507]]]}},{"type":"Feature","properties":{"rain":0.063,"period":"1day","row":20,"col":37,"distance_miles":32.43},"geometry":{"type":"Polygon","coordinates":[[[-87.65846087167516,40.24694472733675],[-87.61122426831984,40.235669179830026],[-87.62600116594912,40.19962214261971],[-87.6732026567749,40.210885112957634],[-87.65846087167516,40.24694472733675]]]}},{"type":"Feature","properties":{"rain":0.039,"period":"1day","row":20,"col":38,"distance_miles":34.73},"geometry":{"type":"Polygon","coordinates":[[[-87.61122426831984,40.235669179830026],[-87.56401204390487,40.22436495023857],[-87.57882399584291,40.188330517090165],[-87.62600116594912,40.19962214261971],[-87.61122426831984,40.235669179830026]]]}},{"type":"Feature","properties":{"rain":0.031,"period":"1day","row":20,"col":39,"distance_miles":37.06},"geometry":{"type":"Polygon","coordinates":[[[-87.56401204390487,40.22436495023857],[-87.51682424362566,40.213032069821345],[-87.53167119158523,40.17701026755749],[-87.57882399584291,40.188330517090165],[-87.56401204390487,40.22436495023857]]]}},{"type":"Feature","properties":{"rain":0.059,"period":"1day","row":20,"col":40,"distance_miles":39.43},"geometry":{"type":"Polygon","coordinates":[[[-87.51682424362566,40.213032069821345],[-87.46966091249837,40.201670569888],[-87.4845427981264,40.16566142526084],[-87.53167119158523,40.17701026755749],[-87.51682424362566,40.213032069821345]]]}},{"type":"Feature","properties":{"rain":0.075,"period":"1day","row":20,"col":41,"distance_miles":41.83},"geometry":{"type":"Polygon","coordinates":[[[-87.46966091249837,40.201670569888],[-87.42252209535982,40.190280481798645],[-87.43743886023806,40.154284021489744],[-87.4845427981264,40.16566142526084],[-87.46966091249837,40.201670569888]]]}},{"type":"Feature","properties":{"rain":0.083,"period":"1day","row":20,"col":42,"distance_miles":44.25},"geometry":{"type":"Polygon","coordinates":[[[-87.42252209535982,40.190280481798645],[-87.37540783686748,40.17886183696351],[-87.39035942251321,40.14287808758382],[-87.43743886023806,40.154284021489744],[-87.42252209535982,40.190280481798645]]]}},{"type":"Feature","properties":{"rain":0.059,"period":"1day","row":20,"col":43,"distance_miles":46.7},"geometry":{"type":"Polygon","coordinates":[[[-87.37540783686748,40.17886183696351],[-87.32831818149948,40.167414666842696],[-87.34330452936612,40.1314436549325],[-87.39035942251321,40.14287808758382],[-87.37540783686748,40.17886183696351]]]}},{"type":"Feature","properties":{"rain":0.051,"period":"1day","row":20,"col":44,"distance_miles":49.16},"geometry":{"type":"Polygon","coordinates":[[[-87.32831818149948,40.167414666842696],[-87.28125317355456,40.15593900294592],[-87.29627422503232,40.11998075497479],[-87.34330452936612,40.1314436549325],[-87.32831818149948,40.167414666842696]]]}},{"type":"Feature","properties":{"rain":0.0,"period":"1day","row":21,"col":8,"distance_miles":49.57},"geometry":{"type":"Polygon","coordinates":[[[-89.05241613709244,40.52490793743288],[-89.00452977760138,40.5144892972739],[-89.01824213040746,40.47809688108021],[-89.06609177132215,40.48850377243927],[-89.05241613709244,40.52490793743288]]]}},{"type":"Feature","properties":{"rain":0.0,"period":"1day","row":21,"col":9,"distance_miles":47.06},"geometry":{"type":"Polygon","coordinates":[[[-89.00452977760138,40.5144892972739],[-88.95666635263223,40.50404112070403],[-88.97041536818699,40.46766048218877],[-89.01824213040746,40.47809688108021],[-89.00452977760138,40.5144892972739]]]}},{"type":"Feature","properties":{"rain":0.0,"period":"1day","row":21,"col":10,"distance_miles":44.55},"geometry":{"type":"Polygon","coordinates":[[[-88.95666635263223,40.50404112070403],[-88.90882591246763,40.49356343732527],[-88.92261153485771,40.45719460529857],[-88.97041536818699,40.46766048218877],[-88.95666635263223,40.50404112070403]]]}},{"type":"Feature","properties":{"rain":0.0,"period":"1day","row":21,"col":11,"distance_miles":42.07},"geometry":{"type":"Polygon","coordinates":[[[-88.90882591246763,40.49356343732527],[-88.86100850721374,40.4830562767981],[-88.8748306804407,40.4466992800017],[-88.92261153485771,40.45719460529857],[-88.90882591246763,40.49356343732527]]]}},{"type":"Feature","properties":{"rain":0.0,"period":"1day","row":21,"col":12,"distance_miles":39.59},"geometry":{"type":"Polygon","coordinates":[[[-88.86100850721374,40.4830562767981],[-88.81321418680011,40.47251966884121],[-88.82707285478122,40.43617453594834],[-88.8748306804407,40.4466992800017],[-88.86100850721374,40.4830562767981]]]}},{"type":"Feature","properties":{"rain":0.0,"period":"1day","row":21,"col":13,"distance_miles":37.14},"geometry":{"type":"Polygon","coordinates":[[[-88.81321418680011,40.47251966884121],[-88.7654430009796,40.4619536432313],[-88.77933810754843,40.425620402846604],[-88.82707285478122,40.43617453594834],[-88.81321418680011,40.47251966884121]]]}},{"type":"Feature","properties":{"rain":0.0,"period":"1day","row":21,"col":14,"distance_miles":34.71},"geometry":{"type":"Polygon","coordinates":[[[-88.7654430009796,40.4619536432313],[-88.71769499932826,40.4513582298027],[-88.73162648823535,40.415036910462184],[-88.77933810754843,40.425620402846604],[-88.7654430009796,40.4619536432313]]]}},{"type":"Feature","properties":{"rain":0.0,"period":"1day","row":21,"col":15,"distance_miles":32.32},"geometry":{"type":"Polygon","coordinates":[[[-88.71769499932826,40.4513582298027],[-88.66997023124523,40.440733458447234],[-88.6839380461588,40.40442408861815],[-88.73162648823535,40.415036910462184],[-88.71769499932826,40.4513582298027]]]}},{"type":"Feature","properties":{"rain":0.0,"period":"1day","row":21,"col":16,"distance_miles":29.96},"geometry":{"type":"Polygon","coordinates":[[[-88.66997023124523,40.440733458447234],[-88.62226874595261,40.4300793591138],[-88.63627283045919,40.393781967194606],[-88.6839380461588,40.40442408861815],[-88.66997023124523,40.440733458447234]]]}},{"type":"Feature","properties":{"rain":0.0,"period":"1day","row":21,"col":17,"distance_miles":27.64},"geometry":{"type":"Polygon","coordinates":[[[-88.62226874595261,40.4300793591138],[-88.57459059249537,40.41939596180822],[-88.5886308901005,40.38311057612849],[-88.63627283045919,40.393781967194606],[-88.62226874595261,40.4300793591138]]]}},{"type":"Feature","properties":{"rain":0.0,"period":"1day","row":21,"col":18,"distance_miles":25.39},"geometry":{"type":"Polygon","coordinates":[[[-88.57459059249537,40.41939596180822],[-88.52693581974134,40.4086832965929],[-88.54101227387017,40.37240994541327],[-88.5886308901005,40.38311057612849],[-88.57459059249537,40.41939596180822]]]}},{"type":"Feature","properties":{"rain":0.0,"period":"1day","row":21,"col":19,"distance_miles":23.21},"geometry":{"type":"Polygon","coordinates":[[[-88.52693581974134,40.4086832965929],[-88.47930447638092,40.39794139358661],[-88.49341703037899,40.36168010509867],[-88.54101227387017,40.37240994541327],[-88.52693581974134,40.4086832965929]]]}},{"type":"Feature","properties":{"rain":0.0,"period":"1day","row":21,"col":20,"distance_miles":21.13},"geometry":{"type":"Polygon","coordinates":[[[-88.47930447638092,40.39794139358661],[-88.43169661092722,40.387170282964156],[-88.44584520806103,40.35092108529041],[-88.49341703037899,40.36168010509867],[-88.47930447638092,40.39794139358661]]]}},{"type":"Feature","properties":{"rain":0.0,"period":"1day","row":21,"col":21,"distance_miles":19.19},"geometry":{"type":"Polygon","coordinates":[[[-88.43169661092722,40.387170282964156],[-88.38411227171578,40.37636999495615],[-88.3982968551735,40.34013291614993],[-88.44584520806103,40.35092108529041],[-88.43169661092722,40.387170282964156]]]}},{"type":"Feature","properties":{"rain":0.0,"period":"1day","row":21,"col":22,"distance_miles":17.42},"geometry":{"type":"Polygon","coordinates":[[[-88.38411227171578,40.37636999495615],[-88.33655150690461,40.36554055984872],[-88.35077201979674,40.32931562789413],[-88.3982968551735,40.34013291614993],[-88.38411227171578,40.37636999495615]]]}},{"type":"Feature","properties":{"rain":0.0,"period":"1day","row":21,"col":23,"distance_miles":15.89},"geometry":{"type":"Polygon","coordinates":[[[-88.33655150690461,40.36554055984872],[-88.28901436447404,40.354682007983236],[-88.30327074983407,40.3184692507951],[-88.35077201979674,40.32931562789413],[-88.33655150690461,40.36554055984872]]]}},{"type":"Feature","properties":{"rain":0.0,"period":"1day","row":21,"col":24,"distance_miles":14.67},"geometry":{"type":"Polygon","coordinates":[[[-88.28901436447404,40.354682007983236],[-88.24150089222671,40.343794369756075],[-88.25579309301175,40.30759381517981],[-88.30327074983407,40.3184692507951],[-88.28901436447404,40.354682007983236]]]}},{"type":"Feature","properties":{"rain":0.0,"period":"1day","row":21,"col":25,"distance_miles":13.84},"geometry":{"type":"Polygon","coordinates":[[[-88.24150089222671,40.343794369756075],[-88.19401113778737,40.33287767561832],[-88.2083390968789,40.296689351429904],[-88.25579309301175,40.30759381517981],[-88.24150089222671,40.343794369756075]]]}},{"type":"Feature","properties":{"rain":0.0,"period":"1day","row":21,"col":26,"distance_miles":13.47},"geometry":{"type":"Polygon","coordinates":[[[-88.19401113778737,40.33287767561832],[-88.14654514860295,40.32193195607545],[-88.16090880880739,40.2857558899814],[-88.2083390968789,40.296689351429904],[-88.19401113778737,40.33287767561832]]]}},{"type":"Feature","properties":{"rain":0.0,"period":"1day","row":21,"col":27,"distance_miles":13.61},"geometry":{"type":"Polygon","coordinates":[[[-88.14654514860295,40.32193195607545],[-88.09910297194239,40.31095724168716],[-88.11350227599183,40.2747934613244],[-88.16090880880739,40.2857558899814],[-88.14654514860295,40.32193195607545]]]}},{"type":"Feature","properties":{"rain":0.0,"period":"1day","row":21,"col":28,"distance_miles":14.24},"geometry":{"type":"Polygon","coordinates":[[[-88.09910297194239,40.31095724168716],[-88.0516846548966,40.29995356306701],[-88.06611954544947,40.26380209600283],[-88.11350227599183,40.2747934613244],[-88.09910297194239,40.31095724168716]]]}},{"type":"Feature","properties":{"rain":0.0,"period":"1day","row":21,"col":29,"distance_miles":15.29},"geometry":{"type":"Polygon","coordinates":[[[-88.0516846548966,40.29995356306701],[-88.00429024437841,40.28892095088219],[-88.01876066402006,40.25278182461421],[-88.06611954544947,40.26380209600283],[-88.0516846548966,40.29995356306701]]]}},{"type":"Feature","properties":{"rain":0.0,"period":"1day","row":21,"col":30,"distance_miles":16.69},"geometry":{"type":"Polygon","coordinates":[[[-88.00429024437841,40.28892095088219],[-87.9569197871225,40.277859435853266],[-87.97142567836595,40.24173267780933],[-88.01876066402006,40.25278182461421],[-88.00429024437841,40.28892095088219]]]}},{"type":"Feature","properties":{"rain":0.0,"period":"1day","row":21,"col":31,"distance_miles":18.36},"geometry":{"type":"Polygon","coordinates":[[[-87.9569197871225,40.277859435853266],[-87.90957332968534,40.26676904875383],[-87.92411463497187,40.230654686291984],[-87.97142567836595,40.24173267780933],[-87.9569197871225,40.277859435853266]]]}},{"type":"Feature","properties":{"rain":0.0,"period":"1day","row":21,"col":32,"distance_miles":20.22},"geometry":{"type":"Polygon","coordinates":[[[-87.90957332968534,40.26676904875383],[-87.86225091844511,40.25564982041034],[-87.87682758014498,40.21954788081875],[-87.92411463497187,40.230654686291984],[-87.90957332968534,40.26676904875383]]]}},{"type":"Feature","properties":{"rain":0.0,"period":"1day","row":21,"col":33,"distance_miles":22.24},"geometry":{"type":"Polygon","coordinates":[[[-87.86225091844511,40.25564982041034],[-87.81495259960168,40.244501781701764],[-87.82956456001476,40.20841229219866],[-87.87682758014498,40.21954788081875],[-87.86225091844511,40.25564982041034]]]}},{"type":"Feature","properties":{"rain":0.0,"period":"1day","row":21,"col":34,"distance_miles":24.38},"geometry":{"type":"Polygon","coordinates":[[[-87.81495259960168,40.244501781701764],[-87.76767841917652,40.23332496355934],[-87.78232562053296,40.19724795129297],[-87.82956456001476,40.20841229219866],[-87.81495259960168,40.244501781701764]]]}},{"type":"Feature","properties":{"rain":0.0,"period":"1day","row":21,"col":35,"distance_miles":26.59},"geometry":{"type":"Polygon","coordinates":[[[-87.76767841917652,40.23332496355934],[-87.72042842301273,40.2221193969663],[-87.73511080747359,40.18605488901488],[-87.78232562053296,40.19724795129297],[-87.76767841917652,40.23332496355934]]]}},{"type":"Feature","properties":{"rain":0.004,"period":"1day","row":21,"col":36,"distance_miles":28.88},"geometry":{"type":"Polygon","coordinates":[[[-87.72042842301273,40.2221193969663],[-87.6732026567749,40.210885112957634],[-87.68792016643283,40.174833136329234],[-87.73511080747359,40.18605488901488],[-87.72042842301273,40.2221193969663]]]}},{"type":"Feature","properties":{"rain":0.0,"period":"1day","row":21,"col":37,"distance_miles":31.21},"geometry":{"type":"Polygon","coordinates":[[[-87.6732026567749,40.210885112957634],[-87.62600116594912,40.19962214261971],[-87.64075374282906,40.16358272425231],[-87.68792016643283,40.174833136329234],[-87.6732026567749,40.210885112957634]]]}},{"type":"Feature","properties":{"rain":0.0,"period":"1day","row":21,"col":38,"distance_miles":33.59},"geometry":{"type":"Polygon","coordinates":[[[-87.62600116594912,40.19962214261971],[-87.57882399584291,40.188330517090165],[-87.59361158190266,40.15230368385147],[-87.64075374282906,40.16358272425231],[-87.62600116594912,40.19962214261971]]]}},{"type":"Feature","properties":{"rain":0.0,"period":"1day","row":21,"col":39,"distance_miles":36.0},"geometry":{"type":"Polygon","coordinates":[[[-87.57882399584291,40.188330517090165],[-87.53167119158523,40.17701026755749],[-87.54649372871617,40.140996046244965],[-87.59361158190266,40.15230368385147],[-87.57882399584291,40.188330517090165]]]}},{"type":"Feature","properties":{"rain":0.004,"period":"1day","row":21,"col":40,"distance_miles":38.43},"geometry":{"type":"Polygon","coordinates":[[[-87.53167119158523,40.17701026755749],[-87.4845427981264,40.16566142526084],[-87.49940022815412,40.12965984260165],[-87.54649372871617,40.140996046244965],[-87.53167119158523,40.17701026755749]]]}},{"type":"Feature","properties":{"rain":0.004,"period":"1day","row":21,"col":41,"distance_miles":40.89},"geometry":{"type":"Polygon","coordinates":[[[-87.4845427981264,40.16566142526084],[-87.43743886023806,40.154284021489744],[-87.45233112492302,40.11829510414064],[-87.49940022815412,40.12965984260165],[-87.4845427981264,40.16566142526084]]]}},{"type":"Feature","properties":{"rain":0.024,"period":"1day","row":21,"col":42,"distance_miles":43.36},"geometry":{"type":"Polygon","coordinates":[[[-87.43743886023806,40.154284021489744],[-87.39035942251321,40.14287808758382],[-87.40528646355139,40.10690186213117],[-87.45233112492302,40.11829510414064],[-87.43743886023806,40.154284021489744]]]}},{"type":"Feature","properties":{"rain":0.059,"period":"1day","row":21,"col":43,"distance_miles":45.85},"geometry":{"type":"Polygon","coordinates":[[[-87.39035942251321,40.14287808758382],[-87.34330452936612,40.1314436549325],[-87.35826628838967,40.09548014789222],[-87.40528646355139,40.10690186213117],[-87.39035942251321,40.14287808758382]]]}},{"type":"Feature","properties":{"rain":0.181,"period":"1day","row":21,"col":44,"distance_miles":48.36},"geometry":{"type":"Polygon","coordinates":[[[-87.34330452936612,40.1314436549325],[-87.29627422503232,40.11998075497479],[-87.31127064361023,40.08402999279225],[-87.35826628838967,40.09548014789222],[-87.34330452936612,40.1314436549325]]]}},{"type":"Feature","properties":{"rain":0.0,"period":"1day","row":22,"col":8,"distance_miles":48.93},"geometry":{"type":"Polygon","coordinates":[[[-89.06609177132215,40.48850377243927],[-89.01824213040746,40.47809688108021],[-89.03193160449005,40.44171263205324],[-89.07974457720103,40.45210779265941],[-89.06609177132215,40.48850377243927]]]}},{"type":"Feature","properties":{"rain":0.0,"period":"1day","row":22,"col":9,"distance_miles":46.38},"geometry":{"type":"Polygon","coordinates":[[[-89.01824213040746,40.47809688108021],[-88.97041536818699,40.46766048218877],[-88.9841414548213,40.43128799276205],[-89.03193160449005,40.44171263205324],[-89.01824213040746,40.47809688108021]]]}},{"type":"Feature","properties":{"rain":0.0,"period":"1day","row":22,"col":10,"distance_miles":43.84},"geometry":{"type":"Polygon","coordinates":[[[-88.97041536818699,40.46766048218877],[-88.92261153485771,40.45719460529857],[-88.93637417830615,40.42083390425135],[-88.9841414548213,40.43128799276205],[-88.97041536818699,40.46766048218877]]]}},{"type":"Feature","properties":{"rain":0.0,"period":"1day","row":22,"col":11,"distance_miles":41.3},"geometry":{"type":"Polygon","coordinates":[[[-88.92261153485771,40.45719460529857],[-88.8748306804407,40.4466992800017],[-88.88862982488082,40.41035039604498],[-88.93637417830615,40.42083390425135],[-88.92261153485771,40.45719460529857]]]}},{"type":"Feature","properties":{"rain":0.0,"period":"1day","row":22,"col":12,"distance_miles":38.78},"geometry":{"type":"Polygon","coordinates":[[[-88.8748306804407,40.4466992800017],[-88.82707285478122,40.43617453594834],[-88.84090844430628,40.399837497724825],[-88.88862982488082,40.41035039604498],[-88.8748306804407,40.4466992800017]]]}},{"type":"Feature","properties":{"rain":0.0,"period":"1day","row":22,"col":13,"distance_miles":36.28},"geometry":{"type":"Polygon","coordinates":[[[-88.82707285478122,40.43617453594834],[-88.77933810754843,40.425620402846604],[-88.79321008616816,40.38929523893062],[-88.84090844430628,40.399837497724825],[-88.82707285478122,40.43617453594834]]]}},{"type":"Feature","properties":{"rain":0.0,"period":"1day","row":22,"col":14,"distance_miles":33.79},"geometry":{"type":"Polygon","coordinates":[[[-88.77933810754843,40.425620402846604],[-88.73162648823535,40.415036910462184],[-88.74553479987655,40.37872364935959],[-88.79321008616816,40.38929523893062],[-88.77933810754843,40.425620402846604]]]}},{"type":"Feature","properties":{"rain":0.0,"period":"1day","row":22,"col":15,"distance_miles":31.32},"geometry":{"type":"Polygon","coordinates":[[[-88.73162648823535,40.415036910462184],[-88.6839380461588,40.40442408861815],[-88.69788263466603,40.36812275876628],[-88.74553479987655,40.37872364935959],[-88.73162648823535,40.415036910462184]]]}},{"type":"Feature","properties":{"rain":0.0,"period":"1day","row":22,"col":16,"distance_miles":28.88},"geometry":{"type":"Polygon","coordinates":[[[-88.6839380461588,40.40442408861815],[-88.63627283045919,40.393781967194606],[-88.65025363959542,40.3574925969622],[-88.69788263466603,40.36812275876628],[-88.6839380461588,40.40442408861815]]]}},{"type":"Feature","properties":{"rain":0.0,"period":"1day","row":22,"col":17,"distance_miles":26.47},"geometry":{"type":"Polygon","coordinates":[[[-88.63627283045919,40.393781967194606],[-88.5886308901005,40.38311057612849],[-88.60264786354782,40.34683319381559],[-88.65025363959542,40.3574925969622],[-88.63627283045919,40.393781967194606]]]}},{"type":"Feature","properties":{"rain":0.0,"period":"1day","row":22,"col":18,"distance_miles":24.11},"geometry":{"type":"Polygon","coordinates":[[[-88.5886308901005,40.38311057612849],[-88.54101227387017,40.37240994541327],[-88.55506535523041,40.33614457925117],[-88.60264786354782,40.34683319381559],[-88.5886308901005,40.38311057612849]]]}},{"type":"Feature","properties":{"rain":0.0,"period":"1day","row":22,"col":19,"distance_miles":21.8},"geometry":{"type":"Polygon","coordinates":[[[-88.54101227387017,40.37240994541327],[-88.49341703037899,40.36168010509867],[-88.5075061631744,40.32542678324982],[-88.55506535523041,40.33614457925117],[-88.54101227387017,40.37240994541327]]]}},{"type":"Feature","properties":{"rain":0.0,"period":"1day","row":22,"col":20,"distance_miles":19.58},"geometry":{"type":"Polygon","coordinates":[[[-88.49341703037899,40.36168010509867],[-88.44584520806103,40.35092108529041],[-88.45997033573492,40.314679835848395],[-88.5075061631744,40.32542678324982],[-88.49341703037899,40.36168010509867]]]}},{"type":"Feature","properties":{"rain":0.0,"period":"1day","row":22,"col":21,"distance_miles":17.46},"geometry":{"type":"Polygon","coordinates":[[[-88.44584520806103,40.35092108529041],[-88.3982968551735,40.34013291614993],[-88.41245792109096,40.30390376713934],[-88.45997033573492,40.314679835848395],[-88.44584520806103,40.35092108529041]]]}},{"type":"Feature","properties":{"rain":0.0,"period":"1day","row":22,"col":22,"distance_miles":15.5},"geometry":{"type":"Polygon","coordinates":[[[-88.3982968551735,40.34013291614993],[-88.35077201979674,40.32931562789413],[-88.36496896724526,40.29309860727052],[-88.41245792109096,40.30390376713934],[-88.3982968551735,40.34013291614993]]]}},{"type":"Feature","properties":{"rain":0.0,"period":"1day","row":22,"col":23,"distance_miles":13.75},"geometry":{"type":"Polygon","coordinates":[[[-88.35077201979674,40.32931562789413],[-88.30327074983407,40.3184692507951],[-88.3175035220242,40.28226438644493],[-88.36496896724526,40.29309860727052],[-88.35077201979674,40.32931562789413]]]}},{"type":"Feature","properties":{"rain":0.0,"period":"1day","row":22,"col":24,"distance_miles":12.32},"geometry":{"type":"Polygon","coordinates":[[[-88.30327074983407,40.3184692507951],[-88.25579309301175,40.30759381517981],[-88.27006163307779,40.27140113492037],[-88.3175035220242,40.28226438644493],[-88.30327074983407,40.3184692507951]]]}},{"type":"Feature","properties":{"rain":0.0,"period":"1day","row":22,"col":25,"distance_miles":11.32},"geometry":{"type":"Polygon","coordinates":[[[-88.25579309301175,40.30759381517981],[-88.2083390968789,40.296689351429904],[-88.22264334787951,40.26050888300925],[-88.27006163307779,40.27140113492037],[-88.25579309301175,40.30759381517981]]]}},{"type":"Feature","properties":{"rain":0.0,"period":"1day","row":22,"col":26,"distance_miles":10.87},"geometry":{"type":"Polygon","coordinates":[[[-88.2083390968789,40.296689351429904],[-88.16090880880739,40.2857558899814],[-88.17524871372635,40.249587661078266],[-88.22264334787951,40.26050888300925],[-88.2083390968789,40.296689351429904]]]}},{"type":"Feature","properties":{"rain":0.0,"period":"1day","row":22,"col":27,"distance_miles":11.04},"geometry":{"type":"Polygon","coordinates":[[[-88.16090880880739,40.2857558899814],[-88.11350227599183,40.2747934613244],[-88.12787777773856,40.23863749954816],[-88.17524871372635,40.249587661078266],[-88.16090880880739,40.2857558899814]]]}},{"type":"Feature","properties":{"rain":0.0,"period":"1day","row":22,"col":28,"distance_miles":11.8},"geometry":{"type":"Polygon","coordinates":[[[-88.11350227599183,40.2747934613244],[-88.06611954544947,40.26380209600283],[-88.08053058685978,40.22765842889345],[-88.12787777773856,40.23863749954816],[-88.11350227599183,40.2747934613244]]]}},{"type":"Feature","properties":{"rain":0.0,"period":"1day","row":22,"col":29,"distance_miles":13.05},"geometry":{"type":"Polygon","coordinates":[[[-88.06611954544947,40.26380209600283],[-88.01876066402006,40.25278182461421],[-88.03320718785685,40.216650479642134],[-88.08053058685978,40.22765842889345],[-88.06611954544947,40.26380209600283]]]}},{"type":"Feature","properties":{"rain":0.0,"period":"1day","row":22,"col":30,"distance_miles":14.66},"geometry":{"type":"Polygon","coordinates":[[[-88.01876066402006,40.25278182461421],[-87.97142567836595,40.24173267780933],[-87.98590762731975,40.20561368237544],[-88.03320718785685,40.216650479642134],[-88.01876066402006,40.25278182461421]]]}},{"type":"Feature","properties":{"rain":0.0,"period":"1day","row":22,"col":31,"distance_miles":16.53},"geometry":{"type":"Polygon","coordinates":[[[-87.97142567836595,40.24173267780933],[-87.92411463497187,40.230654686291984],[-87.9386319516616,40.19454806772759],[-87.98590762731975,40.20561368237544],[-87.97142567836595,40.24173267780933]]]}},{"type":"Feature","properties":{"rain":0.0,"period":"1day","row":22,"col":32,"distance_miles":18.59},"geometry":{"type":"Polygon","coordinates":[[[-87.92411463497187,40.230654686291984],[-87.87682758014498,40.21954788081875],[-87.89138020711856,40.18345366638544],[-87.9386319516616,40.19454806772759],[-87.92411463497187,40.230654686291984]]]}},{"type":"Feature","properties":{"rain":0.0,"period":"1day","row":22,"col":33,"distance_miles":20.76},"geometry":{"type":"Polygon","coordinates":[[[-87.87682758014498,40.21954788081875],[-87.82956456001476,40.20841229219866],[-87.84415243974976,40.17233050908832],[-87.89138020711856,40.18345366638544],[-87.87682758014498,40.21954788081875]]]}},{"type":"Feature","properties":{"rain":0.0,"period":"1day","row":22,"col":34,"distance_miles":23.03},"geometry":{"type":"Polygon","coordinates":[[[-87.82956456001476,40.20841229219866],[-87.78232562053296,40.19724795129297],[-87.79694869543732,40.16117862662767],[-87.84415243974976,40.17233050908832],[-87.82956456001476,40.20841229219866]]]}},{"type":"Feature","properties":{"rain":0.0,"period":"1day","row":22,"col":35,"distance_miles":25.37},"geometry":{"type":"Polygon","coordinates":[[[-87.78232562053296,40.19724795129297],[-87.73511080747359,40.18605488901488],[-87.74976901988617,40.14999804984684],[-87.79694869543732,40.16117862662767],[-87.78232562053296,40.19724795129297]]]}},{"type":"Feature","properties":{"rain":0.0,"period":"1day","row":22,"col":36,"distance_miles":27.75},"geometry":{"type":"Polygon","coordinates":[[[-87.73511080747359,40.18605488901488],[-87.68792016643283,40.174833136329234],[-87.70261345862419,40.1387888096408],[-87.74976901988617,40.14999804984684],[-87.73511080747359,40.18605488901488]]]}},{"type":"Feature","properties":{"rain":0.0,"period":"1day","row":22,"col":37,"distance_miles":30.17},"geometry":{"type":"Polygon","coordinates":[[[-87.68792016643283,40.174833136329234],[-87.64075374282906,40.16358272425231],[-87.65548205700196,40.12755093695582],[-87.70261345862419,40.1387888096408],[-87.68792016643283,40.174833136329234]]]}},{"type":"Feature","properties":{"rain":0.0,"period":"1day","row":22,"col":38,"distance_miles":32.62},"geometry":{"type":"Polygon","coordinates":[[[-87.64075374282906,40.16358272425231],[-87.59361158190266,40.15230368385147],[-87.60837486019287,40.1162844627893],[-87.65548205700196,40.12755093695582],[-87.64075374282906,40.16358272425231]]]}},{"type":"Feature","properties":{"rain":0.0,"period":"1day","row":22,"col":39,"distance_miles":35.1},"geometry":{"type":"Polygon","coordinates":[[[-87.59361158190266,40.15230368385147],[-87.54649372871617,40.140996046244965],[-87.56129191319302,40.1049894181894],[-87.60837486019287,40.1162844627893],[-87.59361158190266,40.15230368385147]]]}},{"type":"Feature","properties":{"rain":0.0,"period":"1day","row":22,"col":40,"distance_miles":37.59},"geometry":{"type":"Polygon","coordinates":[[[-87.54649372871617,40.140996046244965],[-87.49940022815412,40.12965984260165],[-87.51423326082119,40.09366583425483],[-87.56129191319302,40.1049894181894],[-87.54649372871617,40.140996046244965]]]}},{"type":"Feature","properties":{"rain":0.0,"period":"1day","row":22,"col":41,"distance_miles":40.1},"geometry":{"type":"Polygon","coordinates":[[[-87.49940022815412,40.12965984260165],[-87.45233112492302,40.11829510414064],[-87.46719894771883,40.082313742134595],[-87.51423326082119,40.09366583425483],[-87.49940022815412,40.12965984260165]]]}},{"type":"Feature","properties":{"rain":0.02,"period":"1day","row":22,"col":42,"distance_miles":42.62},"geometry":{"type":"Polygon","coordinates":[[[-87.45233112492302,40.11829510414064],[-87.40528646355139,40.10690186213117],[-87.42018901834996,40.07093317302765],[-87.46719894771883,40.082313742134595],[-87.45233112492302,40.11829510414064]]]}},{"type":"Feature","properties":{"rain":0.094,"period":"1day","row":22,"col":43,"distance_miles":45.15},"geometry":{"type":"Polygon","coordinates":[[[-87.40528646355139,40.10690186213117],[-87.35826628838967,40.09548014789222],[-87.37320351700126,40.05952415818271],[-87.42018901834996,40.07093317302765],[-87.40528646355139,40.10690186213117]]]}},{"type":"Feature","properties":{"rain":0.154,"period":"1day","row":22,"col":44,"distance_miles":47.69},"geometry":{"type":"Polygon","coordinates":[[[-87.35826628838967,40.09548014789222],[-87.31127064361023,40.08402999279225],[-87.3262424877819,40.04808672889795],[-87.37320351700126,40.05952415818271],[-87.35826628838967,40.09548014789222]]]}},{"type":"Feature","properties":{"rain":0.0,"period":"1day","row":23,"col":8,"distance_miles":48.41},"geometry":{"type":"Polygon","coordinates":[[[-89.07974457720103,40.45210779265941],[-89.03193160449005,40.44171263205324],[-89.04559825550122,40.40533656126181],[-89.0933746102949,40.415720009123746],[-89.07974457720103,40.45210779265941]]]}},{"type":"Feature","properties":{"rain":0.0,"period":"1day","row":23,"col":9,"distance_miles":45.84},"geometry":{"type":"Polygon","coordinates":[[[-89.03193160449005,40.44171263205324],[-88.9841414548213,40.43128799276205],[-88.9978446682728,40.39492366353115],[-89.04559825550122,40.40533656126181],[-89.03193160449005,40.44171263205324]]]}},{"type":"Feature","properties":{"rain":0.0,"period":"1day","row":23,"col":10,"distance_miles":43.26},"geometry":{"type":"Polygon","coordinates":[[[-88.9841414548213,40.43128799276205],[-88.93637417830615,40.42083390425135],[-88.95011389863555,40.384481345329306],[-88.9978446682728,40.39492366353115],[-88.9841414548213,40.43128799276205]]]}},{"type":"Feature","properties":{"rain":0.0,"period":"1day","row":23,"col":11,"distance_miles":40.69},"geometry":{"type":"Polygon","coordinates":[[[-88.93637417830615,40.42083390425135],[-88.88862982488082,40.41035039604498],[-88.9024059964409,40.37400963611209],[-88.95011389863555,40.384481345329306],[-88.93637417830615,40.42083390425135]]]}},{"type":"Feature","properties":{"rain":0.0,"period":"1day","row":23,"col":12,"distance_miles":38.13},"geometry":{"type":"Polygon","coordinates":[[[-88.88862982488082,40.41035039604498],[-88.84090844430628,40.399837497724825],[-88.85472101136571,40.363508565393296],[-88.9024059964409,40.37400963611209],[-88.88862982488082,40.41035039604498]]]}},{"type":"Feature","properties":{"rain":0.0,"period":"1day","row":23,"col":13,"distance_miles":35.58},"geometry":{"type":"Polygon","coordinates":[[[-88.84090844430628,40.399837497724825],[-88.79321008616816,40.38929523893062],[-88.80705899291209,40.35297816274445],[-88.85472101136571,40.363508565393296],[-88.84090844430628,40.399837497724825]]]}},{"type":"Feature","properties":{"rain":0.0,"period":"1day","row":23,"col":14,"distance_miles":33.04},"geometry":{"type":"Polygon","coordinates":[[[-88.79321008616816,40.38929523893062],[-88.74553479987655,40.37872364935959],[-88.7594199904074,40.342418457794565],[-88.80705899291209,40.35297816274445],[-88.79321008616816,40.38929523893062]]]}},{"type":"Feature","properties":{"rain":0.0,"period":"1day","row":23,"col":15,"distance_miles":30.51},"geometry":{"type":"Polygon","coordinates":[[[-88.74553479987655,40.37872364935959],[-88.69788263466603,40.36812275876628],[-88.711804053004,40.331829480229814],[-88.7594199904074,40.342418457794565],[-88.74553479987655,40.37872364935959]]]}},{"type":"Feature","properties":{"rain":0.0,"period":"1day","row":23,"col":16,"distance_miles":28.0},"geometry":{"type":"Polygon","coordinates":[[[-88.69788263466603,40.36812275876628],[-88.65025363959542,40.3574925969622],[-88.66421122967932,40.32121125979327],[-88.711804053004,40.331829480229814],[-88.69788263466603,40.36812275876628]]]}},{"type":"Feature","properties":{"rain":0.0,"period":"1day","row":23,"col":17,"distance_miles":25.51},"geometry":{"type":"Polygon","coordinates":[[[-88.65025363959542,40.3574925969622],[-88.60264786354782,40.34683319381559],[-88.61664156923561,40.310563826284756],[-88.66421122967932,40.32121125979327],[-88.65025363959542,40.3574925969622]]]}},{"type":"Feature","properties":{"rain":0.0,"period":"1day","row":23,"col":18,"distance_miles":23.05},"geometry":{"type":"Polygon","coordinates":[[[-88.60264786354782,40.34683319381559],[-88.55506535523041,40.33614457925117],[-88.56909512029989,40.29988720956038],[-88.61664156923561,40.310563826284756],[-88.60264786354782,40.34683319381559]]]}},{"type":"Feature","properties":{"rain":0.0,"period":"1day","row":23,"col":19,"distance_miles":20.63},"geometry":{"type":"Polygon","coordinates":[[[-88.55506535523041,40.33614457925117],[-88.5075061631744,40.32542678324982],[-88.5215719313239,40.28918143953245],[-88.56909512029989,40.29988720956038],[-88.55506535523041,40.33614457925117]]]}},{"type":"Feature","properties":{"rain":0.0,"period":"1day","row":23,"col":20,"distance_miles":18.26},"geometry":{"type":"Polygon","coordinates":[[[-88.5075061631744,40.32542678324982],[-88.45997033573492,40.314679835848395],[-88.47407205058394,40.27844654616905],[-88.5215719313239,40.28918143953245],[-88.5075061631744,40.32542678324982]]]}},{"type":"Feature","properties":{"rain":0.0,"period":"1day","row":23,"col":21,"distance_miles":15.97},"geometry":{"type":"Polygon","coordinates":[[[-88.45997033573492,40.314679835848395],[-88.41245792109096,40.30390376713934],[-88.4265955261808,40.26768255949392],[-88.47407205058394,40.27844654616905],[-88.45997033573492,40.314679835848395]]]}},{"type":"Feature","properties":{"rain":0.0,"period":"1day","row":23,"col":22,"distance_miles":13.8},"geometry":{"type":"Polygon","coordinates":[[[-88.41245792109096,40.30390376713934],[-88.36496896724526,40.29309860727052],[-88.37914240603975,40.25688950958605],[-88.4265955261808,40.26768255949392],[-88.41245792109096,40.30390376713934]]]}},{"type":"Feature","properties":{"rain":0.0,"period":"1day","row":23,"col":23,"distance_miles":11.81},"geometry":{"type":"Polygon","coordinates":[[[-88.36496896724526,40.29309860727052],[-88.3175035220242,40.28226438644493],[-88.33171273791028,40.246067426579536],[-88.37914240603975,40.25688950958605],[-88.36496896724526,40.29309860727052]]]}},{"type":"Feature","properties":{"rain":0.0,"period":"1day","row":23,"col":24,"distance_miles":10.1},"geometry":{"type":"Polygon","coordinates":[[[-88.3175035220242,40.28226438644493],[-88.27006163307779,40.27140113492037],[-88.28430656936624,40.235216340663214],[-88.33171273791028,40.246067426579536],[-88.3175035220242,40.28226438644493]]]}},{"type":"Feature","properties":{"rain":0.0,"period":"1day","row":23,"col":25,"distance_miles":8.85},"geometry":{"type":"Polygon","coordinates":[[[-88.27006163307779,40.27140113492037],[-88.22264334787951,40.26050888300925],[-88.23692394780561,40.22433628208043],[-88.28430656936624,40.235216340663214],[-88.27006163307779,40.27140113492037]]]}},{"type":"Feature","properties":{"rain":0.0,"period":"1day","row":23,"col":26,"distance_miles":8.27},"geometry":{"type":"Polygon","coordinates":[[[-88.22264334787951,40.26050888300925],[-88.17524871372635,40.249587661078266],[-88.18956492045044,40.2134272811288],[-88.23692394780561,40.22433628208043],[-88.22264334787951,40.26050888300925]]]}},{"type":"Feature","properties":{"rain":0.0,"period":"1day","row":23,"col":27,"distance_miles":8.49},"geometry":{"type":"Polygon","coordinates":[[[-88.17524871372635,40.249587661078266],[-88.12787777773856,40.23863749954816],[-88.1422295343468,40.20248936815988],[-88.18956492045044,40.2134272811288],[-88.17524871372635,40.249587661078266]]]}},{"type":"Feature","properties":{"rain":0.0,"period":"1day","row":23,"col":28,"distance_miles":9.45},"geometry":{"type":"Polygon","coordinates":[[[-88.12787777773856,40.23863749954816],[-88.08053058685978,40.22765842889345],[-88.09491783636479,40.19152257357895],[-88.1422295343468,40.20248936815988],[-88.12787777773856,40.23863749954816]]]}},{"type":"Feature","properties":{"rain":0.0,"period":"1day","row":23,"col":29,"distance_miles":10.97},"geometry":{"type":"Polygon","coordinates":[[[-88.08053058685978,40.22765842889345],[-88.03320718785685,40.216650479642134],[-88.04762987319829,40.18052692784472],[-88.09491783636479,40.19152257357895],[-88.08053058685978,40.22765842889345]]]}},{"type":"Feature","properties":{"rain":0.0,"period":"1day","row":23,"col":30,"distance_miles":12.85},"geometry":{"type":"Polygon","coordinates":[[[-88.03320718785685,40.216650479642134],[-87.98590762731975,40.20561368237544],[-88.00036569136512,40.169502461469065],[-88.04762987319829,40.18052692784472],[-88.03320718785685,40.216650479642134]]]}},{"type":"Feature","properties":{"rain":0.0,"period":"1day","row":23,"col":31,"distance_miles":14.95},"geometry":{"type":"Polygon","coordinates":[[[-87.98590762731975,40.20561368237544],[-87.9386319516616,40.19454806772759],[-87.95312533720673,40.158449205016765],[-88.00036569136512,40.169502461469065],[-87.98590762731975,40.20561368237544]]]}},{"type":"Feature","properties":{"rain":0.0,"period":"1day","row":23,"col":32,"distance_miles":17.19},"geometry":{"type":"Polygon","coordinates":[[[-87.9386319516616,40.19454806772759],[-87.89138020711856,40.18345366638544],[-87.90590885688839,40.14736718910524],[-87.95312533720673,40.158449205016765],[-87.9386319516616,40.19454806772759]]]}},{"type":"Feature","properties":{"rain":0.0,"period":"1day","row":23,"col":33,"distance_miles":19.52},"geometry":{"type":"Polygon","coordinates":[[[-87.89138020711856,40.18345366638544],[-87.84415243974976,40.17233050908832],[-87.85871629639892,40.136256444404225],[-87.90590885688839,40.14736718910524],[-87.89138020711856,40.18345366638544]]]}},{"type":"Feature","properties":{"rain":0.0,"period":"1day","row":23,"col":34,"distance_miles":21.92},"geometry":{"type":"Polygon","coordinates":[[[-87.84415243974976,40.17233050908832],[-87.79694869543732,40.16117862662767],[-87.81154770155084,40.12511700163563],[-87.85871629639892,40.136256444404225],[-87.84415243974976,40.17233050908832]]]}},{"type":"Feature","properties":{"rain":0.0,"period":"1day","row":23,"col":35,"distance_miles":24.36},"geometry":{"type":"Polygon","coordinates":[[[-87.79694869543732,40.16117862662767],[-87.74976901988617,40.14999804984684],[-87.7644031179801,40.11394889157311],[-87.81154770155084,40.12511700163563],[-87.79694869543732,40.16117862662767]]]}},{"type":"Feature","properties":{"rain":0.0,"period":"1day","row":23,"col":36,"distance_miles":26.83},"geometry":{"type":"Polygon","coordinates":[[[-87.74976901988617,40.14999804984684],[-87.70261345862419,40.1387888096408],[-87.71728259114622,40.102752145041926],[-87.7644031179801,40.11394889157311],[-87.74976901988617,40.14999804984684]]]}},{"type":"Feature","properties":{"rain":0.0,"period":"1day","row":23,"col":37,"distance_miles":29.33},"geometry":{"type":"Polygon","coordinates":[[[-87.70261345862419,40.1387888096408],[-87.65548205700196,40.12755093695582],[-87.67018616633216,40.0915267929186],[-87.71728259114622,40.102752145041926],[-87.70261345862419,40.1387888096408]]]}},{"type":"Feature","properties":{"rain":0.0,"period":"1day","row":23,"col":38,"distance_miles":31.84},"geometry":{"type":"Polygon","coordinates":[[[-87.65548205700196,40.12755093695582],[-87.60837486019287,40.1162844627893],[-87.62311388864427,40.08027286613069],[-87.67018616633216,40.0915267929186],[-87.65548205700196,40.12755093695582]]]}},{"type":"Feature","properties":{"rain":0.004,"period":"1day","row":23,"col":39,"distance_miles":34.37},"geometry":{"type":"Polygon","coordinates":[[[-87.60837486019287,40.1162844627893],[-87.56129191319302,40.1049894181894],[-87.57606580301227,40.06899039565652],[-87.62311388864427,40.08027286613069],[-87.60837486019287,40.1162844627893]]]}},{"type":"Feature","properties":{"rain":0.016,"period":"1day","row":23,"col":40,"distance_miles":36.91},"geometry":{"type":"Polygon","coordinates":[[[-87.56129191319302,40.1049894181894],[-87.51423326082119,40.09366583425483],[-87.52904195418925,40.05767941252487],[-87.57606580301227,40.06899039565652],[-87.56129191319302,40.1049894181894]]]}},{"type":"Feature","properties":{"rain":0.02,"period":"1day","row":23,"col":41,"distance_miles":39.46},"geometry":{"type":"Polygon","coordinates":[[[-87.51423326082119,40.09366583425483],[-87.46719894771883,40.082313742134595],[-87.48204238675156,40.04633994781473],[-87.52904195418925,40.05767941252487],[-87.51423326082119,40.09366583425483]]]}},{"type":"Feature","properties":{"rain":0.035,"period":"1day","row":23,"col":42,"distance_miles":42.02},"geometry":{"type":"Polygon","coordinates":[[[-87.46719894771883,40.082313742134595],[-87.42018901834996,40.07093317302765],[-87.43506714509881,40.03497203265508],[-87.48204238675156,40.04633994781473],[-87.46719894771883,40.082313742134595]]]}},{"type":"Feature","properties":{"rain":0.075,"period":"1day","row":23,"col":43,"distance_miles":44.58},"geometry":{"type":"Polygon","coordinates":[[[-87.42018901834996,40.07093317302765],[-87.37320351700126,40.05952415818271],[-87.3881162734539,40.02357569822452],[-87.43506714509881,40.03497203265508],[-87.42018901834996,40.07093317302765]]]}},{"type":"Feature","properties":{"rain":0.079,"period":"1day","row":23,"col":44,"distance_miles":47.15},"geometry":{"type":"Polygon","coordinates":[[[-87.37320351700126,40.05952415818271],[-87.3262424877819,40.04808672889795],[-87.34118981586289,40.012150975751126],[-87.3881162734539,40.02357569822452],[-87.37320351700126,40.05952415818271]]]}},{"type":"Feature","properties":{"rain":0.122,"period":"1day","row":23,"col":45,"distance_miles":49.72},"geometry":{"type":"Polygon","coordinates":[[[-87.3262424877819,40.04808672889795],[-87.27930597462367,40.036620916520725],[-87.29428781619505,40.00069789651208],[-87.34118981586289,40.012150975751126],[-87.3262424877819,40.04808672889795]]]}},{"type":"Feature","properties":{"rain":0.0,"period":"1day","row":24,"col":8,"distance_miles":48.04},"geometry":{"type":"Polygon","coordinates":[[[-89.0933746102949,40.415720009123746],[-89.04559825550122,40.40533656126181],[-89.0592421389181,40.36896867973825],[-89.10698192599475,40.37934043282629],[-89.0933746102949,40.415720009123746]]]}},{"type":"Feature","properties":{"rain":0.0,"period":"1day","row":24,"col":9,"distance_miles":45.44},"geometry":{"type":"Polygon","coordinates":[[[-89.04559825550122,40.40533656126181],[-88.9978446682728,40.39492366353115],[-89.01152506410406,40.35856750556669],[-89.0592421389181,40.36896867973825],[-89.04559825550122,40.40533656126181]]]}},{"type":"Feature","properties":{"rain":0.0,"period":"1day","row":24,"col":10,"distance_miles":42.84},"geometry":{"type":"Polygon","coordinates":[[[-88.9978446682728,40.39492366353115],[-88.95011389863555,40.384481345329306],[-88.96383075149326,40.348136939641385],[-89.01152506410406,40.35856750556669],[-88.9978446682728,40.39492366353115]]]}},{"type":"Feature","properties":{"rain":0.0,"period":"1day","row":24,"col":11,"distance_miles":40.25},"geometry":{"type":"Polygon","coordinates":[[[-88.95011389863555,40.384481345329306],[-88.9024059964409,40.37400963611209],[-88.91615925085243,40.33767701135032],[-88.96383075149326,40.348136939641385],[-88.95011389863555,40.384481345329306]]]}},{"type":"Feature","properties":{"rain":0.0,"period":"1day","row":24,"col":12,"distance_miles":37.66},"geometry":{"type":"Polygon","coordinates":[[[-88.9024059964409,40.37400963611209],[-88.85472101136571,40.363508565393296],[-88.86851061177441,40.327187750139394],[-88.91615925085243,40.33767701135032],[-88.9024059964409,40.37400963611209]]]}},{"type":"Feature","properties":{"rain":0.0,"period":"1day","row":24,"col":13,"distance_miles":35.07},"geometry":{"type":"Polygon","coordinates":[[[-88.85472101136571,40.363508565393296],[-88.80705899291209,40.35297816274445],[-88.82088488367795,40.31666918551215],[-88.86851061177441,40.327187750139394],[-88.85472101136571,40.363508565393296]]]}},{"type":"Feature","properties":{"rain":0.0,"period":"1day","row":24,"col":14,"distance_miles":32.49},"geometry":{"type":"Polygon","coordinates":[[[-88.80705899291209,40.35297816274445],[-88.7594199904074,40.342418457794565],[-88.77328211580773,40.30612134702951],[-88.82088488367795,40.31666918551215],[-88.80705899291209,40.35297816274445]]]}},{"type":"Feature","properties":{"rain":0.0,"period":"1day","row":24,"col":15,"distance_miles":29.92},"geometry":{"type":"Polygon","coordinates":[[[-88.7594199904074,40.342418457794565],[-88.711804053004,40.331829480229814],[-88.7257023572341,40.29554426430954],[-88.77328211580773,40.30612134702951],[-88.7594199904074,40.342418457794565]]]}},{"type":"Feature","properties":{"rain":0.0,"period":"1day","row":24,"col":16,"distance_miles":27.35},"geometry":{"type":"Polygon","coordinates":[[[-88.711804053004,40.331829480229814],[-88.66421122967932,40.32121125979327],[-88.67814565685308,40.2849379670271],[-88.7257023572341,40.29554426430954],[-88.711804053004,40.331829480229814]]]}},{"type":"Feature","properties":{"rain":0.0,"period":"1day","row":24,"col":17,"distance_miles":24.8},"geometry":{"type":"Polygon","coordinates":[[[-88.66421122967932,40.32121125979327],[-88.61664156923561,40.310563826284756],[-88.6306120633862,40.27430248491371],[-88.67814565685308,40.2849379670271],[-88.66421122967932,40.32121125979327]]]}},{"type":"Feature","properties":{"rain":0.0,"period":"1day","row":24,"col":18,"distance_miles":22.26},"geometry":{"type":"Polygon","coordinates":[[[-88.61664156923561,40.310563826284756],[-88.56909512029989,40.29988720956038],[-88.58310162538044,40.26363784775712],[-88.6306120633862,40.27430248491371],[-88.61664156923561,40.310563826284756]]]}},{"type":"Feature","properties":{"rain":0.0,"period":"1day","row":24,"col":19,"distance_miles":19.74},"geometry":{"type":"Polygon","coordinates":[[[-88.56909512029989,40.29988720956038],[-88.5215719313239,40.28918143953245],[-88.53561439120813,40.2529440854012],[-88.58310162538044,40.26363784775712],[-88.56909512029989,40.29988720956038]]]}},{"type":"Feature","properties":{"rain":0.0,"period":"1day","row":24,"col":20,"distance_miles":17.25},"geometry":{"type":"Polygon","coordinates":[[[-88.5215719313239,40.28918143953245],[-88.47407205058394,40.27844654616905],[-88.48815040906685,40.242221227745546],[-88.53561439120813,40.2529440854012],[-88.5215719313239,40.28918143953245]]]}},{"type":"Feature","properties":{"rain":0.0,"period":"1day","row":24,"col":21,"distance_miles":14.8},"geometry":{"type":"Polygon","coordinates":[[[-88.47407205058394,40.27844654616905],[-88.4265955261808,40.26768255949392],[-88.44070972697929,40.23146930474532],[-88.48815040906685,40.242221227745546],[-88.47407205058394,40.27844654616905]]]}},{"type":"Feature","properties":{"rain":0.0,"period":"1day","row":24,"col":22,"distance_miles":12.42},"geometry":{"type":"Polygon","coordinates":[[[-88.4265955261808,40.26768255949392],[-88.37914240603975,40.25688950958605],[-88.3932923927933,40.22068834641088],[-88.44070972697929,40.23146930474532],[-88.4265955261808,40.26768255949392]]]}},{"type":"Feature","properties":{"rain":0.0,"period":"1day","row":24,"col":23,"distance_miles":10.16},"geometry":{"type":"Polygon","coordinates":[[[-88.37914240603975,40.25688950958605],[-88.33171273791028,40.246067426579536],[-88.34589845418165,40.20987838280759],[-88.3932923927933,40.22068834641088],[-88.37914240603975,40.25688950958605]]]}},{"type":"Feature","properties":{"rain":0.0,"period":"1day","row":24,"col":24,"distance_miles":8.12},"geometry":{"type":"Polygon","coordinates":[[[-88.33171273791028,40.246067426579536],[-88.28430656936624,40.235216340663214],[-88.298527958642,40.199039444055515],[-88.34589845418165,40.20987838280759],[-88.33171273791028,40.246067426579536]]]}},{"type":"Feature","properties":{"rain":0.0,"period":"1day","row":24,"col":25,"distance_miles":6.49},"geometry":{"type":"Polygon","coordinates":[[[-88.28430656936624,40.235216340663214],[-88.23692394780561,40.22433628208043],[-88.2511809534969,40.18817156032918],[-88.298527958642,40.199039444055515],[-88.28430656936624,40.235216340663214]]]}},{"type":"Feature","properties":{"rain":0.0,"period":"1day","row":24,"col":26,"distance_miles":5.67},"geometry":{"type":"Polygon","coordinates":[[[-88.23692394780561,40.22433628208043],[-88.18956492045044,40.2134272811288],[-88.20385748589361,40.17727476185728],[-88.2511809534969,40.18817156032918],[-88.23692394780561,40.22433628208043]]]}},{"type":"Feature","properties":{"rain":0.0,"period":"1day","row":24,"col":27,"distance_miles":5.98},"geometry":{"type":"Polygon","coordinates":[[[-88.18956492045044,40.2134272811288],[-88.1422295343468,40.20248936815988],[-88.15655760280409,40.166349078922366],[-88.20385748589361,40.17727476185728],[-88.18956492045044,40.2134272811288]]]}},{"type":"Feature","properties":{"rain":0.0,"period":"1day","row":24,"col":28,"distance_miles":7.29},"geometry":{"type":"Polygon","coordinates":[[[-88.1422295343468,40.20248936815988],[-88.09491783636479,40.19152257357895],[-88.10928135102488,40.15539454186071],[-88.15655760280409,40.166349078922366],[-88.1422295343468,40.20248936815988]]]}},{"type":"Feature","properties":{"rain":0.0,"period":"1day","row":24,"col":29,"distance_miles":9.17},"geometry":{"type":"Polygon","coordinates":[[[-88.09491783636479,40.19152257357895],[-88.04762987319829,40.18052692784472],[-88.06202877717708,40.14441118106193],[-88.10928135102488,40.15539454186071],[-88.09491783636479,40.19152257357895]]]}},{"type":"Feature","properties":{"rain":0.0,"period":"1day","row":24,"col":30,"distance_miles":11.35},"geometry":{"type":"Polygon","coordinates":[[[-88.04762987319829,40.18052692784472],[-88.00036569136512,40.169502461469065],[-88.01479992770628,40.133399026968725],[-88.06202877717708,40.14441118106193],[-88.04762987319829,40.18052692784472]]]}},{"type":"Feature","properties":{"rain":0.0,"period":"1day","row":24,"col":31,"distance_miles":13.68},"geometry":{"type":"Polygon","coordinates":[[[-88.00036569136512,40.169502461469065],[-87.95312533720673,40.158449205016765],[-87.96759484888244,40.122358110076654],[-88.01479992770628,40.133399026968725],[-88.00036569136512,40.169502461469065]]]}},{"type":"Feature","properties":{"rain":0.0,"period":"1day","row":24,"col":32,"distance_miles":16.09},"geometry":{"type":"Polygon","coordinates":[[[-87.95312533720673,40.158449205016765],[-87.90590885688839,40.14736718910524],[-87.9204135867999,40.11128846093385],[-87.96759484888244,40.122358110076654],[-87.95312533720673,40.158449205016765]]]}},{"type":"Feature","properties":{"rain":0.0,"period":"1day","row":24,"col":33,"distance_miles":18.56},"geometry":{"type":"Polygon","coordinates":[[[-87.90590885688839,40.14736718910524],[-87.85871629639892,40.136256444404225],[-87.87325618737732,40.10019011014073],[-87.9204135867999,40.11128846093385],[-87.90590885688839,40.14736718910524]]]}},{"type":"Feature","properties":{"rain":0.0,"period":"1day","row":24,"col":34,"distance_miles":21.07},"geometry":{"type":"Polygon","coordinates":[[[-87.85871629639892,40.136256444404225],[-87.81154770155084,40.12511700163563],[-87.82612269635756,40.089063088349754],[-87.87325618737732,40.10019011014073],[-87.85871629639892,40.136256444404225]]]}},{"type":"Feature","properties":{"rain":0.0,"period":"1day","row":24,"col":35,"distance_miles":23.59},"geometry":{"type":"Polygon","coordinates":[[[-87.81154770155084,40.12511700163563],[-87.7644031179801,40.11394889157311],[-87.77901315930771,40.07790742626518],[-87.82612269635756,40.089063088349754],[-87.81154770155084,40.12511700163563]]]}},{"type":"Feature","properties":{"rain":0.0,"period":"1day","row":24,"col":36,"distance_miles":26.14},"geometry":{"type":"Polygon","coordinates":[[[-87.7644031179801,40.11394889157311],[-87.71728259114622,40.102752145041926],[-87.73192762161901,40.0667231546427],[-87.77901315930771,40.07790742626518],[-87.7644031179801,40.11394889157311]]]}},{"type":"Feature","properties":{"rain":0.004,"period":"1day","row":24,"col":37,"distance_miles":28.69},"geometry":{"type":"Polygon","coordinates":[[[-87.71728259114622,40.102752145041926],[-87.67018616633216,40.0915267929186],[-87.68486612850674,40.05551030428932],[-87.73192762161901,40.0667231546427],[-87.71728259114622,40.102752145041926]]]}},{"type":"Feature","properties":{"rain":0.024,"period":"1day","row":24,"col":38,"distance_miles":31.26},"geometry":{"type":"Polygon","coordinates":[[[-87.67018616633216,40.0915267929186],[-87.62311388864427,40.08027286613069],[-87.63782872501032,40.04426890606296],[-87.68486612850674,40.05551030428932],[-87.67018616633216,40.0915267929186]]]}},{"type":"Feature","properties":{"rain":0.055,"period":"1day","row":24,"col":39,"distance_miles":33.83},"geometry":{"type":"Polygon","coordinates":[[[-87.62311388864427,40.08027286613069],[-87.57606580301227,40.06899039565652],[-87.59081545599312,40.03299899087224],[-87.63782872501032,40.04426890606296],[-87.62311388864427,40.08027286613069]]]}},{"type":"Feature","properties":{"rain":0.083,"period":"1day","row":24,"col":40,"distance_miles":36.41},"geometry":{"type":"Polygon","coordinates":[[[-87.57606580301227,40.06899039565652],[-87.52904195418925,40.05767941252487],[-87.54382636614254,40.021700589676236],[-87.59081545599312,40.03299899087224],[-87.57606580301227,40.06899039565652]]]}},{"type":"Feature","properties":{"rain":0.059,"period":"1day","row":24,"col":41,"distance_miles":38.99},"geometry":{"type":"Polygon","coordinates":[[[-87.52904195418925,40.05767941252487],[-87.48204238675156,40.04633994781473],[-87.49686149996987,40.010373733484165],[-87.54382636614254,40.021700589676236],[-87.52904195418925,40.05767941252487]]]}},{"type":"Feature","properties":{"rain":0.039,"period":"1day","row":24,"col":42,"distance_miles":41.57},"geometry":{"type":"Polygon","coordinates":[[[-87.48204238675156,40.04633994781473],[-87.43506714509881,40.03497203265508],[-87.44992090181039,39.99901845335515],[-87.49686149996987,40.010373733484165],[-87.48204238675156,40.04633994781473]]]}},{"type":"Feature","properties":{"rain":0.031,"period":"1day","row":24,"col":43,"distance_miles":44.16},"geometry":{"type":"Polygon","coordinates":[[[-87.43506714509881,40.03497203265508],[-87.3881162734539,40.02357569822452],[-87.40300461582318,39.98763478039796],[-87.44992090181039,39.99901845335515],[-87.43506714509881,40.03497203265508]]]}},{"type":"Feature","properties":{"rain":0.031,"period":"1day","row":24,"col":44,"distance_miles":46.75},"geometry":{"type":"Polygon","coordinates":[[[-87.3881162734539,40.02357569822452],[-87.34118981586289,40.012150975751126],[-87.35611268599122,39.97622274577068],[-87.40300461582318,39.98763478039796],[-87.3881162734539,40.02357569822452]]]}},{"type":"Feature","properties":{"rain":0.035,"period":"1day","row":24,"col":45,"distance_miles":49.34},"geometry":{"type":"Polygon","coordinates":[[[-87.34118981586289,40.012150975751126],[-87.29428781619505,40.00069789651208],[-87.30924515612135,39.964782380680546],[-87.35611268599122,39.97622274577068],[-87.34118981586289,40.012150975751126]]]}},{"type":"Feature","properties":{"rain":0.0,"period":"1day","row":25,"col":8,"distance_miles":47.8},"geometry":{"type":"Polygon","coordinates":[[[-89.10698192599475,40.37934043282629],[-89.0592421389181,40.36896867973825],[-89.07286331004336,40.33260899847843],[-89.12056657951729,40.34296907472474],[-89.10698192599475,40.37934043282629]]]}},{"type":"Feature","properties":{"rain":0.0,"period":"1day","row":25,"col":9,"distance_miles":45.19},"geometry":{"type":"Polygon","coordinates":[[[-89.0592421389181,40.36896867973825],[-89.01152506410406,40.35856750556669],[-89.02518269770316,40.32221952990271],[-89.07286331004336,40.33260899847843],[-89.0592421389181,40.36896867973825]]]}},{"type":"Feature","properties":{"rain":0.0,"period":"1day","row":25,"col":10,"distance_miles":42.57},"geometry":{"type":"Polygon","coordinates":[[[-89.01152506410406,40.35856750556669],[-88.96383075149326,40.348136939641385],[-88.97752479235201,40.31180069825985],[-89.02518269770316,40.32221952990271],[-89.01152506410406,40.35856750556669]]]}},{"type":"Feature","properties":{"rain":0.0,"period":"1day","row":25,"col":11,"distance_miles":39.96},"geometry":{"type":"Polygon","coordinates":[[[-88.96383075149326,40.348136939641385],[-88.91615925085243,40.33767701135032],[-88.92988964367215,40.30135253287019],[-88.97752479235201,40.31180069825985],[-88.96383075149326,40.348136939641385]]]}},{"type":"Feature","properties":{"rain":0.0,"period":"1day","row":25,"col":12,"distance_miles":37.36},"geometry":{"type":"Polygon","coordinates":[[[-88.91615925085243,40.33767701135032],[-88.86851061177441,40.327187750139394],[-88.8822773011725,40.2908750631119],[-88.92988964367215,40.30135253287019],[-88.91615925085243,40.33767701135032]]]}},{"type":"Feature","properties":{"rain":0.0,"period":"1day","row":25,"col":13,"distance_miles":34.75},"geometry":{"type":"Polygon","coordinates":[[[-88.86851061177441,40.327187750139394],[-88.82088488367795,40.31666918551215],[-88.83468781418857,40.28036831842075],[-88.8822773011725,40.2908750631119],[-88.86851061177441,40.327187750139394]]]}},{"type":"Feature","properties":{"rain":0.0,"period":"1day","row":25,"col":14,"distance_miles":32.14},"geometry":{"type":"Polygon","coordinates":[[[-88.82088488367795,40.31666918551215],[-88.77328211580773,40.30612134702951],[-88.78712123188242,40.269832328289795],[-88.83468781418857,40.28036831842075],[-88.82088488367795,40.31666918551215]]]}},{"type":"Feature","properties":{"rain":0.0,"period":"1day","row":25,"col":15,"distance_miles":29.54},"geometry":{"type":"Polygon","coordinates":[[[-88.77328211580773,40.30612134702951],[-88.7257023572341,40.29554426430954],[-88.73957760324252,40.25926712226913],[-88.78712123188242,40.269832328289795],[-88.77328211580773,40.30612134702951]]]}},{"type":"Feature","properties":{"rain":0.0,"period":"1day","row":25,"col":16,"distance_miles":26.94},"geometry":{"type":"Polygon","coordinates":[[[-88.7257023572341,40.29554426430954],[-88.67814565685308,40.2849379670271],[-88.69205697708358,40.24867272996564],[-88.73957760324252,40.25926712226913],[-88.7257023572341,40.29554426430954]]]}},{"type":"Feature","properties":{"rain":0.0,"period":"1day","row":25,"col":17,"distance_miles":24.34},"geometry":{"type":"Polygon","coordinates":[[[-88.67814565685308,40.2849379670271],[-88.6306120633862,40.27430248491371],[-88.64455940204654,40.23804918104273],[-88.69205697708358,40.24867272996564],[-88.67814565685308,40.2849379670271]]]}},{"type":"Feature","properties":{"rain":0.0,"period":"1day","row":25,"col":18,"distance_miles":21.75},"geometry":{"type":"Polygon","coordinates":[[[-88.6306120633862,40.27430248491371],[-88.58310162538044,40.26363784775712],[-88.5970849265984,40.227396505220014],[-88.64455940204654,40.23804918104273],[-88.6306120633862,40.27430248491371]]]}},{"type":"Feature","properties":{"rain":0.0,"period":"1day","row":25,"col":19,"distance_miles":19.16},"geometry":{"type":"Polygon","coordinates":[[[-88.58310162538044,40.26363784775712],[-88.53561439120813,40.2529440854012],[-88.54963359903219,40.2167147322731],[-88.5970849265984,40.227396505220014],[-88.58310162538044,40.26363784775712]]]}},{"type":"Feature","properties":{"rain":0.0,"period":"1day","row":25,"col":20,"distance_miles":16.58},"geometry":{"type":"Polygon","coordinates":[[[-88.53561439120813,40.2529440854012],[-88.48815040906685,40.242221227745546],[-88.50220546746684,40.20600389203328],[-88.54963359903219,40.2167147322731],[-88.53561439120813,40.2529440854012]]]}},{"type":"Feature","properties":{"rain":0.0,"period":"1day","row":25,"col":21,"distance_miles":14.02},"geometry":{"type":"Polygon","coordinates":[[[-88.48815040906685,40.242221227745546],[-88.44070972697929,40.23146930474532],[-88.45480057984709,40.195264014387334],[-88.50220546746684,40.20600389203328],[-88.48815040906685,40.242221227745546]]]}},{"type":"Feature","properties":{"rain":0.0,"period":"1day","row":25,"col":22,"distance_miles":11.48},"geometry":{"type":"Polygon","coordinates":[[[-88.44070972697929,40.23146930474532],[-88.3932923927933,40.22068834641088],[-88.40741898394336,40.1844951292772],[-88.45480057984709,40.195264014387334],[-88.44070972697929,40.23146930474532]]]}},{"type":"Feature","properties":{"rain":0.0,"period":"1day","row":25,"col":23,"distance_miles":8.98},"geometry":{"type":"Polygon","coordinates":[[[-88.3932923927933,40.22068834641088],[-88.34589845418165,40.20987838280759],[-88.36006072735177,40.173697266699705],[-88.40741898394336,40.1844951292772],[-88.3932923927933,40.22068834641088]]]}},{"type":"Feature","properties":{"rain":0.0,"period":"1day","row":25,"col":24,"distance_miles":6.58},"geometry":{"type":"Polygon","coordinates":[[[-88.34589845418165,40.20987838280759],[-88.298527958642,40.199039444055515],[-88.31272585749399,40.162870456706344],[-88.36006072735177,40.173697266699705],[-88.34589845418165,40.20987838280759]]]}},{"type":"Feature","properties":{"rain":0.0,"period":"1day","row":25,"col":25,"distance_miles":4.43},"geometry":{"type":"Polygon","coordinates":[[[-88.298527958642,40.199039444055515],[-88.2511809534969,40.18817156032918],[-88.26541442161717,40.152014729402985],[-88.31272585749399,40.162870456706344],[-88.298527958642,40.199039444055515]]]}},{"type":"Feature","properties":{"rain":0.0,"period":"1day","row":25,"col":26,"distance_miles":3.09},"geometry":{"type":"Polygon","coordinates":[[[-88.2511809534969,40.18817156032918],[-88.20385748589361,40.17727476185728],[-88.21812646679382,40.141130114949604],[-88.26541442161717,40.152014729402985],[-88.2511809534969,40.18817156032918]]]}},{"type":"Feature","properties":{"rain":0.0,"period":"1day","row":25,"col":27,"distance_miles":3.63},"geometry":{"type":"Polygon","coordinates":[[[-88.20385748589361,40.17727476185728],[-88.15655760280409,40.166349078922366],[-88.17086203992183,40.13021664356002],[-88.21812646679382,40.141130114949604],[-88.20385748589361,40.17727476185728]]]}},{"type":"Feature","properties":{"rain":0.0,"period":"1day","row":25,"col":28,"distance_miles":5.52},"geometry":{"type":"Polygon","coordinates":[[[-88.15655760280409,40.166349078922366],[-88.10928135102488,40.15539454186071],[-88.12362118772432,40.1192743455016],[-88.17086203992183,40.13021664356002],[-88.15655760280409,40.166349078922366]]]}},{"type":"Feature","properties":{"rain":0.0,"period":"1day","row":25,"col":29,"distance_miles":7.84},"geometry":{"type":"Polygon","coordinates":[[[-88.10928135102488,40.15539454186071],[-88.06202877717708,40.14441118106193],[-88.07640395674963,40.10830325109509],[-88.12362118772432,40.1192743455016],[-88.10928135102488,40.15539454186071]]]}},{"type":"Feature","properties":{"rain":0.0,"period":"1day","row":25,"col":30,"distance_miles":10.3},"geometry":{"type":"Polygon","coordinates":[[[-88.06202877717708,40.14441118106193],[-88.01479992770628,40.133399026968725],[-88.0292103933712,40.09730339071421],[-88.07640395674963,40.10830325109509],[-88.06202877717708,40.14441118106193]]]}},{"type":"Feature","properties":{"rain":0.0,"period":"1day","row":25,"col":31,"distance_miles":12.82},"geometry":{"type":"Polygon","coordinates":[[[-88.01479992770628,40.133399026968725],[-87.96759484888244,40.122358110076654],[-87.98204054378755,40.08627479478551],[-88.0292103933712,40.09730339071421],[-88.01479992770628,40.133399026968725]]]}},{"type":"Feature","properties":{"rain":0.0,"period":"1day","row":25,"col":32,"distance_miles":15.37},"geometry":{"type":"Polygon","coordinates":[[[-87.96759484888244,40.122358110076654],[-87.9204135867999,40.11128846093385],[-87.93489445402219,40.075217493788024],[-87.98204054378755,40.08627479478551],[-87.96759484888244,40.122358110076654]]]}},{"type":"Feature","properties":{"rain":0.0,"period":"1day","row":25,"col":33,"distance_miles":17.94},"geometry":{"type":"Polygon","coordinates":[[[-87.9204135867999,40.11128846093385],[-87.87325618737732,40.10019011014073],[-87.88777216992358,40.06413151825302],[-87.93489445402219,40.075217493788024],[-87.9204135867999,40.11128846093385]]]}},{"type":"Feature","properties":{"rain":0.0,"period":"1day","row":25,"col":34,"distance_miles":20.52},"geometry":{"type":"Polygon","coordinates":[[[-87.87325618737732,40.10019011014073],[-87.82612269635756,40.089063088349754],[-87.84067373716508,40.05301689876378],[-87.88777216992358,40.06413151825302],[-87.87325618737732,40.10019011014073]]]}},{"type":"Feature","properties":{"rain":0.0,"period":"1day","row":25,"col":35,"distance_miles":23.1},"geometry":{"type":"Polygon","coordinates":[[[-87.82612269635756,40.089063088349754],[-87.77901315930771,40.07790742626518],[-87.79359920124489,40.04187366595525],[-87.84067373716508,40.05301689876378],[-87.82612269635756,40.089063088349754]]]}},{"type":"Feature","properties":{"rain":0.0,"period":"1day","row":25,"col":36,"distance_miles":25.69},"geometry":{"type":"Polygon","coordinates":[[[-87.77901315930771,40.07790742626518],[-87.73192762161901,40.0667231546427],[-87.74654860748602,40.030701850513864],[-87.79359920124489,40.04187366595525],[-87.77901315930771,40.07790742626518]]]}},{"type":"Feature","properties":{"rain":0.004,"period":"1day","row":25,"col":37,"distance_miles":28.29},"geometry":{"type":"Polygon","coordinates":[[[-87.73192762161901,40.0667231546427],[-87.68486612850674,40.05551030428932],[-87.69952200103617,40.019501483177216],[-87.74654860748602,40.030701850513864],[-87.73192762161901,40.0667231546427]]]}},{"type":"Feature","properties":{"rain":0.016,"period":"1day","row":25,"col":38,"distance_miles":30.89},"geometry":{"type":"Polygon","coordinates":[[[-87.68486612850674,40.05551030428932],[-87.63782872501032,40.04426890606296],[-87.65251942686781,40.0082725947338],[-87.69952200103617,40.019501483177216],[-87.68486612850674,40.05551030428932]]]}},{"type":"Feature","properties":{"rain":0.043,"period":"1day","row":25,"col":39,"distance_miles":33.48},"geometry":{"type":"Polygon","coordinates":[[[-87.63782872501032,40.04426890606296],[-87.59081545599312,40.03299899087224],[-87.60554092977802,39.99701521602277],[-87.65251942686781,40.0082725947338],[-87.63782872501032,40.04426890606296]]]}},{"type":"Feature","properties":{"rain":0.091,"period":"1day","row":25,"col":40,"distance_miles":36.09},"geometry":{"type":"Polygon","coordinates":[[[-87.59081545599312,40.03299899087224],[-87.54382636614254,40.021700589676236],[-87.55858655438854,39.98572937793366],[-87.60554092977802,39.99701521602277],[-87.59081545599312,40.03299899087224]]]}},{"type":"Feature","properties":{"rain":0.071,"period":"1day","row":25,"col":41,"distance_miles":38.69},"geometry":{"type":"Polygon","coordinates":[[[-87.54382636614254,40.021700589676236],[-87.49686149996987,40.010373733484165],[-87.51165634514568,39.9744151114061],[-87.55858655438854,39.98572937793366],[-87.54382636614254,40.021700589676236]]]}},{"type":"Feature","properties":{"rain":0.059,"period":"1day","row":25,"col":42,"distance_miles":41.29},"geometry":{"type":"Polygon","coordinates":[[[-87.49686149996987,40.010373733484165],[-87.44992090181039,39.99901845335515],[-87.4647503463203,39.963072447429596],[-87.51165634514568,39.9744151114061],[-87.49686149996987,40.010373733484165]]]}},{"type":"Feature","properties":{"rain":0.051,"period":"1day","row":25,"col":43,"distance_miles":43.89},"geometry":{"type":"Polygon","coordinates":[[[-87.44992090181039,39.99901845335515],[-87.40300461582318,39.98763478039796],[-87.41786860200781,39.95170141704321],[-87.4647503463203,39.963072447429596],[-87.44992090181039,39.99901845335515]]]}},{"type":"Feature","properties":{"rain":0.024,"period":"1day","row":25,"col":44,"distance_miles":46.5},"geometry":{"type":"Polygon","coordinates":[[[-87.40300461582318,39.98763478039796],[-87.35611268599122,39.97622274577068],[-87.37101115612812,39.9403020513353],[-87.41786860200781,39.95170141704321],[-87.40300461582318,39.98763478039796]]]}},{"type":"Feature","properties":{"rain":0.02,"period":"1day","row":25,"col":45,"distance_miles":49.1},"geometry":{"type":"Polygon","coordinates":[[[-87.35611268599122,39.97622274577068],[-87.30924515612135,39.964782380680546],[-87.32417805242558,39.92887438144331],[-87.37101115612812,39.9403020513353],[-87.35611268599122,39.97622274577068]]]}},{"type":"Feature","properties":{"rain":0.0,"period":"1day","row":26,"col":8,"distance_miles":47.7},"geometry":{"type":"Polygon","coordinates":[[[-89.12056657951729,40.34296907472474],[-89.07286331004336,40.33260899847843],[-89.08646182400608,40.29625752844186],[-89.1341286259057,40.30660594574057],[-89.12056657951729,40.34296907472474]]]}},{"type":"Feature","properties":{"rain":0.0,"period":"1day","row":26,"col":9,"distance_miles":45.09},"geometry":{"type":"Polygon","coordinates":[[[-89.07286331004336,40.33260899847843],[-89.02518269770316,40.32221952990271],[-89.03881762428429,40.28587974753688],[-89.08646182400608,40.29625752844186],[-89.07286331004336,40.33260899847843]]]}},{"type":"Feature","properties":{"rain":0.0,"period":"1day","row":26,"col":10,"distance_miles":42.47},"geometry":{"type":"Polygon","coordinates":[[[-89.02518269770316,40.32221952990271],[-88.97752479235201,40.31180069825985],[-88.99119607651062,40.27547263222048],[-89.03881762428429,40.28587974753688],[-89.02518269770316,40.32221952990271]]]}},{"type":"Feature","properties":{"rain":0.0,"period":"1day","row":26,"col":11,"distance_miles":39.85},"geometry":{"type":"Polygon","coordinates":[[[-88.97752479235201,40.31180069825985],[-88.92988964367215,40.30135253287019],[-88.94359723028278,40.26503621174558],[-88.99119607651062,40.27547263222048],[-88.97752479235201,40.31180069825985]]]}},{"type":"Feature","properties":{"rain":0.0,"period":"1day","row":26,"col":12,"distance_miles":37.23},"geometry":{"type":"Polygon","coordinates":[[[-88.92988964367215,40.30135253287019],[-88.8822773011725,40.2908750631119],[-88.89602113502592,40.254570515422856],[-88.94359723028278,40.26503621174558],[-88.92988964367215,40.30135253287019]]]}},{"type":"Feature","properties":{"rain":0.0,"period":"1day","row":26,"col":13,"distance_miles":34.62},"geometry":{"type":"Polygon","coordinates":[[[-88.8822773011725,40.2908750631119],[-88.83468781418857,40.28036831842075],[-88.84846783999244,40.24407557262046],[-88.89602113502592,40.254570515422856],[-88.8822773011725,40.2908750631119]]]}},{"type":"Feature","properties":{"rain":0.0,"period":"1day","row":26,"col":14,"distance_miles":32.0},"geometry":{"type":"Polygon","coordinates":[[[-88.83468781418857,40.28036831842075],[-88.78712123188242,40.269832328289795],[-88.80093739426194,40.23355141276378],[-88.84846783999244,40.24407557262046],[-88.83468781418857,40.28036831842075]]]}},{"type":"Feature","properties":{"rain":0.0,"period":"1day","row":26,"col":15,"distance_miles":29.39},"geometry":{"type":"Polygon","coordinates":[[[-88.78712123188242,40.269832328289795],[-88.73957760324252,40.25926712226913],[-88.753429846741,40.22299806533518],[-88.80093739426194,40.23355141276378],[-88.78712123188242,40.269832328289795]]]}},{"type":"Feature","properties":{"rain":0.0,"period":"1day","row":26,"col":16,"distance_miles":26.77},"geometry":{"type":"Polygon","coordinates":[[[-88.73957760324252,40.25926712226913],[-88.69205697708358,40.24867272996564],[-88.7059452461632,40.21241555987373],[-88.753429846741,40.22299806533518],[-88.73957760324252,40.25926712226913]]]}},{"type":"Feature","properties":{"rain":0.0,"period":"1day","row":26,"col":17,"distance_miles":24.15},"geometry":{"type":"Polygon","coordinates":[[[-88.69205697708358,40.24867272996564],[-88.64455940204654,40.23804918104273],[-88.65848364108895,40.20180392597491],[-88.7059452461632,40.21241555987373],[-88.69205697708358,40.24867272996564]]]}},{"type":"Feature","properties":{"rain":0.0,"period":"1day","row":26,"col":18,"distance_miles":21.54},"geometry":{"type":"Polygon","coordinates":[[[-88.64455940204654,40.23804918104273],[-88.5970849265984,40.227396505220014],[-88.61104507990541,40.191163193290365],[-88.65848364108895,40.20180392597491],[-88.64455940204654,40.23804918104273]]]}},{"type":"Feature","properties":{"rain":0.0,"period":"1day","row":26,"col":19,"distance_miles":18.92},"geometry":{"type":"Polygon","coordinates":[[[-88.5970849265984,40.227396505220014],[-88.54963359903219,40.2167147322731],[-88.56362961082638,40.1804933915277],[-88.61104507990541,40.191163193290365],[-88.5970849265984,40.227396505220014]]]}},{"type":"Feature","properties":{"rain":0.0,"period":"1day","row":26,"col":20,"distance_miles":16.31},"geometry":{"type":"Polygon","coordinates":[[[-88.54963359903219,40.2167147322731],[-88.50220546746684,40.20600389203328],[-88.51623728189222,40.169794550450085],[-88.56362961082638,40.1804933915277],[-88.54963359903219,40.2167147322731]]]}},{"type":"Feature","properties":{"rain":0.0,"period":"1day","row":26,"col":21,"distance_miles":13.7},"geometry":{"type":"Polygon","coordinates":[[[-88.50220546746684,40.20600389203328],[-88.45480057984709,40.195264014387334],[-88.46886814096975,40.1590666998761],[-88.51623728189222,40.169794550450085],[-88.50220546746684,40.20600389203328]]]}},{"type":"Feature","properties":{"rain":0.0,"period":"1day","row":26,"col":22,"distance_miles":11.08},"geometry":{"type":"Polygon","coordinates":[[[-88.45480057984709,40.195264014387334],[-88.40741898394336,40.1844951292772],[-88.42152223575219,40.14830986967942],[-88.46886814096975,40.1590666998761],[-88.45480057984709,40.195264014387334]]]}},{"type":"Feature","properties":{"rain":0.0,"period":"1day","row":26,"col":23,"distance_miles":8.47},"geometry":{"type":"Polygon","coordinates":[[[-88.40741898394336,40.1844951292772],[-88.36006072735177,40.173697266699705],[-88.37419961375903,40.13752408978862],[-88.42152223575219,40.14830986967942],[-88.40741898394336,40.1844951292772]]]}},{"type":"Feature","properties":{"rain":0.0,"period":"1day","row":26,"col":24,"distance_miles":5.86},"geometry":{"type":"Polygon","coordinates":[[[-88.36006072735177,40.173697266699705],[-88.31272585749399,40.162870456706344],[-88.32690032233596,40.12670939018674],[-88.37419961375903,40.13752408978862],[-88.36006072735177,40.173697266699705]]]}},{"type":"Feature","properties":{"rain":0.0,"period":"1day","row":26,"col":25,"distance_miles":3.26},"geometry":{"type":"Polygon","coordinates":[[[-88.31272585749399,40.162870456706344],[-88.26541442161717,40.152014729402985],[-88.27962440865484,40.11586580091122],[-88.32690032233596,40.12670939018674],[-88.31272585749399,40.162870456706344]]]}},{"type":"Feature","properties":{"rain":0.0,"period":"1day","row":26,"col":26,"distance_miles":0.75},"geometry":{"type":"Polygon","coordinates":[[[-88.26541442161717,40.152014729402985],[-88.21812646679382,40.141130114949604],[-88.23237191971353,40.10499335205352],[-88.27962440865484,40.11586580091122],[-88.26541442161717,40.152014729402985]]]}},{"type":"Feature","properties":{"rain":0.0,"period":"1day","row":26,"col":27,"distance_miles":2.04},"geometry":{"type":"Polygon","coordinates":[[[-88.21812646679382,40.141130114949604],[-88.17086203992183,40.13021664356002],[-88.18514290233593,40.094092073758866],[-88.23237191971353,40.10499335205352],[-88.21812646679382,40.141130114949604]]]}},{"type":"Feature","properties":{"rain":0.0,"period":"1day","row":26,"col":28,"distance_miles":4.63},"geometry":{"type":"Polygon","coordinates":[[[-88.17086203992183,40.13021664356002],[-88.12362118772432,40.1192743455016],[-88.13793740317179,40.08316199622601],[-88.18514290233593,40.094092073758866],[-88.17086203992183,40.13021664356002]]]}},{"type":"Feature","properties":{"rain":0.0,"period":"1day","row":26,"col":29,"distance_miles":7.23},"geometry":{"type":"Polygon","coordinates":[[[-88.12362118772432,40.1192743455016],[-88.07640395674963,40.10830325109509],[-88.09075546869676,40.07220314970695],[-88.13793740317179,40.08316199622601],[-88.12362118772432,40.1192743455016]]]}},{"type":"Feature","properties":{"rain":0.0,"period":"1day","row":26,"col":30,"distance_miles":9.84},"geometry":{"type":"Polygon","coordinates":[[[-88.07640395674963,40.10830325109509],[-88.0292103933712,40.09730339071421],[-88.04359714521219,40.06121556450666],[-88.09075546869676,40.07220314970695],[-88.07640395674963,40.10830325109509]]]}},{"type":"Feature","properties":{"rain":0.0,"period":"1day","row":26,"col":31,"distance_miles":12.45},"geometry":{"type":"Polygon","coordinates":[[[-88.0292103933712,40.09730339071421],[-87.98204054378755,40.08627479478551],[-87.99646247884517,40.05019927098284],[-88.04359714521219,40.06121556450666],[-88.0292103933712,40.09730339071421]]]}},{"type":"Feature","properties":{"rain":0.0,"period":"1day","row":26,"col":32,"distance_miles":15.06},"geometry":{"type":"Polygon","coordinates":[[[-87.98204054378755,40.08627479478551],[-87.93489445402219,40.075217493788024],[-87.94935151554853,40.03915429954565],[-87.99646247884517,40.05019927098284],[-87.98204054378755,40.08627479478551]]]}},{"type":"Feature","properties":{"rain":0.0,"period":"1day","row":26,"col":33,"distance_miles":17.67},"geometry":{"type":"Polygon","coordinates":[[[-87.93489445402219,40.075217493788024],[-87.88777216992358,40.06413151825302],[-87.90226430110053,40.0280806806574],[-87.94935151554853,40.03915429954565],[-87.93489445402219,40.075217493788024]]]}},{"type":"Feature","properties":{"rain":0.0,"period":"1day","row":26,"col":34,"distance_miles":20.29},"geometry":{"type":"Polygon","coordinates":[[[-87.88777216992358,40.06413151825302],[-87.84067373716508,40.05301689876378],[-87.85520088110509,40.01697844483234],[-87.90226430110053,40.0280806806574],[-87.88777216992358,40.06413151825302]]]}},{"type":"Feature","properties":{"rain":0.0,"period":"1day","row":26,"col":35,"distance_miles":22.9},"geometry":{"type":"Polygon","coordinates":[[[-87.84067373716508,40.05301689876378],[-87.79359920124489,40.04187366595525],[-87.80816130099157,40.00584762263639],[-87.85520088110509,40.01697844483234],[-87.84067373716508,40.05301689876378]]]}},{"type":"Feature","properties":{"rain":0.0,"period":"1day","row":26,"col":36,"distance_miles":25.51},"geometry":{"type":"Polygon","coordinates":[[[-87.79359920124489,40.04187366595525],[-87.74654860748602,40.030701850513864],[-87.76114560601476,39.99468824468685],[-87.80816130099157,40.00584762263639],[-87.79359920124489,40.04187366595525]]]}},{"type":"Feature","properties":{"rain":0.0,"period":"1day","row":26,"col":37,"distance_miles":28.12},"geometry":{"type":"Polygon","coordinates":[[[-87.74654860748602,40.030701850513864],[-87.69952200103617,40.019501483177216],[-87.71415384125491,39.98350034165211],[-87.76114560601476,39.99468824468685],[-87.74654860748602,40.030701850513864]]]}},{"type":"Feature","properties":{"rain":0.004,"period":"1day","row":26,"col":38,"distance_miles":30.73},"geometry":{"type":"Polygon","coordinates":[[[-87.69952200103617,40.019501483177216],[-87.65251942686781,40.0082725947338],[-87.66718605161749,39.972283944251444],[-87.71415384125491,39.98350034165211],[-87.69952200103617,40.019501483177216]]]}},{"type":"Feature","properties":{"rain":0.02,"period":"1day","row":26,"col":39,"distance_miles":33.34},"geometry":{"type":"Polygon","coordinates":[[[-87.65251942686781,40.0082725947338],[-87.60554092977802,39.99701521602277],[-87.62024228183337,39.96103908325473],[-87.66718605161749,39.972283944251444],[-87.65251942686781,40.0082725947338]]]}},{"type":"Feature","properties":{"rain":0.024,"period":"1day","row":26,"col":40,"distance_miles":35.95},"geometry":{"type":"Polygon","coordinates":[[[-87.60554092977802,39.99701521602277],[-87.55858655438854,39.98572937793366],[-87.57332257645868,39.949765789482164],[-87.62024228183337,39.96103908325473],[-87.60554092977802,39.99701521602277]]]}},{"type":"Feature","properties":{"rain":0.02,"period":"1day","row":26,"col":41,"distance_miles":38.56},"geometry":{"type":"Polygon","coordinates":[[[-87.55858655438854,39.98572937793366],[-87.51165634514568,39.9744151114061],[-87.52642697987474,39.93846409380398],[-87.57332257645868,39.949765789482164],[-87.55858655438854,39.98572937793366]]]}},{"type":"Feature","properties":{"rain":0.02,"period":"1day","row":26,"col":42,"distance_miles":41.17},"geometry":{"type":"Polygon","coordinates":[[[-87.51165634514568,39.9744151114061],[-87.4647503463203,39.963072447429596],[-87.47955553628809,39.927134027140234],[-87.52642697987474,39.93846409380398],[-87.51165634514568,39.9744151114061]]]}},{"type":"Feature","properties":{"rain":0.012,"period":"1day","row":26,"col":43,"distance_miles":43.78},"geometry":{"type":"Polygon","coordinates":[[[-87.4647503463203,39.963072447429596],[-87.41786860200781,39.95170141704321],[-87.43270828973043,39.915775620460494],[-87.47955553628809,39.927134027140234],[-87.4647503463203,39.963072447429596]]]}},{"type":"Feature","properties":{"rain":0.004,"period":"1day","row":26,"col":44,"distance_miles":46.39},"geometry":{"type":"Polygon","coordinates":[[[-87.41786860200781,39.95170141704321],[-87.37101115612812,39.9403020513353],[-87.3858852840586,39.904388904783595],[-87.43270828973043,39.915775620460494],[-87.41786860200781,39.95170141704321]]]}},{"type":"Feature","properties":{"rain":0.0,"period":"1day","row":26,"col":45,"distance_miles":49.0},"geometry":{"type":"Polygon","coordinates":[[[-87.37101115612812,39.9403020513353],[-87.32417805242558,39.92887438144331],[-87.33908656295458,39.89297391117738],[-87.3858852840586,39.904388904783595],[-87.37101115612812,39.9403020513353]]]}},{"type":"Feature","properties":{"rain":0.0,"period":"1day","row":27,"col":8,"distance_miles":47.75},"geometry":{"type":"Polygon","coordinates":[[[-89.1341286259057,40.30660594574057],[-89.08646182400608,40.29625752844186],[-89.10003773576223,40.25991428055192],[-89.14766812003018,40.27025105675914],[-89.1341286259057,40.30660594574057]]]}},{"type":"Feature","properties":{"rain":0.0,"period":"1day","row":27,"col":9,"distance_miles":45.13},"geometry":{"type":"Polygon","coordinates":[[[-89.08646182400608,40.29625752844186],[-89.03881762428429,40.28587974753688],[-89.05242989888862,40.24954816943049],[-89.10003773576223,40.25991428055192],[-89.08646182400608,40.29625752844186]]]}},{"type":"Feature","properties":{"rain":0.0,"period":"1day","row":27,"col":10,"distance_miles":42.52},"geometry":{"type":"Polygon","coordinates":[[[-89.03881762428429,40.28587974753688],[-88.99119607651062,40.27547263222048],[-89.0048446590946,40.239152752522564],[-89.05242989888862,40.24954816943049],[-89.03881762428429,40.28587974753688]]]}},{"type":"Feature","properties":{"rain":0.0,"period":"1day","row":27,"col":11,"distance_miles":39.91},"geometry":{"type":"Polygon","coordinates":[[[-88.99119607651062,40.27547263222048],[-88.94359723028278,40.26503621174558],[-88.95728206589362,40.22872805901384],[-89.0048446590946,40.239152752522564],[-88.99119607651062,40.27547263222048]]]}},{"type":"Feature","properties":{"rain":0.0,"period":"1day","row":27,"col":12,"distance_miles":37.3},"geometry":{"type":"Polygon","coordinates":[[[-88.94359723028278,40.26503621174558],[-88.89602113502592,40.254570515422856],[-88.90974216862715,40.218274118147626],[-88.95728206589362,40.22872805901384],[-88.94359723028278,40.26503621174558]]]}},{"type":"Feature","properties":{"rain":0.0,"period":"1day","row":27,"col":13,"distance_miles":34.68},"geometry":{"type":"Polygon","coordinates":[[[-88.89602113502592,40.254570515422856],[-88.84846783999244,40.24407557262046],[-88.86222501646455,40.2077909592247],[-88.90974216862715,40.218274118147626],[-88.89602113502592,40.254570515422856]]]}},{"type":"Feature","properties":{"rain":0.0,"period":"1day","row":27,"col":14,"distance_miles":32.07},"geometry":{"type":"Polygon","coordinates":[[[-88.84846783999244,40.24407557262046],[-88.80093739426194,40.23355141276378],[-88.81473065840304,40.197278611603004],[-88.86222501646455,40.2077909592247],[-88.84846783999244,40.24407557262046]]]}},{"type":"Feature","properties":{"rain":0.0,"period":"1day","row":27,"col":15,"distance_miles":29.46},"geometry":{"type":"Polygon","coordinates":[[[-88.80093739426194,40.23355141276378],[-88.753429846741,40.22299806533518],[-88.7672591432675,40.18673710469731],[-88.81473065840304,40.197278611603004],[-88.80093739426194,40.23355141276378]]]}},{"type":"Feature","properties":{"rain":0.0,"period":"1day","row":27,"col":16,"distance_miles":26.86},"geometry":{"type":"Polygon","coordinates":[[[-88.753429846741,40.22299806533518],[-88.7059452461632,40.21241555987373],[-88.7198105197104,40.17616646797906],[-88.7672591432675,40.18673710469731],[-88.753429846741,40.22299806533518]]]}},{"type":"Feature","properties":{"rain":0.0,"period":"1day","row":27,"col":17,"distance_miles":24.25},"geometry":{"type":"Polygon","coordinates":[[[-88.7059452461632,40.21241555987373],[-88.65848364108895,40.20180392597491],[-88.67238483621179,40.16556673097605],[-88.7198105197104,40.17616646797906],[-88.7059452461632,40.21241555987373]]]}},{"type":"Feature","properties":{"rain":0.0,"period":"1day","row":27,"col":18,"distance_miles":21.65},"geometry":{"type":"Polygon","coordinates":[[[-88.65848364108895,40.20180392597491],[-88.61104507990541,40.191163193290365],[-88.62498214107902,40.15493792327218],[-88.67238483621179,40.16556673097605],[-88.65848364108895,40.20180392597491]]]}},{"type":"Feature","properties":{"rain":0.0,"period":"1day","row":27,"col":19,"distance_miles":19.05},"geometry":{"type":"Polygon","coordinates":[[[-88.61104507990541,40.191163193290365],[-88.56362961082638,40.1804933915277],[-88.57760248244676,40.144280074507144],[-88.62498214107902,40.15493792327218],[-88.61104507990541,40.191163193290365]]]}},{"type":"Feature","properties":{"rain":0.0,"period":"1day","row":27,"col":20,"distance_miles":16.45},"geometry":{"type":"Polygon","coordinates":[[[-88.56362961082638,40.1804933915277],[-88.51623728189222,40.169794550450085],[-88.53024590827695,40.133593214376255],[-88.57760248244676,40.144280074507144],[-88.56362961082638,40.1804933915277]]]}},{"type":"Feature","properties":{"rain":0.0,"period":"1day","row":27,"col":21,"distance_miles":13.87},"geometry":{"type":"Polygon","coordinates":[[[-88.51623728189222,40.169794550450085],[-88.46886814096975,40.1590666998761],[-88.48291246635858,40.12287737263007],[-88.53024590827695,40.133593214376255],[-88.51623728189222,40.169794550450085]]]}},{"type":"Feature","properties":{"rain":0.0,"period":"1day","row":27,"col":22,"distance_miles":11.29},"geometry":{"type":"Polygon","coordinates":[[[-88.46886814096975,40.1590666998761],[-88.42152223575219,40.14830986967942],[-88.43560220430766,40.11213257907426],[-88.48291246635858,40.12287737263007],[-88.46886814096975,40.1590666998761]]]}},{"type":"Feature","properties":{"rain":0.0,"period":"1day","row":27,"col":23,"distance_miles":8.74},"geometry":{"type":"Polygon","coordinates":[[[-88.42152223575219,40.14830986967942],[-88.37419961375903,40.13752408978862],[-88.38831516956719,40.1013588635692],[-88.43560220430766,40.11213257907426],[-88.42152223575219,40.14830986967942]]]}},{"type":"Feature","properties":{"rain":0.0,"period":"1day","row":27,"col":24,"distance_miles":6.24},"geometry":{"type":"Polygon","coordinates":[[[-88.37419961375903,40.13752408978862],[-88.32690032233596,40.12670939018674],[-88.34105140940699,40.09055625602979],[-88.38831516956719,40.1013588635692],[-88.37419961375903,40.13752408978862]]]}},{"type":"Feature","properties":{"rain":0.0,"period":"1day","row":27,"col":25,"distance_miles":3.9},"geometry":{"type":"Polygon","coordinates":[[[-88.32690032233596,40.12670939018674],[-88.27962440865484,40.11586580091122],[-88.29381097092367,40.07972478642521],[-88.34105140940699,40.09055625602979],[-88.32690032233596,40.12670939018674]]]}},{"type":"Feature","properties":{"rain":0.0,"period":"1day","row":27,"col":26,"distance_miles":2.27},"geometry":{"type":"Polygon","coordinates":[[[-88.27962440865484,40.11586580091122],[-88.23237191971353,40.10499335205352],[-88.24659390104054,40.068864484778565],[-88.29381097092367,40.07972478642521],[-88.27962440865484,40.11586580091122]]]}},{"type":"Feature","properties":{"rain":0.0,"period":"1day","row":27,"col":27,"distance_miles":2.95},"geometry":{"type":"Polygon","coordinates":[[[-88.23237191971353,40.10499335205352],[-88.18514290233593,40.094092073758866],[-88.19940024650754,40.057975381166735],[-88.24659390104054,40.068864484778565],[-88.23237191971353,40.10499335205352]]]}},{"type":"Feature","properties":{"rain":0.0,"period":"1day","row":27,"col":28,"distance_miles":5.09},"geometry":{"type":"Polygon","coordinates":[[[-88.18514290233593,40.094092073758866],[-88.13793740317179,40.08316199622601],[-88.15223005390114,40.04705750572],[-88.19940024650754,40.057975381166735],[-88.18514290233593,40.094092073758866]]]}},{"type":"Feature","properties":{"rain":0.0,"period":"1day","row":27,"col":29,"distance_miles":7.54},"geometry":{"type":"Polygon","coordinates":[[[-88.13793740317179,40.08316199622601],[-88.09075546869676,40.07220314970695],[-88.10508336962435,40.03611088862184],[-88.15223005390114,40.04705750572],[-88.13793740317179,40.08316199622601]]]}},{"type":"Feature","properties":{"rain":0.0,"period":"1day","row":27,"col":30,"distance_miles":10.06},"geometry":{"type":"Polygon","coordinates":[[[-88.09075546869676,40.07220314970695],[-88.04359714521219,40.06121556450666],[-88.05796023990654,40.02513556010865],[-88.10508336962435,40.03611088862184],[-88.09075546869676,40.07220314970695]]]}},{"type":"Feature","properties":{"rain":0.0,"period":"1day","row":27,"col":31,"distance_miles":12.63},"geometry":{"type":"Polygon","coordinates":[[[-88.04359714521219,40.06121556450666],[-87.99646247884517,40.05019927098284],[-88.01086071080344,40.01413155046951],[-88.05796023990654,40.02513556010865],[-88.04359714521219,40.06121556450666]]]}},{"type":"Feature","properties":{"rain":0.0,"period":"1day","row":27,"col":32,"distance_miles":15.21},"geometry":{"type":"Polygon","coordinates":[[[-87.99646247884517,40.05019927098284],[-87.94935151554853,40.03915429954565],[-87.96378482819712,40.003098890045855],[-88.01086071080344,40.01413155046951],[-87.99646247884517,40.05019927098284]]]}},{"type":"Feature","properties":{"rain":0.0,"period":"1day","row":27,"col":33,"distance_miles":17.8},"geometry":{"type":"Polygon","coordinates":[[[-87.94935151554853,40.03915429954565],[-87.90226430110053,40.0280806806574],[-87.91673263779585,39.99203760923127],[-87.96378482819712,40.003098890045855],[-87.94935151554853,40.03915429954565]]]}},{"type":"Feature","properties":{"rain":0.0,"period":"1day","row":27,"col":34,"distance_miles":20.39},"geometry":{"type":"Polygon","coordinates":[[[-87.90226430110053,40.0280806806574],[-87.85520088110509,40.01697844483234],[-87.86970418513407,39.98094773847117],[-87.91673263779585,39.99203760923127],[-87.90226430110053,40.0280806806574]]]}},{"type":"Feature","properties":{"rain":0.0,"period":"1day","row":27,"col":35,"distance_miles":22.99},"geometry":{"type":"Polygon","coordinates":[[[-87.85520088110509,40.01697844483234],[-87.80816130099157,40.00584762263639],[-87.82269951557241,39.9698293082626],[-87.86970418513407,39.98094773847117],[-87.85520088110509,40.01697844483234]]]}},{"type":"Feature","properties":{"rain":0.0,"period":"1day","row":27,"col":36,"distance_miles":25.59},"geometry":{"type":"Polygon","coordinates":[[[-87.80816130099157,40.00584762263639],[-87.76114560601476,39.99468824468685],[-87.77571867429751,39.95868234915392],[-87.82269951557241,39.9698293082626],[-87.80816130099157,40.00584762263639]]]}},{"type":"Feature","properties":{"rain":0.0,"period":"1day","row":27,"col":37,"distance_miles":28.19},"geometry":{"type":"Polygon","coordinates":[[[-87.76114560601476,39.99468824468685],[-87.71415384125491,39.98350034165211],[-87.72876170632205,39.94750689174457],[-87.77571867429751,39.95868234915392],[-87.76114560601476,39.99468824468685]]]}},{"type":"Feature","properties":{"rain":0.0,"period":"1day","row":27,"col":38,"distance_miles":30.79},"geometry":{"type":"Polygon","coordinates":[[[-87.71415384125491,39.98350034165211],[-87.66718605161749,39.972283944251444],[-87.68182865648474,39.93630296668478],[-87.72876170632205,39.94750689174457],[-87.71415384125491,39.98350034165211]]]}},{"type":"Feature","properties":{"rain":0.004,"period":"1day","row":27,"col":39,"distance_miles":33.4},"geometry":{"type":"Polygon","coordinates":[[[-87.66718605161749,39.972283944251444],[-87.62024228183337,39.96103908325473],[-87.63491956945019,39.92507060467531],[-87.68182865648474,39.93630296668478],[-87.66718605161749,39.972283944251444]]]}},{"type":"Feature","properties":{"rain":0.012,"period":"1day","row":27,"col":40,"distance_miles":36.0},"geometry":{"type":"Polygon","coordinates":[[[-87.62024228183337,39.96103908325473],[-87.57332257645868,39.949765789482164],[-87.58803448970895,39.91380983646722],[-87.63491956945019,39.92507060467531],[-87.62024228183337,39.96103908325473]]]}},{"type":"Feature","properties":{"rain":0.004,"period":"1day","row":27,"col":41,"distance_miles":38.61},"geometry":{"type":"Polygon","coordinates":[[[-87.57332257645868,39.949765789482164],[-87.52642697987474,39.93846409380398],[-87.54117346157737,39.90252069286156],[-87.58803448970895,39.91380983646722],[-87.57332257645868,39.949765789482164]]]}},{"type":"Feature","properties":{"rain":0.0,"period":"1day","row":27,"col":42,"distance_miles":41.21},"geometry":{"type":"Polygon","coordinates":[[[-87.52642697987474,39.93846409380398],[-87.47955553628809,39.927134027140234],[-87.49433652919774,39.89120320470911],[-87.54117346157737,39.90252069286156],[-87.52642697987474,39.93846409380398]]]}},{"type":"Feature","properties":{"rain":0.0,"period":"1day","row":27,"col":43,"distance_miles":43.82},"geometry":{"type":"Polygon","coordinates":[[[-87.47955553628809,39.927134027140234],[-87.43270828973043,39.915775620460494],[-87.44752373653806,39.87985740291015],[-87.49433652919774,39.89120320470911],[-87.47955553628809,39.927134027140234]]]}},{"type":"Feature","properties":{"rain":0.004,"period":"1day","row":27,"col":44,"distance_miles":46.42},"geometry":{"type":"Polygon","coordinates":[[[-87.43270828973043,39.915775620460494],[-87.3858852840586,39.904388904783595],[-87.40073512739215,39.868483318414185],[-87.44752373653806,39.87985740291015],[-87.43270828973043,39.915775620460494]]]}},{"type":"Feature","properties":{"rain":0.0,"period":"1day","row":27,"col":45,"distance_miles":49.03},"geometry":{"type":"Polygon","coordinates":[[[-87.3858852840586,39.904388904783595],[-87.33908656295458,39.89297391117738],[-87.35397074537957,39.85708098221964],[-87.40073512739215,39.868483318414185],[-87.3858852840586,39.904388904783595]]]}},{"type":"Feature","properties":{"rain":0.0,"period":"1day","row":28,"col":8,"distance_miles":47.94},"geometry":{"type":"Polygon","coordinates":[[[-89.14766812003018,40.27025105675914],[-89.10003773576223,40.25991428055192],[-89.1135911000954,40.22357926569577],[-89.16118511658873,40.23390441862979],[-89.14766812003018,40.27025105675914]]]}},{"type":"Feature","properties":{"rain":0.0,"period":"1day","row":28,"col":9,"distance_miles":45.33},"geometry":{"type":"Polygon","coordinates":[[[-89.10003773576223,40.25991428055192],[-89.05242989888862,40.24954816943049],[-89.06601957638465,40.21322480650863],[-89.1135911000954,40.22357926569577],[-89.10003773576223,40.25991428055192]]]}},{"type":"Feature","properties":{"rain":0.0,"period":"1day","row":28,"col":10,"distance_miles":42.73},"geometry":{"type":"Polygon","coordinates":[[[-89.05242989888862,40.24954816943049],[-89.0048446590946,40.239152752522564],[-89.01847059505687,40.202841070129104],[-89.06601957638465,40.21322480650863],[-89.05242989888862,40.24954816943049]]]}},{"type":"Feature","properties":{"rain":0.0,"period":"1day","row":28,"col":11,"distance_miles":40.13},"geometry":{"type":"Polygon","coordinates":[[[-89.0048446590946,40.239152752522564],[-88.95728206589362,40.22872805901384],[-88.97094420554129,40.19242808567584],[-89.01847059505687,40.202841070129104],[-89.0048446590946,40.239152752522564]]]}},{"type":"Feature","properties":{"rain":0.0,"period":"1day","row":28,"col":12,"distance_miles":37.54},"geometry":{"type":"Polygon","coordinates":[[[-88.95728206589362,40.22872805901384],[-88.90974216862715,40.218274118147626],[-88.9234404570958,40.18198588232505],[-88.97094420554129,40.19242808567584],[-88.95728206589362,40.22872805901384]]]}},{"type":"Feature","properties":{"rain":0.0,"period":"1day","row":28,"col":13,"distance_miles":34.95},"geometry":{"type":"Polygon","coordinates":[[[-88.90974216862715,40.218274118147626],[-88.86222501646455,40.2077909592247],[-88.87595939880687,40.1715144893103],[-88.9234404570958,40.18198588232505],[-88.90974216862715,40.218274118147626]]]}},{"type":"Feature","properties":{"rain":0.0,"period":"1day","row":28,"col":14,"distance_miles":32.36},"geometry":{"type":"Polygon","coordinates":[[[-88.86222501646455,40.2077909592247],[-88.81473065840304,40.197278611603004],[-88.82850107958942,40.16101393592222],[-88.87595939880687,40.1715144893103],[-88.86222501646455,40.2077909592247]]]}},{"type":"Feature","properties":{"rain":0.0,"period":"1day","row":28,"col":15,"distance_miles":29.77},"geometry":{"type":"Polygon","coordinates":[[[-88.81473065840304,40.197278611603004],[-88.7672591432675,40.18673710469731],[-88.78106554818676,40.15048425150825],[-88.82850107958942,40.16101393592222],[-88.81473065840304,40.197278611603004]]]}},{"type":"Feature","properties":{"rain":0.0,"period":"1day","row":28,"col":16,"distance_miles":27.19},"geometry":{"type":"Polygon","coordinates":[[[-88.7672591432675,40.18673710469731],[-88.7198105197104,40.17616646797906],[-88.73365285317037,40.13992546547241],[-88.78106554818676,40.15048425150825],[-88.7672591432675,40.18673710469731]]]}},{"type":"Feature","properties":{"rain":0.0,"period":"1day","row":28,"col":17,"distance_miles":24.62},"geometry":{"type":"Polygon","coordinates":[[[-88.7198105197104,40.17616646797906],[-88.67238483621179,40.16556673097605],[-88.68626304293998,40.12933760727498],[-88.73365285317037,40.13992546547241],[-88.7198105197104,40.17616646797906]]]}},{"type":"Feature","properties":{"rain":0.0,"period":"1day","row":28,"col":18,"distance_miles":22.06},"geometry":{"type":"Polygon","coordinates":[[[-88.67238483621179,40.16556673097605],[-88.62498214107902,40.15493792327218],[-88.63889616572328,40.118720706432256],[-88.68626304293998,40.12933760727498],[-88.67238483621179,40.16556673097605]]]}},{"type":"Feature","properties":{"rain":0.0,"period":"1day","row":28,"col":19,"distance_miles":19.52},"geometry":{"type":"Polygon","coordinates":[[[-88.62498214107902,40.15493792327218],[-88.57760248244676,40.144280074507144],[-88.59155226957591,40.10807479251633],[-88.63889616572328,40.118720706432256],[-88.62498214107902,40.15493792327218]]]}},{"type":"Feature","properties":{"rain":0.0,"period":"1day","row":28,"col":20,"distance_miles":17.0},"geometry":{"type":"Polygon","coordinates":[[[-88.57760248244676,40.144280074507144],[-88.53024590827695,40.133593214376255],[-88.54423140238143,40.09739989515473],[-88.59155226957591,40.10807479251633],[-88.57760248244676,40.144280074507144]]]}},{"type":"Feature","properties":{"rain":0.0,"period":"1day","row":28,"col":21,"distance_miles":14.51},"geometry":{"type":"Polygon","coordinates":[[[-88.53024590827695,40.133593214376255],[-88.48291246635858,40.12287737263007],[-88.49693361185109,40.086696044030305],[-88.54423140238143,40.09739989515473],[-88.53024590827695,40.133593214376255]]]}},{"type":"Feature","properties":{"rain":0.0,"period":"1day","row":28,"col":22,"distance_miles":12.07},"geometry":{"type":"Polygon","coordinates":[[[-88.48291246635858,40.12287737263007],[-88.43560220430766,40.11213257907426],[-88.44965894552384,40.075963268880784],[-88.49693361185109,40.086696044030305],[-88.48291246635858,40.12287737263007]]]}},{"type":"Feature","properties":{"rain":0.0,"period":"1day","row":28,"col":23,"distance_miles":9.73},"geometry":{"type":"Polygon","coordinates":[[[-88.43560220430766,40.11213257907426],[-88.38831516956719,40.1013588635692],[-88.4024074507662,40.06520159949865],[-88.44965894552384,40.075963268880784],[-88.43560220430766,40.11213257907426]]]}},{"type":"Feature","properties":{"rain":0.0,"period":"1day","row":28,"col":24,"distance_miles":7.56},"geometry":{"type":"Polygon","coordinates":[[[-88.38831516956719,40.1013588635692],[-88.34105140940699,40.09055625602979],[-88.35517917477225,40.05441106573082],[-88.4024074507662,40.06520159949865],[-88.38831516956719,40.1013588635692]]]}},{"type":"Feature","properties":{"rain":0.0,"period":"1day","row":28,"col":25,"distance_miles":5.78},"geometry":{"type":"Polygon","coordinates":[[[-88.34105140940699,40.09055625602979],[-88.29381097092367,40.07972478642521],[-88.30797416456342,40.043591697478384],[-88.35517917477225,40.05441106573082],[-88.34105140940699,40.09055625602979]]]}},{"type":"Feature","properties":{"rain":0.0,"period":"1day","row":28,"col":26,"distance_miles":4.82},"geometry":{"type":"Polygon","coordinates":[[[-88.29381097092367,40.07972478642521],[-88.24659390104054,40.068864484778565],[-88.2607924669885,40.032743524696336],[-88.30797416456342,40.043591697478384],[-88.29381097092367,40.07972478642521]]]}},{"type":"Feature","properties":{"rain":0.0,"period":"1day","row":28,"col":27,"distance_miles":5.18},"geometry":{"type":"Polygon","coordinates":[[[-88.24659390104054,40.068864484778565],[-88.19940024650754,40.057975381166735],[-88.21363412872361,40.02186657739335],[-88.2607924669885,40.032743524696336],[-88.24659390104054,40.068864484778565]]]}},{"type":"Feature","properties":{"rain":0.0,"period":"1day","row":28,"col":28,"distance_miles":6.63},"geometry":{"type":"Polygon","coordinates":[[[-88.19940024650754,40.057975381166735],[-88.15223005390114,40.04705750572],[-88.16649919627197,40.01096088563142],[-88.21363412872361,40.02186657739335],[-88.19940024650754,40.057975381166735]]]}},{"type":"Feature","properties":{"rain":0.0,"period":"1day","row":28,"col":29,"distance_miles":8.65},"geometry":{"type":"Polygon","coordinates":[[[-88.15223005390114,40.04705750572],[-88.10508336962435,40.03611088862184],[-88.11938771596402,40.000026479525765],[-88.16649919627197,40.01096088563142],[-88.15223005390114,40.04705750572]]]}},{"type":"Feature","properties":{"rain":0.0,"period":"1day","row":28,"col":30,"distance_miles":10.92},"geometry":{"type":"Polygon","coordinates":[[[-88.10508336962435,40.03611088862184],[-88.05796023990654,40.02513556010865],[-88.0722997339572,39.98906338924437],[-88.11938771596402,40.000026479525765],[-88.10508336962435,40.03611088862184]]]}},{"type":"Feature","properties":{"rain":0.0,"period":"1day","row":28,"col":31,"distance_miles":13.32},"geometry":{"type":"Polygon","coordinates":[[[-88.05796023990654,40.02513556010865],[-88.01086071080344,40.01413155046951],[-88.02523529623596,39.97807164500785],[-88.0722997339572,39.98906338924437],[-88.05796023990654,40.02513556010865]]]}},{"type":"Feature","properties":{"rain":0.0,"period":"1day","row":28,"col":32,"distance_miles":15.78},"geometry":{"type":"Polygon","coordinates":[[[-88.01086071080344,40.01413155046951],[-87.96378482819712,40.003098890045855],[-87.97819444861169,39.96705127708917],[-88.02523529623596,39.97807164500785],[-88.01086071080344,40.01413155046951]]]}},{"type":"Feature","properties":{"rain":0.0,"period":"1day","row":28,"col":33,"distance_miles":18.29},"geometry":{"type":"Polygon","coordinates":[[[-87.96378482819712,40.003098890045855],[-87.91673263779585,39.99203760923127],[-87.93117723672266,39.95600231581331],[-87.97819444861169,39.96705127708917],[-87.96378482819712,40.003098890045855]]]}},{"type":"Feature","properties":{"rain":0.0,"period":"1day","row":28,"col":34,"distance_miles":20.82},"geometry":{"type":"Polygon","coordinates":[[[-87.91673263779585,39.99203760923127],[-87.86970418513407,39.98094773847117],[-87.88418370603398,39.94492479155712],[-87.93117723672266,39.95600231581331],[-87.91673263779585,39.99203760923127]]]}},{"type":"Feature","properties":{"rain":0.0,"period":"1day","row":28,"col":35,"distance_miles":23.37},"geometry":{"type":"Polygon","coordinates":[[[-87.86970418513407,39.98094773847117],[-87.82269951557241,39.9698293082626],[-87.83721390183749,39.933818734748925],[-87.88418370603398,39.94492479155712],[-87.86970418513407,39.98094773847117]]]}},{"type":"Feature","properties":{"rain":0.0,"period":"1day","row":28,"col":36,"distance_miles":25.93},"geometry":{"type":"Polygon","coordinates":[[[-87.82269951557241,39.9698293082626],[-87.77571867429751,39.95868234915392],[-87.79026786925178,39.92268417586836],[-87.83721390183749,39.933818734748925],[-87.82269951557241,39.9698293082626]]]}},{"type":"Feature","properties":{"rain":0.0,"period":"1day","row":28,"col":37,"distance_miles":28.5},"geometry":{"type":"Polygon","coordinates":[[[-87.77571867429751,39.95868234915392],[-87.72876170632205,39.94750689174457],[-87.74334565322205,39.91152114544606],[-87.79026786925178,39.92268417586836],[-87.77571867429751,39.95868234915392]]]}},{"type":"Feature","properties":{"rain":0.0,"period":"1day","row":28,"col":38,"distance_miles":31.08},"geometry":{"type":"Polygon","coordinates":[[[-87.72876170632205,39.94750689174457],[-87.68182865648474,39.93630296668478],[-87.69644729852021,39.900329674063435],[-87.74334565322205,39.91152114544606],[-87.72876170632205,39.94750689174457]]]}},{"type":"Feature","properties":{"rain":0.0,"period":"1day","row":28,"col":39,"distance_miles":33.66},"geometry":{"type":"Polygon","coordinates":[[[-87.68182865648474,39.93630296668478],[-87.63491956945019,39.92507060467531],[-87.64957284974467,39.889109792352336],[-87.69644729852021,39.900329674063435],[-87.68182865648474,39.93630296668478]]]}},{"type":"Feature","properties":{"rain":0.0,"period":"1day","row":28,"col":40,"distance_miles":36.24},"geometry":{"type":"Polygon","coordinates":[[[-87.63491956945019,39.92507060467531],[-87.58803448970895,39.91380983646722],[-87.60272235132047,39.87786153099484],[-87.64957284974467,39.889109792352336],[-87.63491956945019,39.92507060467531]]]}},{"type":"Feature","properties":{"rain":0.0,"period":"1day","row":28,"col":41,"distance_miles":38.83},"geometry":{"type":"Polygon","coordinates":[[[-87.58803448970895,39.91380983646722],[-87.54117346157737,39.90252069286156],[-87.55589584749904,39.866584920723035],[-87.60272235132047,39.87786153099484],[-87.58803448970895,39.91380983646722]]]}},{"type":"Feature","properties":{"rain":0.0,"period":"1day","row":28,"col":42,"distance_miles":41.42},"geometry":{"type":"Polygon","coordinates":[[[-87.54117346157737,39.90252069286156],[-87.49433652919774,39.89120320470911],[-87.50909338235839,39.85527999231863],[-87.55589584749904,39.866584920723035],[-87.54117346157737,39.90252069286156]]]}},{"type":"Feature","properties":{"rain":0.0,"period":"1day","row":28,"col":43,"distance_miles":44.01},"geometry":{"type":"Polygon","coordinates":[[[-87.49433652919774,39.89120320470911],[-87.44752373653806,39.87985740291015],[-87.46231499980289,39.843946776612796],[-87.50909338235839,39.85527999231863],[-87.49433652919774,39.89120320470911]]]}},{"type":"Feature","properties":{"rain":0.0,"period":"1day","row":28,"col":44,"distance_miles":46.61},"geometry":{"type":"Polygon","coordinates":[[[-87.44752373653806,39.87985740291015],[-87.40073512739215,39.868483318414185],[-87.41556074356332,39.832585304485875],[-87.46231499980289,39.843946776612796],[-87.44752373653806,39.87985740291015]]]}},{"type":"Feature","properties":{"rain":0.0,"period":"1day","row":28,"col":45,"distance_miles":49.2},"geometry":{"type":"Polygon","coordinates":[[[-87.40073512739215,39.868483318414185],[-87.35397074537957,39.85708098221964],[-87.36883065719692,39.82119560686712],[-87.41556074356332,39.832585304485875],[-87.40073512739215,39.868483318414185]]]}},{"type":"Feature","properties":{"rain":0.0,"period":"1day","row":29,"col":8,"distance_miles":48.27},"geometry":{"type":"Polygon","coordinates":[[[-89.16118511658873,40.23390441862979],[-89.1135911000954,40.22357926569577],[-89.12712197161751,40.1872524947246],[-89.17467967010771,40.197566042165974],[-89.16118511658873,40.23390441862979]]]}},{"type":"Feature","properties":{"rain":0.0,"period":"1day","row":29,"col":9,"distance_miles":45.68},"geometry":{"type":"Polygon","coordinates":[[[-89.1135911000954,40.22357926569577],[-89.06601957638465,40.21322480650863],[-89.07958671146919,40.17690966966023],[-89.12712197161751,40.1872524947246],[-89.1135911000954,40.22357926569577]]]}},{"type":"Feature","properties":{"rain":0.0,"period":"1day","row":29,"col":10,"distance_miles":43.1},"geometry":{"type":"Polygon","coordinates":[[[-89.06601957638465,40.21322480650863],[-89.01847059505687,40.202841070129104],[-89.03207393917842,40.166537595966844],[-89.07958671146919,40.17690966966023],[-89.06601957638465,40.21322480650863]]]}},{"type":"Feature","properties":{"rain":0.0,"period":"1day","row":29,"col":11,"distance_miles":40.53},"geometry":{"type":"Polygon","coordinates":[[[-89.01847059505687,40.202841070129104],[-88.97094420554129,40.19242808567584],[-88.98458370409031,40.15613630269618],[-89.03207393917842,40.166537595966844],[-89.01847059505687,40.202841070129104]]]}},{"type":"Feature","properties":{"rain":0.0,"period":"1day","row":29,"col":12,"distance_miles":37.96},"geometry":{"type":"Polygon","coordinates":[[[-88.97094420554129,40.19242808567584],[-88.9234404570958,40.18198588232505],[-88.9371160553793,40.145705818957545],[-88.98458370409031,40.15613630269618],[-88.97094420554129,40.19242808567584]]]}},{"type":"Feature","properties":{"rain":0.0,"period":"1day","row":29,"col":13,"distance_miles":35.4},"geometry":{"type":"Polygon","coordinates":[[[-88.9234404570958,40.18198588232505],[-88.87595939880687,40.1715144893103],[-88.88967104204909,40.135246173917494],[-88.9371160553793,40.145705818957545],[-88.9234404570958,40.18198588232505]]]}},{"type":"Feature","properties":{"rain":0.0,"period":"1day","row":29,"col":14,"distance_miles":32.84},"geometry":{"type":"Polygon","coordinates":[[[-88.87595939880687,40.1715144893103],[-88.82850107958942,40.16101393592222],[-88.84224871293242,40.12475739679956],[-88.88967104204909,40.135246173917494],[-88.87595939880687,40.1715144893103]]]}},{"type":"Feature","properties":{"rain":0.0,"period":"1day","row":29,"col":15,"distance_miles":30.3},"geometry":{"type":"Polygon","coordinates":[[[-88.82850107958942,40.16101393592222],[-88.78106554818676,40.15048425150825],[-88.79484911669108,40.114239516884034],[-88.84224871293242,40.12475739679956],[-88.82850107958942,40.16101393592222]]]}},{"type":"Feature","properties":{"rain":0.0,"period":"1day","row":29,"col":16,"distance_miles":27.77},"geometry":{"type":"Polygon","coordinates":[[[-88.78106554818676,40.15048425150825],[-88.73365285317037,40.13992546547241],[-88.74747230181572,40.10369256350768],[-88.79484911669108,40.114239516884034],[-88.78106554818676,40.15048425150825]]]}},{"type":"Feature","properties":{"rain":0.0,"period":"1day","row":29,"col":17,"distance_miles":25.26},"geometry":{"type":"Polygon","coordinates":[[[-88.73365285317037,40.13992546547241],[-88.68626304293998,40.12933760727498],[-88.7001183166258,40.09311656606347],[-88.74747230181572,40.10369256350768],[-88.73365285317037,40.13992546547241]]]}},{"type":"Feature","properties":{"rain":0.0,"period":"1day","row":29,"col":18,"distance_miles":22.77},"geometry":{"type":"Polygon","coordinates":[[[-88.68626304293998,40.12933760727498],[-88.63889616572328,40.118720706432256],[-88.65278720926949,40.08251155400034],[-88.7001183166258,40.09311656606347],[-88.68626304293998,40.12933760727498]]]}},{"type":"Feature","properties":{"rain":0.0,"period":"1day","row":29,"col":19,"distance_miles":20.32},"geometry":{"type":"Polygon","coordinates":[[[-88.63889616572328,40.118720706432256],[-88.59155226957591,40.10807479251633],[-88.60547902772349,40.071877556822905],[-88.65278720926949,40.08251155400034],[-88.63889616572328,40.118720706432256]]]}},{"type":"Feature","properties":{"rain":0.0,"period":"1day","row":29,"col":20,"distance_miles":17.91},"geometry":{"type":"Polygon","coordinates":[[[-88.59155226957591,40.10807479251633],[-88.54423140238143,40.09739989515473],[-88.55819381979303,40.06121460409118],[-88.60547902772349,40.071877556822905],[-88.59155226957591,40.10807479251633]]]}},{"type":"Feature","properties":{"rain":0.0,"period":"1day","row":29,"col":21,"distance_miles":15.56},"geometry":{"type":"Polygon","coordinates":[[[-88.54423140238143,40.09739989515473],[-88.49693361185109,40.086696044030305],[-88.51093163311177,40.05052272542039],[-88.55819381979303,40.06121460409118],[-88.54423140238143,40.09739989515473]]]}},{"type":"Feature","properties":{"rain":0.0,"period":"1day","row":29,"col":22,"distance_miles":13.32},"geometry":{"type":"Polygon","coordinates":[[[-88.49693361185109,40.086696044030305],[-88.44965894552384,40.075963268880784],[-88.46369251514163,40.039801950480616],[-88.51093163311177,40.05052272542039],[-88.49693361185109,40.086696044030305]]]}},{"type":"Feature","properties":{"rain":0.0,"period":"1day","row":29,"col":23,"distance_miles":11.24},"geometry":{"type":"Polygon","coordinates":[[[-88.44965894552384,40.075963268880784],[-88.4024074507662,40.06520159949865],[-88.41647651317281,40.02905230899659],[-88.46369251514163,40.039801950480616],[-88.44965894552384,40.075963268880784]]]}},{"type":"Feature","properties":{"rain":0.0,"period":"1day","row":29,"col":24,"distance_miles":9.43},"geometry":{"type":"Polygon","coordinates":[[[-88.4024074507662,40.06520159949865],[-88.35517917477225,40.05441106573082],[-88.36928367432363,40.01827383074744],[-88.41647651317281,40.02905230899659],[-88.4024074507662,40.06520159949865]]]}},{"type":"Feature","properties":{"rain":0.0,"period":"1day","row":29,"col":25,"distance_miles":8.07},"geometry":{"type":"Polygon","coordinates":[[[-88.35517917477225,40.05441106573082],[-88.30797416456342,40.043591697478384],[-88.32211404554046,40.007466545566366],[-88.36928367432363,40.01827383074744],[-88.35517917477225,40.05441106573082]]]}},{"type":"Feature","properties":{"rain":0.0,"period":"1day","row":29,"col":26,"distance_miles":7.41},"geometry":{"type":"Polygon","coordinates":[[[-88.30797416456342,40.043591697478384],[-88.2607924669885,40.032743524696336],[-88.2749676735977,39.99663048334046],[-88.32211404554046,40.007466545566366],[-88.30797416456342,40.043591697478384]]]}},{"type":"Feature","properties":{"rain":0.0,"period":"1day","row":29,"col":27,"distance_miles":7.64},"geometry":{"type":"Polygon","coordinates":[[[-88.2607924669885,40.032743524696336],[-88.21363412872361,40.02186657739335],[-88.22784460509762,39.98576567401035],[-88.2749676735977,39.99663048334046],[-88.2607924669885,40.032743524696336]]]}},{"type":"Feature","properties":{"rain":0.0,"period":"1day","row":29,"col":28,"distance_miles":8.69},"geometry":{"type":"Polygon","coordinates":[[[-88.21363412872361,40.02186657739335],[-88.16649919627197,40.01096088563142],[-88.18074488647032,39.97487214757002],[-88.22784460509762,39.98576567401035],[-88.21363412872361,40.02186657739335]]]}},{"type":"Feature","properties":{"rain":0.0,"period":"1day","row":29,"col":29,"distance_miles":10.31},"geometry":{"type":"Polygon","coordinates":[[[-88.16649919627197,40.01096088563142],[-88.11938771596402,40.000026479525765],[-88.13366856397373,39.9639499340665],[-88.18074488647032,39.97487214757002],[-88.16649919627197,40.01096088563142]]]}},{"type":"Feature","properties":{"rain":0.0,"period":"1day","row":29,"col":30,"distance_miles":12.28},"geometry":{"type":"Polygon","coordinates":[[[-88.11938771596402,40.000026479525765],[-88.0722997339572,39.98906338924437],[-88.08661568369342,39.95299906359963],[-88.13366856397373,39.9639499340665],[-88.11938771596402,40.000026479525765]]]}},{"type":"Feature","properties":{"rain":0.0,"period":"1day","row":29,"col":31,"distance_miles":14.45},"geometry":{"type":"Polygon","coordinates":[[[-88.0722997339572,39.98906338924437],[-88.02523529623596,39.97807164500785],[-88.03958629154263,39.94201956632177],[-88.08661568369342,39.95299906359963],[-88.0722997339572,39.98906338924437]]]}},{"type":"Feature","properties":{"rain":0.0,"period":"1day","row":29,"col":32,"distance_miles":16.75},"geometry":{"type":"Polygon","coordinates":[[[-88.02523529623596,39.97807164500785],[-87.97819444861169,39.96705127708917],[-87.99258043326215,39.93101147243755],[-88.03958629154263,39.94201956632177],[-88.02523529623596,39.97807164500785]]]}},{"type":"Feature","properties":{"rain":0.0,"period":"1day","row":29,"col":33,"distance_miles":19.13},"geometry":{"type":"Polygon","coordinates":[[[-87.97819444861169,39.96705127708917],[-87.93117723672266,39.95600231581331],[-87.9455981544203,39.9199748122036],[-87.99258043326215,39.93101147243755],[-87.97819444861169,39.96705127708917]]]}},{"type":"Feature","properties":{"rain":0.0,"period":"1day","row":29,"col":34,"distance_miles":21.56},"geometry":{"type":"Polygon","coordinates":[[[-87.93117723672266,39.95600231581331],[-87.88418370603398,39.94492479155712],[-87.89863950041283,39.90890961592831],[-87.9455981544203,39.9199748122036],[-87.93117723672266,39.95600231581331]]]}},{"type":"Feature","properties":{"rain":0.0,"period":"1day","row":29,"col":35,"distance_miles":24.03},"geometry":{"type":"Polygon","coordinates":[[[-87.88418370603398,39.94492479155712],[-87.83721390183749,39.933818734748925],[-87.85170451646293,39.89781591397157],[-87.89863950041283,39.90890961592831],[-87.88418370603398,39.94492479155712]]]}},{"type":"Feature","properties":{"rain":0.0,"period":"1day","row":29,"col":36,"distance_miles":26.52},"geometry":{"type":"Polygon","coordinates":[[[-87.83721390183749,39.933818734748925],[-87.79026786925178,39.92268417586836],[-87.80479324762115,39.886693736744434],[-87.85170451646293,39.89781591397157],[-87.83721390183749,39.933818734748925]]]}},{"type":"Feature","properties":{"rain":0.0,"period":"1day","row":29,"col":37,"distance_miles":29.04},"geometry":{"type":"Polygon","coordinates":[[[-87.79026786925178,39.92268417586836],[-87.74334565322205,39.91152114544606],[-87.75790573876529,39.87554311470896],[-87.80479324762115,39.886693736744434],[-87.79026786925178,39.92268417586836]]]}},{"type":"Feature","properties":{"rain":0.0,"period":"1day","row":29,"col":38,"distance_miles":31.57},"geometry":{"type":"Polygon","coordinates":[[[-87.74334565322205,39.91152114544606],[-87.69644729852021,39.900329674063435],[-87.71104203460045,39.864364078377875],[-87.75790573876529,39.87554311470896],[-87.74334565322205,39.91152114544606]]]}},{"type":"Feature","properties":{"rain":0.0,"period":"1day","row":29,"col":39,"distance_miles":34.11},"geometry":{"type":"Polygon","coordinates":[[[-87.69644729852021,39.900329674063435],[-87.64957284974467,39.889109792352336],[-87.66420217965897,39.85315665831435],[-87.71104203460045,39.864364078377875],[-87.69644729852021,39.900329674063435]]]}},{"type":"Feature","properties":{"rain":0.0,"period":"1day","row":29,"col":40,"distance_miles":36.66},"geometry":{"type":"Polygon","coordinates":[[[-87.64957284974467,39.889109792352336],[-87.60272235132047,39.87786153099484],[-87.61738621830028,39.8419208851317],[-87.66420217965897,39.85315665831435],[-87.64957284974467,39.889109792352336]]]}},{"type":"Feature","properties":{"rain":0.0,"period":"1day","row":29,"col":41,"distance_miles":39.22},"geometry":{"type":"Polygon","coordinates":[[[-87.60272235132047,39.87786153099484],[-87.55589584749904,39.866584920723035],[-87.57059419471105,39.830656789493176],[-87.61738621830028,39.8419208851317],[-87.60272235132047,39.87786153099484]]]}},{"type":"Feature","properties":{"rain":0.0,"period":"1day","row":29,"col":42,"distance_miles":41.79},"geometry":{"type":"Polygon","coordinates":[[[-87.55589584749904,39.866584920723035],[-87.50909338235839,39.85527999231863],[-87.52382615290496,39.81936440211165],[-87.57059419471105,39.830656789493176],[-87.55589584749904,39.866584920723035]]]}},{"type":"Feature","properties":{"rain":0.0,"period":"1day","row":29,"col":43,"distance_miles":44.36},"geometry":{"type":"Polygon","coordinates":[[[-87.50909338235839,39.85527999231863],[-87.46231499980289,39.843946776612796],[-87.4770821367228,39.80804375374937],[-87.52382615290496,39.81936440211165],[-87.50909338235839,39.85527999231863]]]}},{"type":"Feature","properties":{"rain":0.0,"period":"1day","row":29,"col":44,"distance_miles":46.93},"geometry":{"type":"Polygon","coordinates":[[[-87.46231499980289,39.843946776612796],[-87.41556074356332,39.832585304485875],[-87.43036218983241,39.7966948752177],[-87.4770821367228,39.80804375374937],[-87.46231499980289,39.843946776612796]]]}},{"type":"Feature","properties":{"rain":0.0,"period":"1day","row":29,"col":45,"distance_miles":49.51},"geometry":{"type":"Polygon","coordinates":[[[-87.41556074356332,39.832585304485875],[-87.36883065719692,39.82119560686712],[-87.38366635572864,39.785317797376884],[-87.43036218983241,39.7966948752177],[-87.41556074356332,39.832585304485875]]]}},{"type":"Feature","properties":{"rain":0.0,"period":"1day","row":30,"col":8,"distance_miles":48.73},"geometry":{"type":"Polygon","coordinates":[[[-89.17467967010771,40.197566042165974],[-89.12712197161751,40.1872524947246],[-89.14063040476934,40.15093397845372],[-89.18815183494252,40.1612359381453],[-89.17467967010771,40.197566042165974]]]}},{"type":"Feature","properties":{"rain":0.0,"period":"1day","row":30,"col":9,"distance_miles":46.17},"geometry":{"type":"Polygon","coordinates":[[[-89.12712197161751,40.1872524947246],[-89.07958671146919,40.17690966966023],[-89.09313135866776,40.140602769738294],[-89.14063040476934,40.15093397845372],[-89.12712197161751,40.1872524947246]]]}},{"type":"Feature","properties":{"rain":0.0,"period":"1day","row":30,"col":10,"distance_miles":43.62},"geometry":{"type":"Polygon","coordinates":[[[-89.07958671146919,40.17690966966023],[-89.03207393917842,40.166537595966844],[-89.04565474606885,40.13024234092642],[-89.09313135866776,40.140602769738294],[-89.07958671146919,40.17690966966023]]]}},{"type":"Feature","properties":{"rain":0.0,"period":"1day","row":30,"col":11,"distance_miles":41.08},"geometry":{"type":"Polygon","coordinates":[[[-89.03207393917842,40.166537595966844],[-88.98458370409031,40.15613630269618],[-88.99820061623373,40.11985272100319],[-89.04565474606885,40.13024234092642],[-89.03207393917842,40.166537595966844]]]}},{"type":"Feature","properties":{"rain":0.0,"period":"1day","row":30,"col":12,"distance_miles":38.55},"geometry":{"type":"Polygon","coordinates":[[[-88.98458370409031,40.15613630269618],[-88.9371160553793,40.145705818957545],[-88.95076901825355,40.10943393901117],[-88.99820061623373,40.11985272100319],[-88.98458370409031,40.15613630269618]]]}},{"type":"Feature","properties":{"rain":0.0,"period":"1day","row":30,"col":13,"distance_miles":36.03},"geometry":{"type":"Polygon","coordinates":[[[-88.9371160553793,40.145705818957545],[-88.88967104204909,40.135246173917494],[-88.90336000104925,40.09898602405007],[-88.95076901825355,40.10943393901117],[-88.9371160553793,40.145705818957545]]]}},{"type":"Feature","properties":{"rain":0.0,"period":"1day","row":30,"col":14,"distance_miles":33.53},"geometry":{"type":"Polygon","coordinates":[[[-88.88967104204909,40.135246173917494],[-88.84224871293242,40.12475739679956],[-88.85597361337156,40.08850900527658],[-88.90336000104925,40.09898602405007],[-88.88967104204909,40.135246173917494]]]}},{"type":"Feature","properties":{"rain":0.0,"period":"1day","row":30,"col":15,"distance_miles":31.04},"geometry":{"type":"Polygon","coordinates":[[[-88.84224871293242,40.12475739679956],[-88.79484911669108,40.114239516884034],[-88.80860990380086,40.07800291190399],[-88.85597361337156,40.08850900527658],[-88.84224871293242,40.12475739679956]]]}},{"type":"Feature","properties":{"rain":0.0,"period":"1day","row":30,"col":16,"distance_miles":28.58},"geometry":{"type":"Polygon","coordinates":[[[-88.79484911669108,40.114239516884034],[-88.74747230181572,40.10369256350768],[-88.76126892074707,40.06746777320202],[-88.80860990380086,40.07800291190399],[-88.79484911669108,40.114239516884034]]]}},{"type":"Feature","properties":{"rain":0.0,"period":"1day","row":30,"col":17,"distance_miles":26.14},"geometry":{"type":"Polygon","coordinates":[[[-88.74747230181572,40.10369256350768],[-88.7001183166258,40.09311656606347],[-88.71395071244949,40.05690361849652],[-88.76126892074707,40.06746777320202],[-88.74747230181572,40.10369256350768]]]}},{"type":"Feature","properties":{"rain":0.0,"period":"1day","row":30,"col":18,"distance_miles":23.75},"geometry":{"type":"Polygon","coordinates":[[[-88.7001183166258,40.09311656606347],[-88.65278720926949,40.08251155400034],[-88.66665532697681,40.04631047716925],[-88.71395071244949,40.05690361849652],[-88.7001183166258,40.09311656606347]]]}},{"type":"Feature","properties":{"rain":0.0,"period":"1day","row":30,"col":19,"distance_miles":21.41},"geometry":{"type":"Polygon","coordinates":[[[-88.65278720926949,40.08251155400034],[-88.60547902772349,40.071877556822905],[-88.61938281222692,40.03568837865753],[-88.66665532697681,40.04631047716925],[-88.65278720926949,40.08251155400034]]]}},{"type":"Feature","properties":{"rain":0.0,"period":"1day","row":30,"col":20,"distance_miles":19.13},"geometry":{"type":"Polygon","coordinates":[[[-88.60547902772349,40.071877556822905],[-88.55819381979303,40.06121460409118],[-88.57213321592685,40.0250373524541],[-88.61938281222692,40.03568837865753],[-88.60547902772349,40.071877556822905]]]}},{"type":"Feature","properties":{"rain":0.0,"period":"1day","row":30,"col":21,"distance_miles":16.96},"geometry":{"type":"Polygon","coordinates":[[[-88.55819381979303,40.06121460409118],[-88.51093163311177,40.05052272542039],[-88.52490658563269,40.01435742810669],[-88.57213321592685,40.0250373524541],[-88.55819381979303,40.06121460409118]]]}},{"type":"Feature","properties":{"rain":0.0,"period":"1day","row":30,"col":22,"distance_miles":14.93},"geometry":{"type":"Polygon","coordinates":[[[-88.51093163311177,40.05052272542039],[-88.46369251514163,40.039801950480616],[-88.47770296872947,40.00364863521799],[-88.52490658563269,40.01435742810669],[-88.51093163311177,40.05052272542039]]]}},{"type":"Feature","properties":{"rain":0.0,"period":"1day","row":30,"col":23,"distance_miles":13.1},"geometry":{"type":"Polygon","coordinates":[[[-88.46369251514163,40.039801950480616],[-88.41647651317281,40.02905230899659],[-88.43052241243112,39.99291100344515],[-88.47770296872947,40.00364863521799],[-88.46369251514163,40.039801950480616]]]}},{"type":"Feature","properties":{"rain":0.0,"period":"1day","row":30,"col":24,"distance_miles":11.58},"geometry":{"type":"Polygon","coordinates":[[[-88.41647651317281,40.02905230899659],[-88.36928367432363,40.01827383074744],[-88.3833649637803,39.982144562499684],[-88.43052241243112,39.99291100344515],[-88.41647651317281,40.02905230899659]]]}},{"type":"Feature","properties":{"rain":0.0,"period":"1day","row":30,"col":25,"distance_miles":10.5},"geometry":{"type":"Polygon","coordinates":[[[-88.36928367432363,40.01827383074744],[-88.32211404554046,40.007466545566366],[-88.33623066964842,39.97134934214713],[-88.3833649637803,39.982144562499684],[-88.36928367432363,40.01827383074744]]]}},{"type":"Feature","properties":{"rain":0.0,"period":"1day","row":30,"col":26,"distance_miles":10.01},"geometry":{"type":"Polygon","coordinates":[[[-88.32211404554046,40.007466545566366],[-88.2749676735977,39.99663048334046],[-88.28911957673549,39.96052537220682],[-88.33623066964842,39.97134934214713],[-88.32211404554046,40.007466545566366]]]}},{"type":"Feature","properties":{"rain":0.0,"period":"1day","row":30,"col":27,"distance_miles":10.18},"geometry":{"type":"Polygon","coordinates":[[[-88.2749676735977,39.99663048334046],[-88.22784460509762,39.98576567401035],[-88.24203173157008,39.949672682551586],[-88.28911957673549,39.96052537220682],[-88.2749676735977,39.99663048334046]]]}},{"type":"Feature","properties":{"rain":0.0,"period":"1day","row":30,"col":28,"distance_miles":10.99},"geometry":{"type":"Polygon","coordinates":[[[-88.22784460509762,39.98576567401035],[-88.18074488647032,39.97487214757002],[-88.19496718050925,39.93879130310753],[-88.24203173157008,39.949672682551586],[-88.22784460509762,39.98576567401035]]]}},{"type":"Feature","properties":{"rain":0.0,"period":"1day","row":30,"col":29,"distance_miles":12.31},"geometry":{"type":"Polygon","coordinates":[[[-88.18074488647032,39.97487214757002],[-88.13366856397373,39.9639499340665],[-88.14792596973842,39.92788126385377],[-88.19496718050925,39.93879130310753],[-88.18074488647032,39.97487214757002]]]}},{"type":"Feature","properties":{"rain":0.0,"period":"1day","row":30,"col":30,"distance_miles":13.99},"geometry":{"type":"Polygon","coordinates":[[[-88.13366856397373,39.9639499340665],[-88.08661568369342,39.95299906359963],[-88.10090814527142,39.9169425948221],[-88.14792596973842,39.92788126385377],[-88.13366856397373,39.9639499340665]]]}},{"type":"Feature","properties":{"rain":0.0,"period":"1day","row":30,"col":31,"distance_miles":15.93},"geometry":{"type":"Polygon","coordinates":[[[-88.08661568369342,39.95299906359963],[-88.03958629154263,39.94201956632177],[-88.05391375295027,39.90597532609687],[-88.10090814527142,39.9169425948221],[-88.08661568369342,39.95299906359963]]]}},{"type":"Feature","properties":{"rain":0.0,"period":"1day","row":30,"col":32,"distance_miles":18.04},"geometry":{"type":"Polygon","coordinates":[[[-88.03958629154263,39.94201956632177],[-87.99258043326215,39.93101147243755],[-88.00694283844524,39.894979487814574],[-88.05391375295027,39.90597532609687],[-88.03958629154263,39.94201956632177]]]}},{"type":"Feature","properties":{"rain":0.0,"period":"1day","row":30,"col":33,"distance_miles":20.27},"geometry":{"type":"Polygon","coordinates":[[[-87.99258043326215,39.93101147243755],[-87.9455981544203,39.9199748122036],[-87.95999544725474,39.88395511016367],[-88.00694283844524,39.894979487814574],[-87.99258043326215,39.93101147243755]]]}},{"type":"Feature","properties":{"rain":0.0,"period":"1day","row":30,"col":34,"distance_miles":22.57},"geometry":{"type":"Polygon","coordinates":[[[-87.9455981544203,39.9199748122036],[-87.89863950041283,39.90890961592831],[-87.91307162470531,39.87290222338431],[-87.95999544725474,39.88395511016367],[-87.9455981544203,39.9199748122036]]]}},{"type":"Feature","properties":{"rain":0.0,"period":"1day","row":30,"col":35,"distance_miles":24.94},"geometry":{"type":"Polygon","coordinates":[[[-87.89863950041283,39.90890961592831],[-87.85170451646293,39.89781591397157],[-87.86617141595148,39.861820857768066],[-87.91307162470531,39.87290222338431],[-87.89863950041283,39.90890961592831]]]}},{"type":"Feature","properties":{"rain":0.0,"period":"1day","row":30,"col":36,"distance_miles":27.35},"geometry":{"type":"Polygon","coordinates":[[[-87.85170451646293,39.89781591397157],[-87.80479324762115,39.886693736744434],[-87.81929486597578,39.850711043657675],[-87.86617141595148,39.861820857768066],[-87.85170451646293,39.89781591397157]]]}},{"type":"Feature","properties":{"rain":0.0,"period":"1day","row":30,"col":37,"distance_miles":29.8},"geometry":{"type":"Polygon","coordinates":[[[-87.80479324762115,39.886693736744434],[-87.75790573876529,39.87554311470896],[-87.7724420195887,39.839572811446764],[-87.81929486597578,39.850711043657675],[-87.80479324762115,39.886693736744434]]]}},{"type":"Feature","properties":{"rain":0.0,"period":"1day","row":30,"col":38,"distance_miles":32.27},"geometry":{"type":"Polygon","coordinates":[[[-87.75790573876529,39.87554311470896],[-87.71104203460045,39.864364078377875],[-87.72561292142856,39.8284061915796],[-87.7724420195887,39.839572811446764],[-87.75790573876529,39.87554311470896]]]}},{"type":"Feature","properties":{"rain":0.0,"period":"1day","row":30,"col":39,"distance_miles":34.76},"geometry":{"type":"Polygon","coordinates":[[[-87.71104203460045,39.864364078377875],[-87.66420217965897,39.85315665831435],[-87.6788076159616,39.81721121455085],[-87.72561292142856,39.8284061915796],[-87.71104203460045,39.864364078377875]]]}},{"type":"Feature","properties":{"rain":0.0,"period":"1day","row":30,"col":40,"distance_miles":37.26},"geometry":{"type":"Polygon","coordinates":[[[-87.66420217965897,39.85315665831435],[-87.61738621830028,39.8419208851317],[-87.63202614748185,39.80598791090527],[-87.6788076159616,39.81721121455085],[-87.66420217965897,39.85315665831435]]]}},{"type":"Feature","properties":{"rain":0.0,"period":"1day","row":30,"col":41,"distance_miles":39.78},"geometry":{"type":"Polygon","coordinates":[[[-87.61738621830028,39.8419208851317],[-87.57059419471105,39.830656789493176],[-87.58526856011106,39.79473631123746],[-87.63202614748185,39.80598791090527],[-87.61738621830028,39.8419208851317]]]}},{"type":"Feature","properties":{"rain":0.0,"period":"1day","row":30,"col":42,"distance_miles":42.31},"geometry":{"type":"Polygon","coordinates":[[[-87.57059419471105,39.830656789493176],[-87.52382615290496,39.81936440211165],[-87.53853489779874,39.783456446191614],[-87.58526856011106,39.79473631123746],[-87.57059419471105,39.830656789493176]]]}},{"type":"Feature","properties":{"rain":0.0,"period":"1day","row":30,"col":43,"distance_miles":44.85},"geometry":{"type":"Polygon","coordinates":[[[-87.52382615290496,39.81936440211165],[-87.4770821367228,39.80804375374937],[-87.49182520432213,39.77214834646129],[-87.53853489779874,39.783456446191614],[-87.52382615290496,39.81936440211165]]]}},{"type":"Feature","properties":{"rain":0.0,"period":"1day","row":30,"col":44,"distance_miles":47.4},"geometry":{"type":"Polygon","coordinates":[[[-87.4770821367228,39.80804375374937],[-87.43036218983241,39.7966948752177],[-87.44513952328606,39.76081204278909],[-87.49182520432213,39.77214834646129],[-87.4770821367228,39.80804375374937]]]}},{"type":"Feature","properties":{"rain":0.0,"period":"1day","row":30,"col":45,"distance_miles":49.95},"geometry":{"type":"Polygon","coordinates":[[[-87.43036218983241,39.7966948752177],[-87.38366635572864,39.785317797376884],[-87.39847789812309,39.74944756596639],[-87.44513952328606,39.76081204278909],[-87.43036218983241,39.7966948752177]]]}},{"type":"Feature","properties":{"rain":0.0,"period":"1day","row":31,"col":8,"distance_miles":49.33},"geometry":{"type":"Polygon","coordinates":[[[-89.18815183494252,40.1612359381453],[-89.14063040476934,40.15093397845372],[-89.15411645382125,40.1146237276626],[-89.20160166527828,40.124914117309736],[-89.18815183494252,40.1612359381453]]]}},{"type":"Feature","properties":{"rain":0.0,"period":"1day","row":31,"col":9,"distance_miles":46.8},"geometry":{"type":"Polygon","coordinates":[[[-89.14063040476934,40.15093397845372],[-89.09313135866776,40.140602769738294],[-89.10665357233535,40.10430411755982],[-89.15411645382125,40.1146237276626],[-89.14063040476934,40.15093397845372]]]}},{"type":"Feature","properties":{"rain":0.0,"period":"1day","row":31,"col":10,"distance_miles":44.29},"geometry":{"type":"Polygon","coordinates":[[[-89.09313135866776,40.140602769738294],[-89.04565474606885,40.13024234092642],[-89.05921307016715,40.093955315862445],[-89.10665357233535,40.10430411755982],[-89.09313135866776,40.140602769738294]]]}},{"type":"Feature","properties":{"rain":0.0,"period":"1day","row":31,"col":11,"distance_miles":41.79},"geometry":{"type":"Polygon","coordinates":[[[-89.04565474606885,40.13024234092642],[-88.99820061623373,40.11985272100319],[-89.0117949964939,40.08357735148909],[-89.05921307016715,40.093955315862445],[-89.04565474606885,40.13024234092642]]]}},{"type":"Feature","properties":{"rain":0.0,"period":"1day","row":31,"col":12,"distance_miles":39.3},"geometry":{"type":"Polygon","coordinates":[[[-88.99820061623373,40.11985272100319],[-88.95076901825355,40.10943393901117],[-88.96439940032352,40.07317025341577],[-89.0117949964939,40.08357735148909],[-88.99820061623373,40.11985272100319]]]}},{"type":"Feature","properties":{"rain":0.0,"period":"1day","row":31,"col":13,"distance_miles":36.84},"geometry":{"type":"Polygon","coordinates":[[[-88.95076901825355,40.10943393901117],[-88.90336000104925,40.09898602405007],[-88.9170263304944,40.06273405067555],[-88.96439940032352,40.07317025341577],[-88.95076901825355,40.10943393901117]]]}},{"type":"Feature","properties":{"rain":0.0,"period":"1day","row":31,"col":14,"distance_miles":34.39},"geometry":{"type":"Polygon","coordinates":[[[-88.90336000104925,40.09898602405007],[-88.85597361337156,40.08850900527658],[-88.86967583567531,40.05226877235844],[-88.9170263304944,40.06273405067555],[-88.90336000104925,40.09898602405007]]]}},{"type":"Feature","properties":{"rain":0.0,"period":"1day","row":31,"col":15,"distance_miles":31.97},"geometry":{"type":"Polygon","coordinates":[[[-88.85597361337156,40.08850900527658],[-88.80860990380086,40.07800291190399],[-88.82234796436535,40.04177444761093],[-88.86967583567531,40.05226877235844],[-88.85597361337156,40.08850900527658]]]}},{"type":"Feature","properties":{"rain":0.0,"period":"1day","row":31,"col":16,"distance_miles":29.59},"geometry":{"type":"Polygon","coordinates":[[[-88.80860990380086,40.07800291190399],[-88.76126892074707,40.06746777320202],[-88.77504276489374,40.03125110563593],[-88.82234796436535,40.04177444761093],[-88.80860990380086,40.07800291190399]]]}},{"type":"Feature","properties":{"rain":0.0,"period":"1day","row":31,"col":17,"distance_miles":27.25},"geometry":{"type":"Polygon","coordinates":[[[-88.76126892074707,40.06746777320202],[-88.71395071244949,40.05690361849652],[-88.72776028541982,40.020698775692345],[-88.77504276489374,40.03125110563593],[-88.76126892074707,40.06746777320202]]]}},{"type":"Feature","properties":{"rain":0.0,"period":"1day","row":31,"col":18,"distance_miles":24.96},"geometry":{"type":"Polygon","coordinates":[[[-88.71395071244949,40.05690361849652],[-88.66665532697681,40.04631047716925],[-88.68050057393286,40.010117487094895],[-88.72776028541982,40.020698775692345],[-88.71395071244949,40.05690361849652]]]}},{"type":"Feature","properties":{"rain":0.0,"period":"1day","row":31,"col":19,"distance_miles":22.74},"geometry":{"type":"Polygon","coordinates":[[[-88.66665532697681,40.04631047716925],[-88.61938281222692,40.03568837865753],[-88.63326367825202,39.99950726921389],[-88.68050057393286,40.010117487094895],[-88.66665532697681,40.04631047716925]]]}},{"type":"Feature","properties":{"rain":0.0,"period":"1day","row":31,"col":20,"distance_miles":20.61},"geometry":{"type":"Polygon","coordinates":[[[-88.61938281222692,40.03568837865753],[-88.57213321592685,40.0250373524541],[-88.58604964602625,39.98886815147487],[-88.63326367825202,39.99950726921389],[-88.61938281222692,40.03568837865753]]]}},{"type":"Feature","properties":{"rain":0.0,"period":"1day","row":31,"col":21,"distance_miles":18.61},"geometry":{"type":"Polygon","coordinates":[[[-88.57213321592685,40.0250373524541],[-88.52490658563269,40.01435742810669],[-88.53885852473415,39.9782001633584],[-88.58604964602625,39.98886815147487],[-88.57213321592685,40.0250373524541]]]}},{"type":"Feature","properties":{"rain":0.0,"period":"1day","row":31,"col":22,"distance_miles":16.78},"geometry":{"type":"Polygon","coordinates":[[[-88.52490658563269,40.01435742810669],[-88.47770296872947,40.00364863521799],[-88.49169036168394,39.967503334399865],[-88.53885852473415,39.9782001633584],[-88.52490658563269,40.01435742810669]]]}},{"type":"Feature","properties":{"rain":0.0,"period":"1day","row":31,"col":23,"distance_miles":15.18},"geometry":{"type":"Polygon","coordinates":[[[-88.47770296872947,40.00364863521799],[-88.43052241243112,39.99291100344515],[-88.44454520401332,39.956777694189064],[-88.49169036168394,39.967503334399865],[-88.47770296872947,40.00364863521799]]]}},{"type":"Feature","properties":{"rain":0.0,"period":"1day","row":31,"col":24,"distance_miles":13.89},"geometry":{"type":"Polygon","coordinates":[[[-88.43052241243112,39.99291100344515],[-88.3833649637803,39.982144562499684],[-88.39742309868947,39.9460232723701],[-88.44454520401332,39.956777694189064],[-88.43052241243112,39.99291100344515]]]}},{"type":"Feature","properties":{"rain":0.0,"period":"1day","row":31,"col":25,"distance_miles":13.0},"geometry":{"type":"Polygon","coordinates":[[[-88.3833649637803,39.982144562499684],[-88.33623066964842,39.97134934214713],[-88.35032409250883,39.93524009864101],[-88.39742309868947,39.9460232723701],[-88.3833649637803,39.982144562499684]]]}},{"type":"Feature","properties":{"rain":0.0,"period":"1day","row":31,"col":26,"distance_miles":12.61},"geometry":{"type":"Polygon","coordinates":[[[-88.33623066964842,39.97134934214713],[-88.28911957673549,39.96052537220682],[-88.30324823209718,39.924428202753575],[-88.35032409250883,39.93524009864101],[-88.33623066964842,39.97134934214713]]]}},{"type":"Feature","properties":{"rain":0.0,"period":"1day","row":31,"col":27,"distance_miles":12.74},"geometry":{"type":"Polygon","coordinates":[[[-88.28911957673549,39.96052537220682],[-88.24203173157008,39.949672682551586],[-88.25619556390939,39.91358761451304],[-88.30324823209718,39.924428202753575],[-88.28911957673549,39.96052537220682]]]}},{"type":"Feature","properties":{"rain":0.0,"period":"1day","row":31,"col":28,"distance_miles":13.39},"geometry":{"type":"Polygon","coordinates":[[[-88.24203173157008,39.949672682551586],[-88.19496718050925,39.93879130310753],[-88.20916613422955,39.902718363777794],[-88.25619556390939,39.91358761451304],[-88.24203173157008,39.949672682551586]]]}},{"type":"Feature","properties":{"rain":0.0,"period":"1day","row":31,"col":29,"distance_miles":14.49},"geometry":{"type":"Polygon","coordinates":[[[-88.19496718050925,39.93879130310753],[-88.14792596973842,39.92788126385377],[-88.16215998917072,39.891820480459224],[-88.20916613422955,39.902718363777794],[-88.19496718050925,39.93879130310753]]]}},{"type":"Feature","properties":{"rain":0.0,"period":"1day","row":31,"col":30,"distance_miles":15.95},"geometry":{"type":"Polygon","coordinates":[[[-88.14792596973842,39.92788126385377],[-88.10090814527142,39.9169425948221],[-88.11517717467493,39.88089399452134],[-88.16215998917072,39.891820480459224],[-88.14792596973842,39.92788126385377]]]}},{"type":"Feature","properties":{"rain":0.0,"period":"1day","row":31,"col":31,"distance_miles":17.67},"geometry":{"type":"Polygon","coordinates":[[[-88.10090814527142,39.9169425948221],[-88.05391375295027,39.90597532609687],[-88.06821773651312,39.869938935980585],[-88.11517717467493,39.88089399452134],[-88.10090814527142,39.9169425948221]]]}},{"type":"Feature","properties":{"rain":0.0,"period":"1day","row":31,"col":32,"distance_miles":19.59},"geometry":{"type":"Polygon","coordinates":[[[-88.05391375295027,39.90597532609687],[-88.00694283844524,39.894979487814574],[-88.02128172028513,39.85895533490554],[-88.06821773651312,39.869938935980585],[-88.05391375295027,39.90597532609687]]]}},{"type":"Feature","properties":{"rain":0.0,"period":"1day","row":31,"col":33,"distance_miles":21.66},"geometry":{"type":"Polygon","coordinates":[[[-88.00694283844524,39.894979487814574],[-87.95999544725474,39.88395511016367],[-87.9743691714195,39.847943221416685],[-88.02128172028513,39.85895533490554],[-88.00694283844524,39.894979487814574]]]}},{"type":"Feature","properties":{"rain":0.0,"period":"1day","row":31,"col":34,"distance_miles":23.83},"geometry":{"type":"Polygon","coordinates":[[[-87.95999544725474,39.88395511016367],[-87.91307162470531,39.87290222338431],[-87.92748013517354,39.83690262568612],[-87.9743691714195,39.847943221416685],[-87.95999544725474,39.88395511016367]]]}},{"type":"Feature","properties":{"rain":0.0,"period":"1day","row":31,"col":35,"distance_miles":26.08},"geometry":{"type":"Polygon","coordinates":[[[-87.91307162470531,39.87290222338431],[-87.86617141595148,39.861820857768066],[-87.88061465663321,39.82583357793732],[-87.92748013517354,39.83690262568612],[-87.91307162470531,39.87290222338431]]]}},{"type":"Feature","properties":{"rain":0.0,"period":"1day","row":31,"col":36,"distance_miles":28.4},"geometry":{"type":"Polygon","coordinates":[[[-87.86617141595148,39.861820857768066],[-87.81929486597578,39.850711043657675],[-87.83377278071313,39.814736108444855],[-87.88061465663321,39.82583357793732],[-87.86617141595148,39.861820857768066]]]}},{"type":"Feature","properties":{"rain":0.0,"period":"1day","row":31,"col":37,"distance_miles":30.76},"geometry":{"type":"Polygon","coordinates":[[[-87.81929486597578,39.850711043657675],[-87.7724420195887,39.839572811446764],[-87.78695455215643,39.80361024753414],[-87.83377278071313,39.814736108444855],[-87.81929486597578,39.850711043657675]]]}},{"type":"Feature","properties":{"rain":0.0,"period":"1day","row":31,"col":38,"distance_miles":33.15},"geometry":{"type":"Polygon","coordinates":[[[-87.7724420195887,39.839572811446764],[-87.72561292142856,39.8284061915796],[-87.7401600155348,39.792456025581174],[-87.78695455215643,39.80361024753414],[-87.7724420195887,39.839572811446764]]]}},{"type":"Feature","properties":{"rain":0.0,"period":"1day","row":31,"col":39,"distance_miles":35.58},"geometry":{"type":"Polygon","coordinates":[[[-87.72561292142856,39.8284061915796],[-87.6788076159616,39.81721121455085],[-87.69338921524837,39.7812734730123],[-87.7401600155348,39.792456025581174],[-87.72561292142856,39.8284061915796]]]}},{"type":"Feature","properties":{"rain":0.0,"period":"1day","row":31,"col":40,"distance_miles":38.03},"geometry":{"type":"Polygon","coordinates":[[[-87.6788076159616,39.81721121455085],[-87.63202614748185,39.80598791090527],[-87.64664219552573,39.77006262030387],[-87.69338921524837,39.7812734730123],[-87.6788076159616,39.81721121455085]]]}},{"type":"Feature","properties":{"rain":0.0,"period":"1day","row":31,"col":41,"distance_miles":40.5},"geometry":{"type":"Polygon","coordinates":[[[-87.63202614748185,39.80598791090527],[-87.58526856011106,39.79473631123746],[-87.59991900042387,39.75882349798209],[-87.64664219552573,39.77006262030387],[-87.63202614748185,39.80598791090527]]]}},{"type":"Feature","properties":{"rain":0.0,"period":"1day","row":31,"col":42,"distance_miles":42.99},"geometry":{"type":"Polygon","coordinates":[[[-87.58526856011106,39.79473631123746],[-87.53853489779874,39.783456446191614],[-87.55321967382812,39.74755613662267],[-87.59991900042387,39.75882349798209],[-87.58526856011106,39.79473631123746]]]}},{"type":"Feature","properties":{"rain":0.0,"period":"1day","row":31,"col":43,"distance_miles":45.49},"geometry":{"type":"Polygon","coordinates":[[[-87.53853489779874,39.783456446191614],[-87.49182520432213,39.77214834646129],[-87.50654425945214,39.7362605668506],[-87.55321967382812,39.74755613662267],[-87.53853489779874,39.783456446191614]]]}},{"type":"Feature","properties":{"rain":0.0,"period":"1day","row":31,"col":44,"distance_miles":48.0},"geometry":{"type":"Polygon","coordinates":[[[-87.49182520432213,39.77214834646129],[-87.44513952328606,39.76081204278909],[-87.45989280083789,39.72493681933994],[-87.50654425945214,39.7362605668506],[-87.49182520432213,39.77214834646129]]]}},{"type":"Feature","properties":{"rain":0.0,"period":"1day","row":32,"col":9,"distance_miles":47.57},"geometry":{"type":"Polygon","coordinates":[[[-89.15411645382125,40.1146237276626],[-89.10665357233535,40.10430411755982],[-89.12015340665704,40.06801372390607],[-89.16758017287383,40.07832175309498],[-89.15411645382125,40.1146237276626]]]}},{"type":"Feature","properties":{"rain":0.0,"period":"1day","row":32,"col":10,"distance_miles":45.1},"geometry":{"type":"Polygon","coordinates":[[[-89.10665357233535,40.10430411755982],[-89.05921307016715,40.093955315862445],[-89.07274896574225,40.05767653159365],[-89.12015340665704,40.06801372390607],[-89.10665357233535,40.10430411755982]]]}},{"type":"Feature","properties":{"rain":0.0,"period":"1day","row":32,"col":11,"distance_miles":42.65},"geometry":{"type":"Polygon","coordinates":[[[-89.05921307016715,40.093955315862445],[-89.0117949964939,40.08357735148909],[-89.02536689922296,40.0473102050101],[-89.07274896574225,40.05767653159365],[-89.05921307016715,40.093955315862445]]]}},{"type":"Feature","properties":{"rain":0.0,"period":"1day","row":32,"col":12,"distance_miles":40.21},"geometry":{"type":"Polygon","coordinates":[[[-89.0117949964939,40.08357735148909],[-88.96439940032352,40.07317025341577],[-88.97800725602396,40.03691477306506],[-89.02536689922296,40.0473102050101],[-89.0117949964939,40.08357735148909]]]}},{"type":"Feature","properties":{"rain":0.0,"period":"1day","row":32,"col":13,"distance_miles":37.81},"geometry":{"type":"Polygon","coordinates":[[[-88.96439940032352,40.07317025341577],[-88.9170263304944,40.06273405067555],[-88.93067008490121,40.02649026472518],[-88.97800725602396,40.03691477306506],[-88.96439940032352,40.07317025341577]]]}},{"type":"Feature","properties":{"rain":0.0,"period":"1day","row":32,"col":14,"distance_miles":35.43},"geometry":{"type":"Polygon","coordinates":[[[-88.9170263304944,40.06273405067555],[-88.86967583567531,40.05226877235844],[-88.88335543444164,40.01603670901394],[-88.93067008490121,40.02649026472518],[-88.9170263304944,40.06273405067555]]]}},{"type":"Feature","properties":{"rain":0.0,"period":"1day","row":32,"col":15,"distance_miles":33.09},"geometry":{"type":"Polygon","coordinates":[[[-88.86967583567531,40.05226877235844],[-88.82234796436535,40.04177444761093],[-88.83606335306314,40.00555413501128],[-88.88335543444164,40.01603670901394],[-88.86967583567531,40.05226877235844]]]}},{"type":"Feature","properties":{"rain":0.0,"period":"1day","row":32,"col":16,"distance_miles":30.79},"geometry":{"type":"Polygon","coordinates":[[[-88.82234796436535,40.04177444761093],[-88.77504276489374,40.03125110563593],[-88.7887938890144,39.995042571853396],[-88.83606335306314,40.00555413501128],[-88.82234796436535,40.04177444761093]]]}},{"type":"Feature","properties":{"rain":0.0,"period":"1day","row":32,"col":17,"distance_miles":28.54},"geometry":{"type":"Polygon","coordinates":[[[-88.77504276489374,40.03125110563593],[-88.72776028541982,40.020698775692345],[-88.74154709037482,39.984502048732494],[-88.7887938890144,39.995042571853396],[-88.77504276489374,40.03125110563593]]]}},{"type":"Feature","properties":{"rain":0.0,"period":"1day","row":32,"col":18,"distance_miles":26.37},"geometry":{"type":"Polygon","coordinates":[[[-88.72776028541982,40.020698775692345],[-88.68050057393286,40.010117487094895],[-88.69432300505441,39.97393259489648],[-88.74154709037482,39.984502048732494],[-88.72776028541982,40.020698775692345]]]}},{"type":"Feature","properties":{"rain":0.0,"period":"1day","row":32,"col":19,"distance_miles":24.28},"geometry":{"type":"Polygon","coordinates":[[[-88.68050057393286,40.010117487094895],[-88.63326367825202,39.99950726921389],[-88.64712168079367,39.96333423964879],[-88.69432300505441,39.97393259489648],[-88.68050057393286,40.010117487094895]]]}},{"type":"Feature","properties":{"rain":0.0,"period":"1day","row":32,"col":20,"distance_miles":22.3},"geometry":{"type":"Polygon","coordinates":[[[-88.63326367825202,39.99950726921389],[-88.58604964602625,39.98886815147487],[-88.59994316516357,39.95270701234798],[-88.64712168079367,39.96333423964879],[-88.63326367825202,39.99950726921389]]]}},{"type":"Feature","properties":{"rain":0.0,"period":"1day","row":32,"col":21,"distance_miles":20.47},"geometry":{"type":"Polygon","coordinates":[[[-88.58604964602625,39.98886815147487],[-88.53885852473415,39.9782001633584],[-88.5527875055653,39.94205094240766],[-88.59994316516357,39.95270701234798],[-88.58604964602625,39.98886815147487]]]}},{"type":"Feature","properties":{"rain":0.0,"period":"1day","row":32,"col":22,"distance_miles":18.81},"geometry":{"type":"Polygon","coordinates":[[[-88.53885852473415,39.9782001633584],[-88.49169036168394,39.967503334399865],[-88.50565474923035,39.931366059296046],[-88.5527875055653,39.94205094240766],[-88.53885852473415,39.9782001633584]]]}},{"type":"Feature","properties":{"rain":0.0,"period":"1day","row":32,"col":23,"distance_miles":17.4},"geometry":{"type":"Polygon","coordinates":[[[-88.49169036168394,39.967503334399865],[-88.44454520401332,39.956777694189064],[-88.45854494322035,39.920652392535835],[-88.50565474923035,39.931366059296046],[-88.49169036168394,39.967503334399865]]]}},{"type":"Feature","properties":{"rain":0.0,"period":"1day","row":32,"col":24,"distance_miles":16.29},"geometry":{"type":"Polygon","coordinates":[[[-88.44454520401332,39.956777694189064],[-88.39742309868947,39.9460232723701],[-88.41145813442695,39.90990997170387],[-88.45854494322035,39.920652392535835],[-88.44454520401332,39.956777694189064]]]}},{"type":"Feature","properties":{"rain":0.0,"period":"1day","row":32,"col":25,"distance_miles":15.54},"geometry":{"type":"Polygon","coordinates":[[[-88.39742309868947,39.9460232723701],[-88.35032409250883,39.93524009864101],[-88.36439436957183,39.8991388264309],[-88.41145813442695,39.90990997170387],[-88.39742309868947,39.9460232723701]]]}},{"type":"Feature","properties":{"rain":0.0,"period":"1day","row":32,"col":26,"distance_miles":15.2},"geometry":{"type":"Polygon","coordinates":[[[-88.35032409250883,39.93524009864101],[-88.30324823209718,39.924428202753575],[-88.31735369520648,39.88833898640138],[-88.36439436957183,39.8991388264309],[-88.35032409250883,39.93524009864101]]]}},{"type":"Feature","properties":{"rain":0.0,"period":"1day","row":32,"col":27,"distance_miles":15.31},"geometry":{"type":"Polygon","coordinates":[[[-88.30324823209718,39.924428202753575],[-88.25619556390939,39.91358761451304],[-88.2703361577123,39.877510481353056],[-88.31735369520648,39.88833898640138],[-88.30324823209718,39.924428202753575]]]}},{"type":"Feature","properties":{"rain":0.0,"period":"1day","row":32,"col":28,"distance_miles":15.86},"geometry":{"type":"Polygon","coordinates":[[[-88.25619556390939,39.91358761451304],[-88.20916613422955,39.902718363777794],[-88.22334180330034,39.866653341076905],[-88.2703361577123,39.877510481353056],[-88.25619556390939,39.91358761451304]]]}},{"type":"Feature","properties":{"rain":0.0,"period":"1day","row":32,"col":29,"distance_miles":16.8},"geometry":{"type":"Polygon","coordinates":[[[-88.20916613422955,39.902718363777794],[-88.16215998917072,39.891820480459224],[-88.17637067801142,39.85576759541672],[-88.22334180330034,39.866653341076905],[-88.20916613422955,39.902718363777794]]]}},{"type":"Feature","properties":{"rain":0.0,"period":"1day","row":32,"col":30,"distance_miles":18.07},"geometry":{"type":"Polygon","coordinates":[[[-88.16215998917072,39.891820480459224],[-88.11517717467493,39.88089399452134],[-88.12942282771589,39.84485327426891],[-88.17637067801142,39.85576759541672],[-88.16215998917072,39.891820480459224]]]}},{"type":"Feature","properties":{"rain":0.0,"period":"1day","row":32,"col":31,"distance_miles":19.61},"geometry":{"type":"Polygon","coordinates":[[[-88.11517717467493,39.88089399452134],[-88.06821773651312,39.869938935980585],[-88.08249829811363,39.833910407582216],[-88.12942282771589,39.84485327426891],[-88.11517717467493,39.88089399452134]]]}},{"type":"Feature","properties":{"rain":0.0,"period":"1day","row":32,"col":32,"distance_miles":21.35},"geometry":{"type":"Polygon","coordinates":[[[-88.06821773651312,39.869938935980585],[-88.02128172028513,39.85895533490554],[-88.03559713473409,39.82293902535752],[-88.08249829811363,39.833910407582216],[-88.06821773651312,39.869938935980585]]]}},{"type":"Feature","properties":{"rain":0.0,"period":"1day","row":32,"col":33,"distance_miles":23.26},"geometry":{"type":"Polygon","coordinates":[[[-88.02128172028513,39.85895533490554],[-87.9743691714195,39.847943221416685],[-87.98871938293601,39.811939157647494],[-88.03559713473409,39.82293902535752],[-88.02128172028513,39.85895533490554]]]}},{"type":"Feature","properties":{"rain":0.0,"period":"1day","row":32,"col":34,"distance_miles":25.29},"geometry":{"type":"Polygon","coordinates":[[[-87.9743691714195,39.847943221416685],[-87.92748013517354,39.83690262568612],[-87.94186508790754,39.80091083455639],[-87.98871938293601,39.811939157647494],[-87.9743691714195,39.847943221416685]]]}},{"type":"Feature","properties":{"rain":0.0,"period":"1day","row":32,"col":35,"distance_miles":27.42},"geometry":{"type":"Polygon","coordinates":[[[-87.92748013517354,39.83690262568612],[-87.88061465663321,39.82583357793732],[-87.89503429466615,39.78985408623974],[-87.94186508790754,39.80091083455639],[-87.92748013517354,39.83690262568612]]]}},{"type":"Feature","properties":{"rain":0.0,"period":"1day","row":32,"col":36,"distance_miles":29.63},"geometry":{"type":"Polygon","coordinates":[[[-87.88061465663321,39.82583357793732],[-87.83377278071313,39.814736108444855],[-87.84822704805852,39.77876894290418],[-87.89503429466615,39.78985408623974],[-87.88061465663321,39.82583357793732]]]}},{"type":"Feature","properties":{"rain":0.0,"period":"1day","row":32,"col":37,"distance_miles":31.9},"geometry":{"type":"Polygon","coordinates":[[[-87.83377278071313,39.814736108444855],[-87.78695455215643,39.80361024753414],[-87.80144339276053,39.76765543480708],[-87.84822704805852,39.77876894290418],[-87.83377278071313,39.814736108444855]]]}},{"type":"Feature","properties":{"rain":0.0,"period":"1day","row":32,"col":38,"distance_miles":34.22},"geometry":{"type":"Polygon","coordinates":[[[-87.78695455215643,39.80361024753414],[-87.7401600155348,39.792456025581174],[-87.75468337327722,39.756513592256375],[-87.80144339276053,39.76765543480708],[-87.78695455215643,39.80361024753414]]]}},{"type":"Feature","properties":{"rain":0.0,"period":"1day","row":32,"col":39,"distance_miles":36.57},"geometry":{"type":"Polygon","coordinates":[[[-87.7401600155348,39.792456025581174],[-87.69338921524837,39.7812734730123],[-87.70794703394272,39.745343445610246],[-87.75468337327722,39.756513592256375],[-87.7401600155348,39.792456025581174]]]}},{"type":"Feature","properties":{"rain":0.0,"period":"1day","row":32,"col":40,"distance_miles":38.96},"geometry":{"type":"Polygon","coordinates":[[[-87.69338921524837,39.7812734730123],[-87.64664219552573,39.77006262030387],[-87.66123441892023,39.73414502527689],[-87.70794703394272,39.745343445610246],[-87.69338921524837,39.7812734730123]]]}},{"type":"Feature","properties":{"rain":0.0,"period":"1day","row":32,"col":41,"distance_miles":41.37},"geometry":{"type":"Polygon","coordinates":[[[-87.64664219552573,39.77006262030387],[-87.59991900042387,39.75882349798209],[-87.61454557220196,39.72291836171424],[-87.66123441892023,39.73414502527689],[-87.64664219552573,39.77006262030387]]]}},{"type":"Feature","properties":{"rain":0.0,"period":"1day","row":32,"col":42,"distance_miles":43.81},"geometry":{"type":"Polygon","coordinates":[[[-87.59991900042387,39.75882349798209],[-87.55321967382812,39.74755613662267],[-87.56788053760911,39.711663485429746],[-87.61454557220196,39.72291836171424],[-87.59991900042387,39.75882349798209]]]}},{"type":"Feature","properties":{"rain":0.0,"period":"1day","row":32,"col":43,"distance_miles":46.26},"geometry":{"type":"Polygon","coordinates":[[[-87.55321967382812,39.74755613662267],[-87.50654425945214,39.7362605668506],[-87.52123935879182,39.70038042698006],[-87.56788053760911,39.711663485429746],[-87.55321967382812,39.74755613662267]]]}},{"type":"Feature","properties":{"rain":0.0,"period":"1day","row":32,"col":44,"distance_miles":48.73},"geometry":{"type":"Polygon","coordinates":[[[-87.50654425945214,39.7362605668506],[-87.45989280083789,39.72493681933994],[-87.47462207922915,39.689069216970786],[-87.52123935879182,39.70038042698006],[-87.50654425945214,39.7362605668506]]]}},{"type":"Feature","properties":{"rain":0.0,"period":"1day","row":33,"col":9,"distance_miles":48.46},"geometry":{"type":"Polygon","coordinates":[[[-89.16758017287383,40.07832175309498],[-89.12015340665704,40.06801372390607],[-89.13363091564867,40.031731599522544],[-89.1810216158585,40.0420280654591],[-89.16758017287383,40.07832175309498]]]}},{"type":"Feature","properties":{"rain":0.0,"period":"1day","row":33,"col":10,"distance_miles":46.04},"geometry":{"type":"Polygon","coordinates":[[[-89.12015340665704,40.06801372390607],[-89.07274896574225,40.05767653159365],[-89.08626248689372,40.02140599890292],[-89.13363091564867,40.031731599522544],[-89.12015340665704,40.06801372390607]]]}},{"type":"Feature","properties":{"rain":0.0,"period":"1day","row":33,"col":11,"distance_miles":43.64},"geometry":{"type":"Polygon","coordinates":[[[-89.07274896574225,40.05767653159365],[-89.02536689922296,40.0473102050101],[-89.03891637860357,40.0110512923865],[-89.08626248689372,40.02140599890292],[-89.07274896574225,40.05767653159365]]]}},{"type":"Feature","properties":{"rain":0.0,"period":"1day","row":33,"col":12,"distance_miles":41.27},"geometry":{"type":"Polygon","coordinates":[[[-89.02536689922296,40.0473102050101],[-88.97800725602396,40.03691477306506],[-88.99159263962002,40.00066750881674],[-89.03891637860357,40.0110512923865],[-89.02536689922296,40.0473102050101]]]}},{"type":"Feature","properties":{"rain":0.0,"period":"1day","row":33,"col":13,"distance_miles":38.93},"geometry":{"type":"Polygon","coordinates":[[[-88.97800725602396,40.03691477306506],[-88.93067008490121,40.02649026472518],[-88.94429131861665,39.990254677094086],[-88.99159263962002,40.00066750881674],[-88.97800725602396,40.03691477306506]]]}},{"type":"Feature","properties":{"rain":0.0,"period":"1day","row":33,"col":14,"distance_miles":36.62},"geometry":{"type":"Polygon","coordinates":[[[-88.93067008490121,40.02649026472518],[-88.88335543444164,40.01603670901394],[-88.8970124640987,39.97981282617567],[-88.94429131861665,39.990254677094086],[-88.93067008490121,40.02649026472518]]]}},{"type":"Feature","properties":{"rain":0.0,"period":"1day","row":33,"col":15,"distance_miles":34.36},"geometry":{"type":"Polygon","coordinates":[[[-88.88335543444164,40.01603670901394],[-88.83606335306314,40.00555413501128],[-88.84975612440296,39.96934198507503],[-88.8970124640987,39.97981282617567],[-88.88335543444164,40.01603670901394]]]}},{"type":"Feature","properties":{"rain":0.0,"period":"1day","row":33,"col":16,"distance_miles":32.15},"geometry":{"type":"Polygon","coordinates":[[[-88.83606335306314,40.00555413501128],[-88.7887938890144,39.995042571853396],[-88.80252234769767,39.95884218286193],[-88.84975612440296,39.96934198507503],[-88.83606335306314,40.00555413501128]]]}},{"type":"Feature","properties":{"rain":0.0,"period":"1day","row":33,"col":17,"distance_miles":30.01},"geometry":{"type":"Polygon","coordinates":[[[-88.7887938890144,39.995042571853396],[-88.74154709037482,39.984502048732494],[-88.75531118198242,39.948313448662006],[-88.80252234769767,39.95884218286193],[-88.7887938890144,39.995042571853396]]]}},{"type":"Feature","properties":{"rain":0.0,"period":"1day","row":33,"col":18,"distance_miles":27.95},"geometry":{"type":"Polygon","coordinates":[[[-88.74154709037482,39.984502048732494],[-88.69432300505441,39.97393259489648],[-88.70812267508803,39.93775581165656],[-88.75531118198242,39.948313448662006],[-88.74154709037482,39.984502048732494]]]}},{"type":"Feature","properties":{"rain":0.0,"period":"1day","row":33,"col":19,"distance_miles":25.99},"geometry":{"type":"Polygon","coordinates":[[[-88.69432300505441,39.97393259489648],[-88.64712168079367,39.96333423964879],[-88.66095687467646,39.927169301082294],[-88.70812267508803,39.93775581165656],[-88.69432300505441,39.97393259489648]]]}},{"type":"Feature","properties":{"rain":0.0,"period":"1day","row":33,"col":20,"distance_miles":24.15},"geometry":{"type":"Polygon","coordinates":[[[-88.64712168079367,39.96333423964879],[-88.59994316516357,39.95270701234798],[-88.61381382824074,39.91655394623108],[-88.66095687467646,39.927169301082294],[-88.64712168079367,39.96333423964879]]]}},{"type":"Feature","properties":{"rain":0.0,"period":"1day","row":33,"col":21,"distance_miles":22.47},"geometry":{"type":"Polygon","coordinates":[[[-88.59994316516357,39.95270701234798],[-88.5527875055653,39.94205094240766],[-88.56669358310482,39.90590977644962],[-88.61381382824074,39.91655394623108],[-88.59994316516357,39.95270701234798]]]}},{"type":"Feature","properties":{"rain":0.0,"period":"1day","row":33,"col":22,"distance_miles":20.97},"geometry":{"type":"Polygon","coordinates":[[[-88.5527875055653,39.94205094240766],[-88.50565474923035,39.931366059296046],[-88.51959618642351,39.89523682113929],[-88.56669358310482,39.90590977644962],[-88.5527875055653,39.94205094240766]]]}},{"type":"Feature","properties":{"rain":0.0,"period":"1day","row":33,"col":23,"distance_miles":19.71},"geometry":{"type":"Polygon","coordinates":[[[-88.50565474923035,39.931366059296046],[-88.45854494322035,39.920652392535835],[-88.47252168518243,39.88453510975578],[-88.51959618642351,39.89523682113929],[-88.50565474923035,39.931366059296046]]]}},{"type":"Feature","properties":{"rain":0.0,"period":"1day","row":33,"col":24,"distance_miles":18.74},"geometry":{"type":"Polygon","coordinates":[[[-88.45854494322035,39.920652392535835],[-88.41145813442695,39.90990997170387],[-88.42547012619784,39.87380467180892],[-88.47252168518243,39.88453510975578],[-88.45854494322035,39.920652392535835]]]}},{"type":"Feature","properties":{"rain":0.0,"period":"1day","row":33,"col":25,"distance_miles":18.09},"geometry":{"type":"Polygon","coordinates":[[[-88.41145813442695,39.90990997170387],[-88.36439436957183,39.8991388264309],[-88.37844155611666,39.86304553686236],[-88.42547012619784,39.87380467180892],[-88.41145813442695,39.90990997170387]]]}},{"type":"Feature","properties":{"rain":0.0,"period":"1day","row":33,"col":26,"distance_miles":17.8},"geometry":{"type":"Polygon","coordinates":[[[-88.36439436957183,39.8991388264309],[-88.31735369520648,39.88833898640138],[-88.33143602141627,39.85225773453334],[-88.37844155611666,39.86304553686236],[-88.36439436957183,39.8991388264309]]]}},{"type":"Feature","properties":{"rain":0.0,"period":"1day","row":33,"col":27,"distance_miles":17.9},"geometry":{"type":"Polygon","coordinates":[[[-88.31735369520648,39.88833898640138],[-88.2703361577123,39.877510481353056],[-88.28445356840454,39.84144129449243],[-88.33143602141627,39.85225773453334],[-88.31735369520648,39.88833898640138]]]}},{"type":"Feature","properties":{"rain":0.0,"period":"1day","row":33,"col":28,"distance_miles":18.36},"geometry":{"type":"Polygon","coordinates":[[[-88.2703361577123,39.877510481353056],[-88.22334180330034,39.866653341076905],[-88.23749424321973,39.830596246463266],[-88.28445356840454,39.84144129449243],[-88.2703361577123,39.877510481353056]]]}},{"type":"Feature","properties":{"rain":0.0,"period":"1day","row":33,"col":29,"distance_miles":19.18},"geometry":{"type":"Polygon","coordinates":[[[-88.22334180330034,39.866653341076905],[-88.17637067801142,39.85576759541672],[-88.19055809183033,39.81972262022228],[-88.23749424321973,39.830596246463266],[-88.22334180330034,39.866653341076905]]]}},{"type":"Feature","properties":{"rain":0.0,"period":"1day","row":33,"col":30,"distance_miles":20.3},"geometry":{"type":"Polygon","coordinates":[[[-88.17637067801142,39.85576759541672],[-88.12942282771589,39.84485327426891],[-88.14364516003513,39.80882044559849],[-88.19055809183033,39.81972262022228],[-88.17637067801142,39.85576759541672]]]}},{"type":"Feature","properties":{"rain":0.0,"period":"1day","row":33,"col":31,"distance_miles":21.68},"geometry":{"type":"Polygon","coordinates":[[[-88.12942282771589,39.84485327426891],[-88.08249829811363,39.833910407582216],[-88.09675549346306,39.79788975247314],[-88.14364516003513,39.80882044559849],[-88.12942282771589,39.84485327426891]]]}},{"type":"Feature","properties":{"rain":0.0,"period":"1day","row":33,"col":32,"distance_miles":23.27},"geometry":{"type":"Polygon","coordinates":[[[-88.08249829811363,39.833910407582216],[-88.03559713473409,39.82293902535752],[-88.04988913757315,39.78693057077955],[-88.09675549346306,39.79788975247314],[-88.08249829811363,39.833910407582216]]]}},{"type":"Feature","properties":{"rain":0.0,"period":"1day","row":33,"col":33,"distance_miles":25.03},"geometry":{"type":"Polygon","coordinates":[[[-88.03559713473409,39.82293902535752],[-87.98871938293601,39.811939157647494],[-88.00304613765445,39.7759429305028],[-88.04988913757315,39.78693057077955],[-88.03559713473409,39.82293902535752]]]}},{"type":"Feature","properties":{"rain":0.0,"period":"1day","row":33,"col":34,"distance_miles":26.93},"geometry":{"type":"Polygon","coordinates":[[[-87.98871938293601,39.811939157647494],[-87.94186508790754,39.80091083455639],[-87.95622653882604,39.76492686167947],[-88.00304613765445,39.7759429305028],[-87.98871938293601,39.811939157647494]]]}},{"type":"Feature","properties":{"rain":0.0,"period":"1day","row":33,"col":35,"distance_miles":28.94},"geometry":{"type":"Polygon","coordinates":[[[-87.94186508790754,39.80091083455639],[-87.89503429466615,39.78985408623974],[-87.90943038603686,39.75388239439738],[-87.95622653882604,39.76492686167947],[-87.94186508790754,39.80091083455639]]]}},{"type":"Feature","properties":{"rain":0.0,"period":"1day","row":33,"col":36,"distance_miles":31.04},"geometry":{"type":"Polygon","coordinates":[[[-87.89503429466615,39.78985408623974],[-87.84822704805852,39.77876894290418],[-87.8626577240658,39.74280955879537],[-87.90943038603686,39.75388239439738],[-87.89503429466615,39.78985408623974]]]}},{"type":"Feature","properties":{"rain":0.0,"period":"1day","row":33,"col":37,"distance_miles":33.21},"geometry":{"type":"Polygon","coordinates":[[[-87.84822704805852,39.77876894290418],[-87.80144339276053,39.76765543480708],[-87.81590859752147,39.731708385063],[-87.8626577240658,39.74280955879537],[-87.84822704805852,39.77876894290418]]]}},{"type":"Feature","properties":{"rain":0.0,"period":"1day","row":33,"col":38,"distance_miles":35.44},"geometry":{"type":"Polygon","coordinates":[[[-87.80144339276053,39.76765543480708],[-87.75468337327722,39.756513592256375],[-87.76918305084234,39.72057890344029],[-87.81590859752147,39.731708385063],[-87.80144339276053,39.76765543480708]]]}},{"type":"Feature","properties":{"rain":0.0,"period":"1day","row":33,"col":39,"distance_miles":37.72},"geometry":{"type":"Polygon","coordinates":[[[-87.75468337327722,39.756513592256375],[-87.70794703394272,39.745343445610246],[-87.72248112829658,39.70942114421748],[-87.76918305084234,39.72057890344029],[-87.75468337327722,39.756513592256375]]]}},{"type":"Feature","properties":{"rain":0.0,"period":"1day","row":33,"col":40,"distance_miles":40.03},"geometry":{"type":"Polygon","coordinates":[[[-87.70794703394272,39.745343445610246],[-87.66123441892023,39.73414502527689],[-87.67580287398201,39.6982351377348],[-87.72248112829658,39.70942114421748],[-87.70794703394272,39.745343445610246]]]}},{"type":"Feature","properties":{"rain":0.0,"period":"1day","row":33,"col":41,"distance_miles":42.38},"geometry":{"type":"Polygon","coordinates":[[[-87.66123441892023,39.73414502527689],[-87.61454557220196,39.72291836171424],[-87.62914833182613,39.68702091438209],[-87.67580287398201,39.6982351377348],[-87.66123441892023,39.73414502527689]]]}},{"type":"Feature","properties":{"rain":0.0,"period":"1day","row":33,"col":42,"distance_miles":44.76},"geometry":{"type":"Polygon","coordinates":[[[-87.61454557220196,39.72291836171424],[-87.56788053760911,39.711663485429746],[-87.58251754558603,39.67577850459872],[-87.62914833182613,39.68702091438209],[-87.61454557220196,39.72291836171424]]]}},{"type":"Feature","properties":{"rain":0.0,"period":"1day","row":33,"col":43,"distance_miles":47.17},"geometry":{"type":"Polygon","coordinates":[[[-87.56788053760911,39.711663485429746],[-87.52123935879182,39.70038042698006],[-87.53591055884836,39.66450793887318],[-87.58251754558603,39.67577850459872],[-87.56788053760911,39.711663485429746]]]}},{"type":"Feature","properties":{"rain":0.0,"period":"1day","row":33,"col":44,"distance_miles":49.59},"geometry":{"type":"Polygon","coordinates":[[[-87.52123935879182,39.70038042698006],[-87.47462207922915,39.689069216970786],[-87.48932741502932,39.65320924774288],[-87.53591055884836,39.66450793887318],[-87.52123935879182,39.70038042698006]]]}},{"type":"Feature","properties":{"rain":0.0,"period":"1day","row":34,"col":9,"distance_miles":49.48},"geometry":{"type":"Polygon","coordinates":[[[-89.1810216158585,40.0420280654591],[-89.13363091564867,40.031731599522544],[-89.1470861531574,39.99545775511919],[-89.1944408365382,40.00574267542757],[-89.1810216158585,40.0420280654591]]]}},{"type":"Feature","properties":{"rain":0.0,"period":"1day","row":34,"col":10,"distance_miles":47.11},"geometry":{"type":"Polygon","coordinates":[[[-89.13363091564867,40.031731599522544],[-89.08626248689372,40.02140599890292],[-89.09975368755237,39.98514372853746],[-89.1470861531574,39.99545775511919],[-89.13363091564867,40.031731599522544]]]}},{"type":"Feature","properties":{"rain":0.0,"period":"1day","row":34,"col":11,"distance_miles":44.77},"geometry":{"type":"Polygon","coordinates":[[[-89.08626248689372,40.02140599890292],[-89.03891637860357,40.0110512923865],[-89.05244348864954,39.97480062440278],[-89.09975368755237,39.98514372853746],[-89.08626248689372,40.02140599890292]]]}},{"type":"Feature","properties":{"rain":0.0,"period":"1day","row":34,"col":12,"distance_miles":42.45},"geometry":{"type":"Polygon","coordinates":[[[-89.03891637860357,40.0110512923865],[-88.99159263962002,40.00066750881674],[-89.00515560520785,39.96442847149262],[-89.05244348864954,39.97480062440278],[-89.03891637860357,40.0110512923865]]]}},{"type":"Feature","properties":{"rain":0.0,"period":"1day","row":34,"col":13,"distance_miles":40.18},"geometry":{"type":"Polygon","coordinates":[[[-88.99159263962002,40.00066750881674],[-88.94429131861665,39.990254677094086],[-88.9578900858186,39.95402729864139],[-89.00515560520785,39.96442847149262],[-88.99159263962002,40.00066750881674]]]}},{"type":"Feature","properties":{"rain":0.0,"period":"1day","row":34,"col":14,"distance_miles":37.95},"geometry":{"type":"Polygon","coordinates":[[[-88.94429131861665,39.990254677094086],[-88.8970124640987,39.97981282617567],[-88.91064697890545,39.943597134740095],[-88.9578900858186,39.95402729864139],[-88.94429131861665,39.990254677094086]]]}},{"type":"Feature","properties":{"rain":0.0,"period":"1day","row":34,"col":15,"distance_miles":35.78},"geometry":{"type":"Polygon","coordinates":[[[-88.8970124640987,39.97981282617567],[-88.84975612440296,39.96934198507503],[-88.8634263327242,39.93313800873606],[-88.91064697890545,39.943597134740095],[-88.8970124640987,39.97981282617567]]]}},{"type":"Feature","properties":{"rain":0.0,"period":"1day","row":34,"col":16,"distance_miles":33.66},"geometry":{"type":"Polygon","coordinates":[[[-88.84975612440296,39.96934198507503],[-88.80252234769767,39.95884218286193],[-88.81622819536277,39.92264994963276],[-88.8634263327242,39.93313800873606],[-88.84975612440296,39.96934198507503]]]}},{"type":"Feature","properties":{"rain":0.0,"period":"1day","row":34,"col":17,"distance_miles":31.62},"geometry":{"type":"Polygon","coordinates":[[[-88.80252234769767,39.95884218286193],[-88.75531118198242,39.948313448662006],[-88.769052614741,39.91213298648949],[-88.81622819536277,39.92264994963276],[-88.80252234769767,39.95884218286193]]]}},{"type":"Feature","properties":{"rain":0.0,"period":"1day","row":34,"col":18,"distance_miles":29.67},"geometry":{"type":"Polygon","coordinates":[[[-88.75531118198242,39.948313448662006],[-88.70812267508803,39.93775581165656],[-88.72189963861065,39.90158714842113],[-88.769052614741,39.91213298648949],[-88.75531118198242,39.948313448662006]]]}},{"type":"Feature","properties":{"rain":0.0,"period":"1day","row":34,"col":19,"distance_miles":27.83},"geometry":{"type":"Polygon","coordinates":[[[-88.70812267508803,39.93775581165656],[-88.66095687467646,39.927169301082294],[-88.67476931455522,39.89101246459787],[-88.72189963861065,39.90158714842113],[-88.70812267508803,39.93775581165656]]]}},{"type":"Feature","properties":{"rain":0.0,"period":"1day","row":34,"col":20,"distance_miles":26.13},"geometry":{"type":"Polygon","coordinates":[[[-88.66095687467646,39.927169301082294],[-88.61381382824074,39.91655394623108],[-88.62766168998992,39.880408964245035],[-88.67476931455522,39.89101246459787],[-88.66095687467646,39.927169301082294]]]}},{"type":"Feature","properties":{"rain":0.0,"period":"1day","row":34,"col":21,"distance_miles":24.58},"geometry":{"type":"Polygon","coordinates":[[[-88.61381382824074,39.91655394623108],[-88.56669358310482,39.90590977644962],[-88.58057681216151,39.86977667664266],[-88.62766168998992,39.880408964245035],[-88.61381382824074,39.91655394623108]]]}},{"type":"Feature","properties":{"rain":0.0,"period":"1day","row":34,"col":22,"distance_miles":23.22},"geometry":{"type":"Polygon","coordinates":[[[-88.56669358310482,39.90590977644962],[-88.51959618642351,39.89523682113929],[-88.53351472814823,39.859115631125405],[-88.58057681216151,39.86977667664266],[-88.56669358310482,39.90590977644962]]]}},{"type":"Feature","properties":{"rain":0.0,"period":"1day","row":34,"col":23,"distance_miles":22.09},"geometry":{"type":"Polygon","coordinates":[[[-88.51959618642351,39.89523682113929],[-88.47252168518243,39.88453510975578],[-88.48647548485975,39.84842585708221],[-88.53351472814823,39.859115631125405],[-88.51959618642351,39.89523682113929]]]}},{"type":"Feature","properties":{"rain":0.0,"period":"1day","row":34,"col":24,"distance_miles":21.22},"geometry":{"type":"Polygon","coordinates":[[[-88.47252168518243,39.88453510975578],[-88.42547012619784,39.87380467180892],[-88.43945912903709,39.837707383956044],[-88.48647548485975,39.84842585708221],[-88.47252168518243,39.88453510975578]]]}},{"type":"Feature","properties":{"rain":0.0,"period":"1day","row":34,"col":25,"distance_miles":20.65},"geometry":{"type":"Polygon","coordinates":[[[-88.42547012619784,39.87380467180892],[-88.37844155611666,39.86304553686236],[-88.39246570725243,39.826960241243626],[-88.43945912903709,39.837707383956044],[-88.42547012619784,39.87380467180892]]]}},{"type":"Feature","properties":{"rain":0.0,"period":"1day","row":34,"col":26,"distance_miles":20.4},"geometry":{"type":"Polygon","coordinates":[[[-88.37844155611666,39.86304553686236],[-88.33143602141627,39.85225773453334],[-88.34549526590912,39.81618445849527],[-88.39246570725243,39.826960241243626],[-88.37844155611666,39.86304553686236]]]}},{"type":"Feature","properties":{"rain":0.0,"period":"1day","row":34,"col":27,"distance_miles":20.48},"geometry":{"type":"Polygon","coordinates":[[[-88.33143602141627,39.85225773453334],[-88.28445356840454,39.84144129449243],[-88.29854785124162,39.80538006531445],[-88.34549526590912,39.81618445849527],[-88.33143602141627,39.85225773453334]]]}},{"type":"Feature","properties":{"rain":0.0,"period":"1day","row":34,"col":28,"distance_miles":20.89},"geometry":{"type":"Polygon","coordinates":[[[-88.28445356840454,39.84144129449243],[-88.23749424321973,39.830596246463266],[-88.25162350931538,39.79454709135771],[-88.29854785124162,39.80538006531445],[-88.28445356840454,39.84144129449243]]]}},{"type":"Feature","properties":{"rain":0.0,"period":"1day","row":34,"col":29,"distance_miles":21.61},"geometry":{"type":"Polygon","coordinates":[[[-88.23749424321973,39.830596246463266],[-88.19055809183033,39.81972262022228],[-88.20472228602674,39.78368556633433],[-88.25162350931538,39.79454709135771],[-88.23749424321973,39.830596246463266]]]}},{"type":"Feature","properties":{"rain":0.0,"period":"1day","row":34,"col":30,"distance_miles":22.61},"geometry":{"type":"Polygon","coordinates":[[[-88.19055809183033,39.81972262022228],[-88.14364516003513,39.80882044559849],[-88.15784422710294,39.77279552000604],[-88.20472228602674,39.78368556633433],[-88.19055809183033,39.81972262022228]]]}},{"type":"Feature","properties":{"rain":0.0,"period":"1day","row":34,"col":31,"distance_miles":23.85},"geometry":{"type":"Polygon","coordinates":[[[-88.14364516003513,39.80882044559849],[-88.09675549346306,39.79788975247314],[-88.11098937810199,39.761876982186855],[-88.15784422710294,39.77279552000604],[-88.14364516003513,39.80882044559849]]]}},{"type":"Feature","properties":{"rain":0.0,"period":"1day","row":34,"col":32,"distance_miles":25.3},"geometry":{"type":"Polygon","coordinates":[[[-88.09675549346306,39.79788975247314],[-88.04988913757315,39.78693057077955],[-88.06415778441264,39.750929982742704],[-88.11098937810199,39.761876982186855],[-88.09675549346306,39.79788975247314]]]}},{"type":"Feature","properties":{"rain":0.0,"period":"1day","row":34,"col":33,"distance_miles":26.93},"geometry":{"type":"Polygon","coordinates":[[[-88.04988913757315,39.78693057077955],[-88.00304613765445,39.7759429305028],[-88.01734949125428,39.73995455159123],[-88.06415778441264,39.750929982742704],[-88.04988913757315,39.78693057077955]]]}},{"type":"Feature","properties":{"rain":0.0,"period":"1day","row":34,"col":34,"distance_miles":28.7},"geometry":{"type":"Polygon","coordinates":[[[-88.00304613765445,39.7759429305028],[-87.95622653882604,39.76492686167947],[-87.97056454367691,39.72895071870157],[-88.01734949125428,39.73995455159123],[-88.00304613765445,39.7759429305028]]]}},{"type":"Feature","properties":{"rain":0.0,"period":"1day","row":34,"col":35,"distance_miles":30.6},"geometry":{"type":"Polygon","coordinates":[[[-87.95622653882604,39.76492686167947],[-87.90943038603686,39.75388239439738],[-87.92380298656111,39.717918514094016],[-87.97056454367691,39.72895071870157],[-87.95622653882604,39.76492686167947]]]}},{"type":"Feature","properties":{"rain":0.0,"period":"1day","row":34,"col":36,"distance_miles":32.59},"geometry":{"type":"Polygon","coordinates":[[[-87.90943038603686,39.75388239439738],[-87.8626577240658,39.74280955879537],[-87.87706486461792,39.70685796783981],[-87.92380298656111,39.717918514094016],[-87.90943038603686,39.75388239439738]]]}},{"type":"Feature","properties":{"rain":0.0,"period":"1day","row":34,"col":37,"distance_miles":34.66},"geometry":{"type":"Polygon","coordinates":[[[-87.8626577240658,39.74280955879537],[-87.81590859752147,39.731708385063],[-87.83035022238883,39.695769110060844],[-87.87706486461792,39.70685796783981],[-87.8626577240658,39.74280955879537]]]}},{"type":"Feature","properties":{"rain":0.0,"period":"1day","row":34,"col":38,"distance_miles":36.8},"geometry":{"type":"Polygon","coordinates":[[[-87.81590859752147,39.731708385063],[-87.76918305084234,39.72057890344029],[-87.78365910424573,39.68465197092947],[-87.83035022238883,39.695769110060844],[-87.81590859752147,39.731708385063]]]}},{"type":"Feature","properties":{"rain":0.0,"period":"1day","row":34,"col":39,"distance_miles":39.0},"geometry":{"type":"Polygon","coordinates":[[[-87.76918305084234,39.72057890344029],[-87.72248112829658,39.70942114421748],[-87.73699155439083,39.67350658066815],[-87.78365910424573,39.68465197092947],[-87.76918305084234,39.72057890344029]]]}},{"type":"Feature","properties":{"rain":0.0,"period":"1day","row":34,"col":40,"distance_miles":41.24},"geometry":{"type":"Polygon","coordinates":[[[-87.72248112829658,39.70942114421748],[-87.67580287398201,39.6982351377348],[-87.6903476168567,39.66233296954931],[-87.73699155439083,39.67350658066815],[-87.72248112829658,39.70942114421748]]]}},{"type":"Feature","properties":{"rain":0.0,"period":"1day","row":34,"col":41,"distance_miles":43.53},"geometry":{"type":"Polygon","coordinates":[[[-87.67580287398201,39.6982351377348],[-87.62914833182613,39.68702091438209],[-87.64372733550611,39.651131167894945],[-87.6903476168567,39.66233296954931],[-87.67580287398201,39.6982351377348]]]}},{"type":"Feature","properties":{"rain":0.0,"period":"1day","row":34,"col":42,"distance_miles":45.85},"geometry":{"type":"Polygon","coordinates":[[[-87.62914833182613,39.68702091438209],[-87.58251754558603,39.67577850459872],[-87.59713075403208,39.639901206076495],[-87.64372733550611,39.651131167894945],[-87.62914833182613,39.68702091438209]]]}},{"type":"Feature","properties":{"rain":0.0,"period":"1day","row":34,"col":43,"distance_miles":48.2},"geometry":{"type":"Polygon","coordinates":[[[-87.58251754558603,39.67577850459872],[-87.53591055884836,39.66450793887318],[-87.55055791595784,39.62864311451447],[-87.59713075403208,39.639901206076495],[-87.58251754558603,39.67577850459872]]]}},{"type":"Feature","properties":{"rain":0.0,"period":"1day","row":35,"col":10,"distance_miles":48.29},"geometry":{"type":"Polygon","coordinates":[[[-89.1470861531574,39.99545775511919],[-89.09975368755237,39.98514372853746],[-89.11322262148092,39.94888973120886],[-89.16051917286244,39.95919220137043],[-89.1470861531574,39.99545775511919]]]}},{"type":"Feature","properties":{"rain":0.0,"period":"1day","row":35,"col":11,"distance_miles":46.01},"geometry":{"type":"Polygon","coordinates":[[[-89.09975368755237,39.98514372853746],[-89.05244348864954,39.97480062440278],[-89.06594828320647,39.9385582118077],[-89.11322262148092,39.94888973120886],[-89.09975368755237,39.98514372853746]]]}},{"type":"Feature","properties":{"rain":0.0,"period":"1day","row":35,"col":12,"distance_miles":43.76},"geometry":{"type":"Polygon","coordinates":[[[-89.05244348864954,39.97480062440278],[-89.00515560520785,39.96442847149262],[-89.01869620671526,39.92819767187868],[-89.06594828320647,39.9385582118077],[-89.05244348864954,39.97480062440278]]]}},{"type":"Feature","properties":{"rain":0.0,"period":"1day","row":35,"col":13,"distance_miles":41.56},"geometry":{"type":"Polygon","coordinates":[[[-89.00515560520785,39.96442847149262],[-88.9578900858186,39.95402729864139],[-88.9714664405165,39.91780814019031],[-89.01869620671526,39.92819767187868],[-89.00515560520785,39.96442847149262]]]}},{"type":"Feature","properties":{"rain":0.0,"period":"1day","row":35,"col":14,"distance_miles":39.41},"geometry":{"type":"Polygon","coordinates":[[[-88.9578900858186,39.95402729864139],[-88.91064697890545,39.943597134740095],[-88.9242590329523,39.90738964556766],[-88.9714664405165,39.91780814019031],[-88.9578900858186,39.95402729864139]]]}},{"type":"Feature","properties":{"rain":0.0,"period":"1day","row":35,"col":15,"distance_miles":37.32},"geometry":{"type":"Polygon","coordinates":[[[-88.91064697890545,39.943597134740095],[-88.8634263327242,39.93313800873606],[-88.87707403219764,39.89694221689205],[-88.9242590329523,39.90738964556766],[-88.91064697890545,39.943597134740095]]]}},{"type":"Feature","properties":{"rain":0.0,"period":"1day","row":35,"col":16,"distance_miles":35.3},"geometry":{"type":"Polygon","coordinates":[[[-88.8634263327242,39.93313800873606],[-88.81622819536277,39.92264994963276],[-88.82991148626017,39.88646588310086],[-88.87707403219764,39.89694221689205],[-88.8634263327242,39.93313800873606]]]}},{"type":"Feature","properties":{"rain":0.0,"period":"1day","row":35,"col":17,"distance_miles":33.36},"geometry":{"type":"Polygon","coordinates":[[[-88.81622819536277,39.92264994963276],[-88.769052614741,39.91213298648949],[-88.78277144298013,39.87596067318722],[-88.82991148626017,39.88646588310086],[-88.81622819536277,39.92264994963276]]]}},{"type":"Feature","properties":{"rain":0.0,"period":"1day","row":35,"col":18,"distance_miles":31.52},"geometry":{"type":"Polygon","coordinates":[[[-88.769052614741,39.91213298648949],[-88.72189963861065,39.90158714842113],[-88.7356539500303,39.86542661619978],[-88.78277144298013,39.87596067318722],[-88.769052614741,39.91213298648949]]]}},{"type":"Feature","properties":{"rain":0.0,"period":"1day","row":35,"col":19,"distance_miles":29.79},"geometry":{"type":"Polygon","coordinates":[[[-88.72189963861065,39.90158714842113],[-88.67476931455522,39.89101246459787],[-88.68855905491581,39.854863741242426],[-88.7356539500303,39.86542661619978],[-88.72189963861065,39.90158714842113]]]}},{"type":"Feature","properties":{"rain":0.0,"period":"1day","row":35,"col":20,"distance_miles":28.2},"geometry":{"type":"Polygon","coordinates":[[[-88.67476931455522,39.89101246459787],[-88.62766168998992,39.880408964245035],[-88.64148680497414,39.84427207747407],[-88.68855905491581,39.854863741242426],[-88.67476931455522,39.89101246459787]]]}},{"type":"Feature","properties":{"rain":0.0,"period":"1day","row":35,"col":21,"distance_miles":26.78},"geometry":{"type":"Polygon","coordinates":[[[-88.62766168998992,39.880408964245035],[-88.58057681216151,39.86977667664266],[-88.59443724737494,39.83365165410834],[-88.64148680497414,39.84427207747407],[-88.62766168998992,39.880408964245035]]]}},{"type":"Feature","properties":{"rain":0.0,"period":"1day","row":35,"col":22,"distance_miles":25.53},"geometry":{"type":"Polygon","coordinates":[[[-88.58057681216151,39.86977667664266],[-88.53351472814823,39.859115631125405],[-88.54741042912002,39.82300250041335],[-88.59443724737494,39.83365165410834],[-88.58057681216151,39.86977667664266]]]}},{"type":"Feature","properties":{"rain":0.0,"period":"1day","row":35,"col":23,"distance_miles":24.51},"geometry":{"type":"Polygon","coordinates":[[[-88.53351472814823,39.859115631125405],[-88.48647548485975,39.84842585708221],[-88.5004063970432,39.812324645711456],[-88.54741042912002,39.82300250041335],[-88.53351472814823,39.859115631125405]]]}},{"type":"Feature","properties":{"rain":0.0,"period":"1day","row":35,"col":24,"distance_miles":23.73},"geometry":{"type":"Polygon","coordinates":[[[-88.48647548485975,39.84842585708221],[-88.43945912903709,39.837707383956044],[-88.45342519781019,39.80161811937896],[-88.5004063970432,39.812324645711456],[-88.48647548485975,39.84842585708221]]]}},{"type":"Feature","properties":{"rain":0.0,"period":"1day","row":35,"col":25,"distance_miles":23.22},"geometry":{"type":"Polygon","coordinates":[[[-88.43945912903709,39.837707383956044],[-88.39246570725243,39.826960241243626],[-88.40646687791866,39.790882950845884],[-88.45342519781019,39.80161811937896],[-88.43945912903709,39.837707383956044]]]}},{"type":"Feature","properties":{"rain":0.0,"period":"1day","row":35,"col":26,"distance_miles":23.0},"geometry":{"type":"Polygon","coordinates":[[[-88.39246570725243,39.826960241243626],[-88.34549526590912,39.81618445849527],[-88.35953148369799,39.78011916959571],[-88.40646687791866,39.790882950845884],[-88.39246570725243,39.826960241243626]]]}},{"type":"Feature","properties":{"rain":0.0,"period":"1day","row":35,"col":27,"distance_miles":23.07},"geometry":{"type":"Polygon","coordinates":[[[-88.34549526590912,39.81618445849527],[-88.29854785124162,39.80538006531445],[-88.31261906130926,39.769326805165086],[-88.35953148369799,39.78011916959571],[-88.34549526590912,39.81618445849527]]]}},{"type":"Feature","properties":{"rain":0.0,"period":"1day","row":35,"col":28,"distance_miles":23.43},"geometry":{"type":"Polygon","coordinates":[[[-88.29854785124162,39.80538006531445],[-88.25162350931538,39.79454709135771],[-88.26572965674522,39.75850588714365],[-88.31261906130926,39.769326805165086],[-88.29854785124162,39.80538006531445]]]}},{"type":"Feature","properties":{"rain":0.0,"period":"1day","row":35,"col":29,"distance_miles":24.07},"geometry":{"type":"Polygon","coordinates":[[[-88.25162350931538,39.79454709135771],[-88.20472228602674,39.78368556633433],[-88.21886331583012,39.74765644517367],[-88.26572965674522,39.75850588714365],[-88.25162350931538,39.79454709135771]]]}},{"type":"Feature","properties":{"rain":0.0,"period":"1day","row":35,"col":30,"distance_miles":24.97},"geometry":{"type":"Polygon","coordinates":[[[-88.20472228602674,39.78368556633433],[-88.15784422710294,39.77279552000604],[-88.17202008421968,39.73677850894986],[-88.21886331583012,39.74765644517367],[-88.20472228602674,39.78368556633433]]]}},{"type":"Feature","properties":{"rain":0.0,"period":"1day","row":35,"col":31,"distance_miles":26.1},"geometry":{"type":"Polygon","coordinates":[[[-88.15784422710294,39.77279552000604],[-88.11098937810199,39.761876982186855],[-88.12520000740112,39.725872108219086],[-88.17202008421968,39.73677850894986],[-88.15784422710294,39.77279552000604]]]}},{"type":"Feature","properties":{"rain":0.0,"period":"1day","row":35,"col":32,"distance_miles":27.44},"geometry":{"type":"Polygon","coordinates":[[[-88.11098937810199,39.761876982186855],[-88.06415778441264,39.750929982742704],[-88.07840313069289,39.71493727278013],[-88.12520000740112,39.725872108219086],[-88.11098937810199,39.761876982186855]]]}},{"type":"Feature","properties":{"rain":0.0,"period":"1day","row":35,"col":33,"distance_miles":28.94},"geometry":{"type":"Polygon","coordinates":[[[-88.06415778441264,39.750929982742704],[-88.01734949125428,39.73995455159123],[-88.03162949924484,39.70397403248346],[-88.07840313069289,39.71493727278013],[-88.06415778441264,39.750929982742704]]]}},{"type":"Feature","properties":{"rain":0.0,"period":"1day","row":35,"col":34,"distance_miles":30.6},"geometry":{"type":"Polygon","coordinates":[[[-88.01734949125428,39.73995455159123],[-87.97056454367691,39.72895071870157],[-87.98487915803798,39.69298241723084],[-88.03162949924484,39.70397403248346],[-88.01734949125428,39.73995455159123]]]}},{"type":"Feature","properties":{"rain":0.0,"period":"1day","row":35,"col":35,"distance_miles":32.38},"geometry":{"type":"Polygon","coordinates":[[[-87.97056454367691,39.72895071870157],[-87.92380298656111,39.717918514094016],[-87.93815215188451,39.68196245697527],[-87.98487915803798,39.69298241723084],[-87.97056454367691,39.72895071870157]]]}},{"type":"Feature","properties":{"rain":0.0,"period":"1day","row":35,"col":36,"distance_miles":34.26},"geometry":{"type":"Polygon","coordinates":[[[-87.92380298656111,39.717918514094016],[-87.87706486461792,39.70685796783981],[-87.89144852542769,39.670914181720576],[-87.93815215188451,39.68196245697527],[-87.92380298656111,39.717918514094016]]]}},{"type":"Feature","properties":{"rain":0.0,"period":"1day","row":35,"col":37,"distance_miles":36.24},"geometry":{"type":"Polygon","coordinates":[[[-87.87706486461792,39.70685796783981],[-87.83035022238883,39.695769110060844],[-87.84476832314195,39.6598376215212],[-87.89144852542769,39.670914181720576],[-87.87706486461792,39.70685796783981]]]}},{"type":"Feature","properties":{"rain":0.0,"period":"1day","row":35,"col":38,"distance_miles":38.29},"geometry":{"type":"Polygon","coordinates":[[[-87.83035022238883,39.695769110060844],[-87.78365910424573,39.68465197092947],[-87.7981115893326,39.64873280648197],[-87.84476832314195,39.6598376215212],[-87.83035022238883,39.695769110060844]]]}},{"type":"Feature","properties":{"rain":0.0,"period":"1day","row":35,"col":39,"distance_miles":40.41},"geometry":{"type":"Polygon","coordinates":[[[-87.78365910424573,39.68465197092947],[-87.73699155439083,39.67350658066815],[-87.75147836813605,39.63759976675782],[-87.7981115893326,39.64873280648197],[-87.78365910424573,39.68465197092947]]]}},{"type":"Feature","properties":{"rain":0.0,"period":"1day","row":35,"col":40,"distance_miles":42.58},"geometry":{"type":"Polygon","coordinates":[[[-87.73699155439083,39.67350658066815],[-87.6903476168567,39.66233296954931],[-87.70486870351954,39.6264385325535],[-87.75147836813605,39.63759976675782],[-87.73699155439083,39.67350658066815]]]}},{"type":"Feature","properties":{"rain":0.0,"period":"1day","row":35,"col":41,"distance_miles":44.79},"geometry":{"type":"Polygon","coordinates":[[[-87.6903476168567,39.66233296954931],[-87.64372733550611,39.651131167894945],[-87.65828263928121,39.61524913412337],[-87.70486870351954,39.6264385325535],[-87.6903476168567,39.66233296954931]]]}},{"type":"Feature","properties":{"rain":0.0,"period":"1day","row":35,"col":42,"distance_miles":47.05},"geometry":{"type":"Polygon","coordinates":[[[-87.64372733550611,39.651131167894945],[-87.59713075403208,39.639901206076495],[-87.61172021905007,39.6040316017711],[-87.65828263928121,39.61524913412337],[-87.64372733550611,39.651131167894945]]]}},{"type":"Feature","properties":{"rain":0.0,"period":"1day","row":35,"col":43,"distance_miles":49.34},"geometry":{"type":"Polygon","coordinates":[[[-87.59713075403208,39.639901206076495],[-87.55055791595784,39.62864311451447],[-87.56518148628587,39.5927859658495],[-87.61172021905007,39.6040316017711],[-87.59713075403208,39.639901206076495]]]}},{"type":"Feature","properties":{"rain":0.0,"period":"1day","row":36,"col":10,"distance_miles":49.58},"geometry":{"type":"Polygon","coordinates":[[[-89.16051917286244,39.95919220137043],[-89.11322262148092,39.94888973120886],[-89.1266693422746,39.91264401759321],[-89.17393002827563,39.92293494891529],[-89.16051917286244,39.95919220137043]]]}},{"type":"Feature","properties":{"rain":0.0,"period":"1day","row":36,"col":11,"distance_miles":47.36},"geometry":{"type":"Polygon","coordinates":[[[-89.11322262148092,39.94888973120886],[-89.06594828320647,39.9385582118077],[-89.07943081595232,39.90232406531445],[-89.1266693422746,39.91264401759321],[-89.11322262148092,39.94888973120886]]]}},{"type":"Feature","properties":{"rain":0.0,"period":"1day","row":36,"col":12,"distance_miles":45.18},"geometry":{"type":"Polygon","coordinates":[[[-89.06594828320647,39.9385582118077],[-89.01869620671526,39.92819767187868],[-89.03221449790237,39.891975120725185],[-89.07943081595232,39.90232406531445],[-89.06594828320647,39.9385582118077]]]}},{"type":"Feature","properties":{"rain":0.0,"period":"1day","row":36,"col":13,"distance_miles":43.06},"geometry":{"type":"Polygon","coordinates":[[[-89.01869620671526,39.92819767187868],[-88.9714664405165,39.91780814019031],[-88.98502043655193,39.88159721252823],[-89.03221449790237,39.891975120725185],[-89.01869620671526,39.92819767187868]]]}},{"type":"Feature","properties":{"rain":0.0,"period":"1day","row":36,"col":14,"distance_miles":40.98},"geometry":{"type":"Polygon","coordinates":[[[-88.9714664405165,39.91780814019031],[-88.9242590329523,39.90738964556766],[-88.93784868016175,39.87119036948289],[-88.98502043655193,39.88159721252823],[-88.9714664405165,39.91780814019031]]]}},{"type":"Feature","properties":{"rain":0.0,"period":"1day","row":36,"col":15,"distance_miles":38.98},"geometry":{"type":"Polygon","coordinates":[[[-88.9242590329523,39.90738964556766],[-88.87707403219764,39.89694221689205],[-88.89069927682601,39.86075462040469],[-88.93784868016175,39.87119036948289],[-88.9242590329523,39.90738964556766]]]}},{"type":"Feature","properties":{"rain":0.0,"period":"1day","row":36,"col":16,"distance_miles":37.05},"geometry":{"type":"Polygon","coordinates":[[[-88.87707403219764,39.89694221689205],[-88.82991148626017,39.88646588310086],[-88.84357227447222,39.850289994165095],[-88.89069927682601,39.86075462040469],[-88.87707403219764,39.89694221689205]]]}},{"type":"Feature","properties":{"rain":0.0,"period":"1day","row":36,"col":17,"distance_miles":35.2},"geometry":{"type":"Polygon","coordinates":[[[-88.82991148626017,39.88646588310086],[-88.78277144298013,39.87596067318722],[-88.79646772086114,39.839796519691255],[-88.84357227447222,39.850289994165095],[-88.82991148626017,39.88646588310086]]]}},{"type":"Feature","properties":{"rain":0.0,"period":"1day","row":36,"col":18,"distance_miles":33.46},"geometry":{"type":"Polygon","coordinates":[[[-88.78277144298013,39.87596067318722],[-88.7356539500303,39.86542661619978],[-88.74938566358662,39.829274225965776],[-88.79646772086114,39.839796519691255],[-88.78277144298013,39.87596067318722]]]}},{"type":"Feature","properties":{"rain":0.0,"period":"1day","row":36,"col":19,"distance_miles":31.84},"geometry":{"type":"Polygon","coordinates":[[[-88.7356539500303,39.86542661619978],[-88.68855905491581,39.854863741242426],[-88.7023261500756,39.81872314202643],[-88.74938566358662,39.829274225965776],[-88.7356539500303,39.86542661619978]]]}},{"type":"Feature","properties":{"rain":0.0,"period":"1day","row":36,"col":20,"distance_miles":30.36},"geometry":{"type":"Polygon","coordinates":[[[-88.68855905491581,39.854863741242426],[-88.64148680497414,39.84427207747407],[-88.65528922758787,39.80814329696593],[-88.7023261500756,39.81872314202643],[-88.68855905491581,39.854863741242426]]]}},{"type":"Feature","properties":{"rain":0.0,"period":"1day","row":36,"col":21,"distance_miles":29.04},"geometry":{"type":"Polygon","coordinates":[[[-88.64148680497414,39.84427207747407],[-88.59443724737494,39.83365165410834],[-88.60827494321612,39.79753471993164],[-88.65528922758787,39.80814329696593],[-88.64148680497414,39.84427207747407]]]}},{"type":"Feature","properties":{"rain":0.0,"period":"1day","row":36,"col":22,"distance_miles":27.9},"geometry":{"type":"Polygon","coordinates":[[[-88.59443724737494,39.83365165410834],[-88.54741042912002,39.82300250041335],[-88.56128334388572,39.78689744012536],[-88.60827494321612,39.79753471993164],[-88.59443724737494,39.83365165410834]]]}},{"type":"Feature","properties":{"rain":0.0,"period":"1day","row":36,"col":23,"distance_miles":26.96},"geometry":{"type":"Polygon","coordinates":[[[-88.54741042912002,39.82300250041335],[-88.5004063970432,39.812324645711456],[-88.51431447635474,39.77623148680302],[-88.56128334388572,39.78689744012536],[-88.54741042912002,39.82300250041335]]]}},{"type":"Feature","properties":{"rain":0.0,"period":"1day","row":36,"col":24,"distance_miles":26.26},"geometry":{"type":"Polygon","coordinates":[[[-88.5004063970432,39.812324645711456],[-88.45342519781019,39.80161811937896],[-88.4673683872138,39.76553688927447],[-88.51431447635474,39.77623148680302],[-88.5004063970432,39.812324645711456]]]}},{"type":"Feature","properties":{"rain":0.0,"period":"1day","row":36,"col":25,"distance_miles":25.8},"geometry":{"type":"Polygon","coordinates":[[[-88.45342519781019,39.80161811937896],[-88.40646687791866,39.790882950845884],[-88.42044512288601,39.75481367690319],[-88.4673683872138,39.76553688927447],[-88.45342519781019,39.80161811937896]]]}},{"type":"Feature","properties":{"rain":0.0,"period":"1day","row":36,"col":26,"distance_miles":25.59},"geometry":{"type":"Polygon","coordinates":[[[-88.40646687791866,39.790882950845884],[-88.35953148369799,39.78011916959571],[-88.37354472962686,39.74406187910606],[-88.42044512288601,39.75481367690319],[-88.40646687791866,39.790882950845884]]]}},{"type":"Feature","properties":{"rain":0.0,"period":"1day","row":36,"col":27,"distance_miles":25.66},"geometry":{"type":"Polygon","coordinates":[[[-88.35953148369799,39.78011916959571],[-88.31261906130926,39.769326805165086],[-88.32666725352418,39.733281525353085],[-88.37354472962686,39.74406187910606],[-88.35953148369799,39.78011916959571]]]}},{"type":"Feature","properties":{"rain":0.0,"period":"1day","row":36,"col":28,"distance_miles":25.98},"geometry":{"type":"Polygon","coordinates":[[[-88.31261906130926,39.769326805165086],[-88.26572965674522,39.75850588714365],[-88.27981274049804,39.72247264516714],[-88.32666725352418,39.733281525353085],[-88.31261906130926,39.769326805165086]]]}},{"type":"Feature","properties":{"rain":0.0,"period":"1day","row":36,"col":29,"distance_miles":26.56},"geometry":{"type":"Polygon","coordinates":[[[-88.26572965674522,39.75850588714365],[-88.21886331583012,39.74765644517367],[-88.2329812363007,39.711635268123715],[-88.27981274049804,39.72247264516714],[-88.26572965674522,39.75850588714365]]]}},{"type":"Feature","properties":{"rain":0.0,"period":"1day","row":36,"col":30,"distance_miles":27.38},"geometry":{"type":"Polygon","coordinates":[[[-88.21886331583012,39.74765644517367],[-88.17202008421968,39.73677850894986],[-88.18617278651647,39.70076942385066],[-88.2329812363007,39.711635268123715],[-88.21886331583012,39.74765644517367]]]}},{"type":"Feature","properties":{"rain":0.0,"period":"1day","row":36,"col":31,"distance_miles":28.41},"geometry":{"type":"Polygon","coordinates":[[[-88.17202008421968,39.73677850894986],[-88.12520000740112,39.725872108219086],[-88.13938743656175,39.68987514202794],[-88.18617278651647,39.70076942385066],[-88.17202008421968,39.73677850894986]]]}},{"type":"Feature","properties":{"rain":0.0,"period":"1day","row":36,"col":32,"distance_miles":29.64},"geometry":{"type":"Polygon","coordinates":[[[-88.12520000740112,39.725872108219086],[-88.07840313069289,39.71493727278013],[-88.09262523168488,39.678952452387335],[-88.13938743656175,39.68987514202794],[-88.12520000740112,39.725872108219086]]]}},{"type":"Feature","properties":{"rain":0.0,"period":"1day","row":36,"col":33,"distance_miles":31.04},"geometry":{"type":"Polygon","coordinates":[[[-88.07840313069289,39.71493727278013],[-88.03162949924484,39.70397403248346],[-88.04588621696611,39.66800138471228],[-88.09262523168488,39.678952452387335],[-88.07840313069289,39.71493727278013]]]}},{"type":"Feature","properties":{"rain":0.0,"period":"1day","row":36,"col":34,"distance_miles":32.59},"geometry":{"type":"Polygon","coordinates":[[[-88.03162949924484,39.70397403248346],[-87.98487915803798,39.69298241723084],[-87.99917043731755,39.65702196883746],[-88.04588621696611,39.66800138471228],[-88.03162949924484,39.70397403248346]]]}},{"type":"Feature","properties":{"rain":0.0,"period":"1day","row":36,"col":35,"distance_miles":34.26},"geometry":{"type":"Polygon","coordinates":[[[-87.98487915803798,39.69298241723084],[-87.93815215188451,39.68196245697527],[-87.95247793748304,39.64601423464872],[-87.99917043731755,39.65702196883746],[-87.98487915803798,39.69298241723084]]]}},{"type":"Feature","properties":{"rain":0.0,"period":"1day","row":36,"col":36,"distance_miles":36.05},"geometry":{"type":"Polygon","coordinates":[[[-87.93815215188451,39.68196245697527],[-87.89144852542769,39.670914181720576],[-87.90580876203825,39.63497821208263],[-87.95247793748304,39.64601423464872],[-87.93815215188451,39.68196245697527]]]}},{"type":"Feature","properties":{"rain":0.0,"period":"1day","row":36,"col":37,"distance_miles":37.93},"geometry":{"type":"Polygon","coordinates":[[[-87.89144852542769,39.670914181720576],[-87.84476832314195,39.6598376215212],[-87.85916295539045,39.62391393112642],[-87.90580876203825,39.63497821208263],[-87.89144852542769,39.670914181720576]]]}},{"type":"Feature","properties":{"rain":0.0,"period":"1day","row":36,"col":38,"distance_miles":39.9},"geometry":{"type":"Polygon","coordinates":[[[-87.84476832314195,39.6598376215212],[-87.7981115893326,39.64873280648197],[-87.81254056177853,39.61282142181756],[-87.85916295539045,39.62391393112642],[-87.84476832314195,39.6598376215212]]]}},{"type":"Feature","properties":{"rain":0.0,"period":"1day","row":36,"col":39,"distance_miles":41.93},"geometry":{"type":"Polygon","coordinates":[[[-87.7981115893326,39.64873280648197],[-87.75147836813605,39.63759976675782],[-87.76594162527304,39.60170071424359],[-87.81254056177853,39.61282142181756],[-87.7981115893326,39.64873280648197]]]}},{"type":"Feature","properties":{"rain":0.0,"period":"1day","row":36,"col":40,"distance_miles":44.02},"geometry":{"type":"Polygon","coordinates":[[[-87.75147836813605,39.63759976675782],[-87.70486870351954,39.6264385325535],[-87.71936618977601,39.590551838541884],[-87.76594162527304,39.60170071424359],[-87.75147836813605,39.63759976675782]]]}},{"type":"Feature","properties":{"rain":0.0,"period":"1day","row":36,"col":41,"distance_miles":46.17},"geometry":{"type":"Polygon","coordinates":[[[-87.70486870351954,39.6264385325535],[-87.65828263928121,39.61524913412337],[-87.67281429902096,39.57937482489925],[-87.71936618977601,39.590551838541884],[-87.70486870351954,39.6264385325535]]]}},{"type":"Feature","properties":{"rain":0.0,"period":"1day","row":36,"col":42,"distance_miles":48.36},"geometry":{"type":"Polygon","coordinates":[[[-87.65828263928121,39.61524913412337],[-87.61172021905007,39.6040316017711],[-87.62628599657288,39.56816970355189],[-87.67281429902096,39.57937482489925],[-87.65828263928121,39.61524913412337]]]}},{"type":"Feature","properties":{"rain":0.0,"period":"1day","row":37,"col":11,"distance_miles":48.81},"geometry":{"type":"Polygon","coordinates":[[[-89.1266693422746,39.91264401759321],[-89.07943081595232,39.90232406531445],[-89.09289114039814,39.866098195600735],[-89.14009390336176,39.8764065983312],[-89.1266693422746,39.91264401759321]]]}},{"type":"Feature","properties":{"rain":0.0,"period":"1day","row":37,"col":12,"distance_miles":46.71},"geometry":{"type":"Polygon","coordinates":[[[-89.07943081595232,39.90232406531445],[-89.03221449790237,39.891975120725185],[-89.04571053236225,39.855760828746824],[-89.09289114039814,39.866098195600735],[-89.07943081595232,39.90232406531445]]]}},{"type":"Feature","properties":{"rain":0.0,"period":"1day","row":37,"col":13,"distance_miles":44.65},"geometry":{"type":"Polygon","coordinates":[[[-89.03221449790237,39.891975120725185],[-88.98502043655193,39.88159721252823],[-88.99855212759937,39.84539452640684],[-89.04571053236225,39.855760828746824],[-89.03221449790237,39.891975120725185]]]}},{"type":"Feature","properties":{"rain":0.0,"period":"1day","row":37,"col":14,"distance_miles":42.66},"geometry":{"type":"Polygon","coordinates":[[[-88.98502043655193,39.88159721252823],[-88.93784868016175,39.87119036948289],[-88.95141597428898,39.83499931727453],[-88.99855212759937,39.84539452640684],[-88.98502043655193,39.88159721252823]]]}},{"type":"Feature","properties":{"rain":0.0,"period":"1day","row":37,"col":15,"distance_miles":40.73},"geometry":{"type":"Polygon","coordinates":[[[-88.93784868016175,39.87119036948289],[-88.89069927682601,39.86075462040469],[-88.90430212044463,39.824575230099775],[-88.95141597428898,39.83499931727453],[-88.93784868016175,39.87119036948289]]]}},{"type":"Feature","properties":{"rain":0.0,"period":"1day","row":37,"col":16,"distance_miles":38.89},"geometry":{"type":"Polygon","coordinates":[[[-88.89069927682601,39.86075462040469],[-88.84357227447222,39.850289994165095],[-88.85721061391375,39.81412229368832],[-88.90430212044463,39.824575230099775],[-88.89069927682601,39.86075462040469]]]}},{"type":"Feature","properties":{"rain":0.0,"period":"1day","row":37,"col":17,"distance_miles":37.14},"geometry":{"type":"Polygon","coordinates":[[[-88.84357227447222,39.850289994165095],[-88.79646772086114,39.839796519691255],[-88.81014150237775,39.80364053690153],[-88.85721061391375,39.81412229368832],[-88.84357227447222,39.850289994165095]]]}},{"type":"Feature","properties":{"rain":0.0,"period":"1day","row":37,"col":18,"distance_miles":35.49},"geometry":{"type":"Polygon","coordinates":[[[-88.79646772086114,39.839796519691255],[-88.74938566358662,39.829274225965776],[-88.76309483335166,39.793129988656176],[-88.81014150237775,39.80364053690153],[-88.79646772086114,39.839796519691255]]]}},{"type":"Feature","properties":{"rain":0.0,"period":"1day","row":37,"col":19,"distance_miles":33.97},"geometry":{"type":"Polygon","coordinates":[[[-88.74938566358662,39.829274225965776],[-88.7023261500756,39.81872314202643],[-88.71607065418424,39.782590677924055],[-88.76309483335166,39.793129988656176],[-88.74938566358662,39.829274225965776]]]}},{"type":"Feature","properties":{"rain":0.0,"period":"1day","row":37,"col":20,"distance_miles":32.58},"geometry":{"type":"Polygon","coordinates":[[[-88.7023261500756,39.81872314202643],[-88.65528922758787,39.80814329696593],[-88.66906901205778,39.77202263373191],[-88.71607065418424,39.782590677924055],[-88.7023261500756,39.81872314202643]]]}},{"type":"Feature","properties":{"rain":0.0,"period":"1day","row":37,"col":21,"distance_miles":31.35},"geometry":{"type":"Polygon","coordinates":[[[-88.65528922758787,39.80814329696593],[-88.60827494321612,39.79753471993164],[-88.62208995398802,39.76142588516102],[-88.66906901205778,39.77202263373191],[-88.65528922758787,39.80814329696593]]]}},{"type":"Feature","properties":{"rain":0.0,"period":"1day","row":37,"col":22,"distance_miles":30.3},"geometry":{"type":"Polygon","coordinates":[[[-88.60827494321612,39.79753471993164],[-88.56128334388572,39.78689744012536],[-88.57513352682408,39.75080046134703],[-88.62208995398802,39.76142588516102],[-88.60827494321612,39.79753471993164]]]}},{"type":"Feature","properties":{"rain":0.0,"period":"1day","row":37,"col":23,"distance_miles":29.44},"geometry":{"type":"Polygon","coordinates":[[[-88.56128334388572,39.78689744012536],[-88.51431447635474,39.77623148680302],[-88.52819977724832,39.74014639147969],[-88.57513352682408,39.75080046134703],[-88.56128334388572,39.78689744012536]]]}},{"type":"Feature","properties":{"rain":0.0,"period":"1day","row":37,"col":24,"distance_miles":28.79},"geometry":{"type":"Polygon","coordinates":[[[-88.51431447635474,39.77623148680302],[-88.4673683872138,39.76553688927447],[-88.48128875177633,39.72946370480255],[-88.52819977724832,39.74014639147969],[-88.51431447635474,39.77623148680302]]]}},{"type":"Feature","properties":{"rain":0.0,"period":"1day","row":37,"col":25,"distance_miles":28.37},"geometry":{"type":"Polygon","coordinates":[[[-88.4673683872138,39.76553688927447],[-88.42044512288601,39.75481367690319],[-88.43440049675675,39.71875243061274],[-88.48128875177633,39.72946370480255],[-88.4673683872138,39.76553688927447]]]}},{"type":"Feature","properties":{"rain":0.0,"period":"1day","row":37,"col":26,"distance_miles":28.19},"geometry":{"type":"Polygon","coordinates":[[[-88.42044512288601,39.75481367690319],[-88.37354472962686,39.74406187910606],[-88.3875350583713,39.70801259826072],[-88.43440049675675,39.71875243061274],[-88.42044512288601,39.75481367690319]]]}},{"type":"Feature","properties":{"rain":0.0,"period":"1day","row":37,"col":27,"distance_miles":28.25},"geometry":{"type":"Polygon","coordinates":[[[-88.37354472962686,39.74406187910606],[-88.32666725352418,39.733281525353085],[-88.34069248263457,39.69724423715004],[-88.3875350583713,39.70801259826072],[-88.37354472962686,39.74406187910606]]]}},{"type":"Feature","properties":{"rain":0.0,"period":"1day","row":37,"col":28,"distance_miles":28.54},"geometry":{"type":"Polygon","coordinates":[[[-88.32666725352418,39.733281525353085],[-88.27981274049804,39.72247264516714],[-88.2938728153941,39.68644737673701],[-88.34069248263457,39.69724423715004],[-88.32666725352418,39.733281525353085]]]}},{"type":"Feature","properties":{"rain":0.0,"period":"1day","row":37,"col":29,"distance_miles":29.07},"geometry":{"type":"Polygon","coordinates":[[[-88.27981274049804,39.72247264516714],[-88.2329812363007,39.711635268123715],[-88.24707610233014,39.67562204653052],[-88.2938728153941,39.68644737673701],[-88.27981274049804,39.72247264516714]]]}},{"type":"Feature","properties":{"rain":0.0,"period":"1day","row":37,"col":30,"distance_miles":29.82},"geometry":{"type":"Polygon","coordinates":[[[-88.2329812363007,39.711635268123715],[-88.18617278651647,39.70076942385066],[-88.20030238895573,39.66476827609177],[-88.24707610233014,39.67562204653052],[-88.2329812363007,39.711635268123715]]]}},{"type":"Feature","properties":{"rain":0.0,"period":"1day","row":37,"col":31,"distance_miles":30.77},"geometry":{"type":"Polygon","coordinates":[[[-88.18617278651647,39.70076942385066],[-88.13938743656175,39.68987514202794],[-88.15355172061652,39.65388609503396],[-88.20030238895573,39.66476827609177],[-88.18617278651647,39.70076942385066]]]}},{"type":"Feature","properties":{"rain":0.0,"period":"1day","row":37,"col":32,"distance_miles":31.9},"geometry":{"type":"Polygon","coordinates":[[[-88.13938743656175,39.68987514202794],[-88.09262523168488,39.678952452387335],[-88.10682414249072,39.64297553302213],[-88.15355172061652,39.65388609503396],[-88.13938743656175,39.68987514202794]]]}},{"type":"Feature","properties":{"rain":0.0,"period":"1day","row":37,"col":33,"distance_miles":33.21},"geometry":{"type":"Polygon","coordinates":[[[-88.09262523168488,39.678952452387335],[-88.04588621696611,39.66800138471228],[-88.06011969958912,39.63203661977281],[-88.10682414249072,39.64297553302213],[-88.09262523168488,39.678952452387335]]]}},{"type":"Feature","properties":{"rain":0.0,"period":"1day","row":37,"col":34,"distance_miles":34.66},"geometry":{"type":"Polygon","coordinates":[[[-88.04588621696611,39.66800138471228],[-87.99917043731755,39.65702196883746],[-88.01343843675497,39.621069385053815],[-88.06011969958912,39.63203661977281],[-88.04588621696611,39.66800138471228]]]}},{"type":"Feature","properties":{"rain":0.0,"period":"1day","row":37,"col":35,"distance_miles":36.24},"geometry":{"type":"Polygon","coordinates":[[[-87.99917043731755,39.65702196883746],[-87.95247793748304,39.64601423464872],[-87.96678039866386,39.61007385868399],[-88.01343843675497,39.621069385053815],[-87.99917043731755,39.65702196883746]]]}},{"type":"Feature","properties":{"rain":0.0,"period":"1day","row":37,"col":36,"distance_miles":37.93},"geometry":{"type":"Polygon","coordinates":[[[-87.95247793748304,39.64601423464872],[-87.90580876203825,39.63497821208263],[-87.92014562982376,39.59905007053292],[-87.96678039866386,39.61007385868399],[-87.95247793748304,39.64601423464872]]]}},{"type":"Feature","properties":{"rain":0.0,"period":"1day","row":37,"col":37,"distance_miles":39.72},"geometry":{"type":"Polygon","coordinates":[[[-87.90580876203825,39.63497821208263],[-87.85916295539045,39.62391393112642],[-87.87353417457497,39.58799805052071],[-87.92014562982376,39.59905007053292],[-87.90580876203825,39.63497821208263]]]}},{"type":"Feature","properties":{"rain":0.0,"period":"1day","row":37,"col":38,"distance_miles":41.6},"geometry":{"type":"Polygon","coordinates":[[[-87.85916295539045,39.62391393112642],[-87.81254056177853,39.61282142181756],[-87.82694607708999,39.576917828617724],[-87.87353417457497,39.58799805052071],[-87.85916295539045,39.62391393112642]]]}},{"type":"Feature","properties":{"rain":0.0,"period":"1day","row":37,"col":39,"distance_miles":43.55},"geometry":{"type":"Polygon","coordinates":[[[-87.81254056177853,39.61282142181756],[-87.76594162527304,39.60170071424359],[-87.7803813813735,39.5658094348443],[-87.82694607708999,39.576917828617724],[-87.81254056177853,39.61282142181756]]]}},{"type":"Feature","properties":{"rain":0.0,"period":"1day","row":37,"col":40,"distance_miles":45.57},"geometry":{"type":"Polygon","coordinates":[[[-87.76594162527304,39.60170071424359],[-87.71936618977601,39.590551838541884],[-87.7338401312624,39.55467289927055],[-87.7803813813735,39.5658094348443],[-87.76594162527304,39.60170071424359]]]}},{"type":"Feature","properties":{"rain":0.0,"period":"1day","row":37,"col":41,"distance_miles":47.64},"geometry":{"type":"Polygon","coordinates":[[[-87.71936618977601,39.590551838541884],[-87.67281429902096,39.57937482489925],[-87.68732237042563,39.54350825201601],[-87.7338401312624,39.55467289927055],[-87.71936618977601,39.590551838541884]]]}},{"type":"Feature","properties":{"rain":0.0,"period":"1day","row":37,"col":42,"distance_miles":49.77},"geometry":{"type":"Polygon","coordinates":[[[-87.67281429902096,39.57937482489925],[-87.62628599657288,39.56816970355189],[-87.64082814236421,39.532315523249515],[-87.68732237042563,39.54350825201601],[-87.67281429902096,39.57937482489925]]]}},{"type":"Feature","properties":{"rain":0.0,"period":"1day","row":38,"col":12,"distance_miles":48.32},"geometry":{"type":"Polygon","coordinates":[[[-89.09289114039814,39.866098195600735],[-89.04571053236225,39.855760828746824],[-89.05918436352145,39.81955480662274],[-89.10632930988861,39.82988061330877],[-89.09289114039814,39.866098195600735]]]}},{"type":"Feature","properties":{"rain":0.0,"period":"1day","row":38,"col":13,"distance_miles":46.33},"geometry":{"type":"Polygon","coordinates":[[[-89.04571053236225,39.855760828746824],[-88.99855212759937,39.84539452640684],[-89.01206156716667,39.80920009254223],[-89.05918436352145,39.81955480662274],[-89.04571053236225,39.855760828746824]]]}},{"type":"Feature","properties":{"rain":0.0,"period":"1day","row":38,"col":14,"distance_miles":44.42},"geometry":{"type":"Polygon","coordinates":[[[-88.99855212759937,39.84539452640684],[-88.95141597428898,39.83499931727453],[-88.96496096892253,39.79881649969559],[-89.01206156716667,39.80920009254223],[-88.99855212759937,39.84539452640684]]]}},{"type":"Feature","properties":{"rain":0.0,"period":"1day","row":38,"col":15,"distance_miles":42.57},"geometry":{"type":"Polygon","coordinates":[[[-88.95141597428898,39.83499931727453],[-88.90430212044463,39.824575230099775],[-88.91788261672204,39.78840405676726],[-88.96496096892253,39.79881649969559],[-88.95141597428898,39.83499931727453]]]}},{"type":"Feature","properties":{"rain":0.0,"period":"1day","row":38,"col":16,"distance_miles":40.81},"geometry":{"type":"Polygon","coordinates":[[[-88.90430212044463,39.824575230099775],[-88.85721061391375,39.81412229368832],[-88.87082655833274,39.77796279249747],[-88.91788261672204,39.78840405676726],[-88.90430212044463,39.824575230099775]]]}},{"type":"Feature","properties":{"rain":0.0,"period":"1day","row":38,"col":17,"distance_miles":39.15},"geometry":{"type":"Polygon","coordinates":[[[-88.85721061391375,39.81412229368832],[-88.81014150237775,39.80364053690153],[-88.82379284135668,39.767492735681984],[-88.87082655833274,39.77796279249747],[-88.85721061391375,39.81412229368832]]]}},{"type":"Feature","properties":{"rain":0.0,"period":"1day","row":38,"col":18,"distance_miles":37.59},"geometry":{"type":"Polygon","coordinates":[[[-88.81014150237775,39.80364053690153],[-88.76309483335166,39.793129988656176],[-88.77678151323025,39.75699391517187],[-88.82379284135668,39.767492735681984],[-88.81014150237775,39.80364053690153]]]}},{"type":"Feature","properties":{"rain":0.0,"period":"1day","row":38,"col":19,"distance_miles":36.15},"geometry":{"type":"Polygon","coordinates":[[[-88.76309483335166,39.793129988656176],[-88.71607065418424,39.782590677924055],[-88.72979262122415,39.74646635987323],[-88.77678151323025,39.75699391517187],[-88.76309483335166,39.793129988656176]]]}},{"type":"Feature","properties":{"rain":0.0,"period":"1day","row":38,"col":20,"distance_miles":34.85},"geometry":{"type":"Polygon","coordinates":[[[-88.71607065418424,39.782590677924055],[-88.66906901205778,39.77202263373191],[-88.68282621244322,39.73591009874698],[-88.72979262122415,39.74646635987323],[-88.71607065418424,39.782590677924055]]]}},{"type":"Feature","properties":{"rain":0.0,"period":"1day","row":38,"col":21,"distance_miles":33.71},"geometry":{"type":"Polygon","coordinates":[[[-88.66906901205778,39.77202263373191],[-88.62208995398802,39.76142588516102],[-88.63588233382634,39.725325160808495],[-88.68282621244322,39.73591009874698],[-88.66906901205778,39.77202263373191]]]}},{"type":"Feature","properties":{"rain":0.0,"period":"1day","row":38,"col":22,"distance_miles":32.73},"geometry":{"type":"Polygon","coordinates":[[[-88.62208995398802,39.76142588516102],[-88.57513352682408,39.75080046134703],[-88.58896103214646,39.71471157512747],[-88.63588233382634,39.725325160808495],[-88.62208995398802,39.76142588516102]]]}},{"type":"Feature","properties":{"rain":0.0,"period":"1day","row":38,"col":23,"distance_miles":31.94},"geometry":{"type":"Polygon","coordinates":[[[-88.57513352682408,39.75080046134703],[-88.52819977724832,39.74014639147969],[-88.54206235401035,39.704069370827625],[-88.58896103214646,39.71471157512747],[-88.57513352682408,39.75080046134703]]]}},{"type":"Feature","properties":{"rain":0.0,"period":"1day","row":38,"col":24,"distance_miles":31.34},"geometry":{"type":"Polygon","coordinates":[[[-88.52819977724832,39.74014639147969],[-88.48128875177633,39.72946370480255],[-88.49518634585861,39.69339857708643],[-88.54206235401035,39.704069370827625],[-88.52819977724832,39.74014639147969]]]}},{"type":"Feature","properties":{"rain":0.0,"period":"1day","row":38,"col":25,"distance_miles":30.95},"geometry":{"type":"Polygon","coordinates":[[[-88.48128875177633,39.72946370480255],[-88.43440049675675,39.71875243061274],[-88.44833305396554,39.682699223134854],[-88.49518634585861,39.69339857708643],[-88.48128875177633,39.72946370480255]]]}},{"type":"Feature","properties":{"rain":0.0,"period":"1day","row":38,"col":26,"distance_miles":30.78},"geometry":{"type":"Polygon","coordinates":[[[-88.43440049675675,39.71875243061274],[-88.3875350583713,39.70801259826072],[-88.40150252443912,39.67197133825712],[-88.44833305396554,39.682699223134854],[-88.43440049675675,39.71875243061274]]]}},{"type":"Feature","properties":{"rain":0.0,"period":"1day","row":38,"col":27,"distance_miles":30.84},"geometry":{"type":"Polygon","coordinates":[[[-88.3875350583713,39.70801259826072],[-88.34069248263457,39.69724423715004],[-88.35469480322087,39.6612149517905],[-88.40150252443912,39.67197133825712],[-88.3875350583713,39.70801259826072]]]}},{"type":"Feature","properties":{"rain":0.0,"period":"1day","row":38,"col":28,"distance_miles":31.11},"geometry":{"type":"Polygon","coordinates":[[[-88.34069248263457,39.69724423715004],[-88.2938728153941,39.68644737673701],[-88.30790993608575,39.65043009312494],[-88.35469480322087,39.6612149517905],[-88.34069248263457,39.69724423715004]]]}},{"type":"Feature","properties":{"rain":0.0,"period":"1day","row":38,"col":29,"distance_miles":31.59},"geometry":{"type":"Polygon","coordinates":[[[-88.2938728153941,39.68644737673701],[-88.24707610233014,39.67562204653052],[-88.26114796864219,39.639616791702935],[-88.30790993608575,39.65043009312494],[-88.2938728153941,39.68644737673701]]]}},{"type":"Feature","properties":{"rain":0.0,"period":"1day","row":38,"col":30,"distance_miles":32.28},"geometry":{"type":"Polygon","coordinates":[[[-88.24707610233014,39.67562204653052],[-88.20030238895573,39.66476827609177],[-88.21440894633191,39.62877507701916],[-88.26114796864219,39.639616791702935],[-88.24707610233014,39.67562204653052]]]}},{"type":"Feature","properties":{"rain":0.012,"period":"1day","row":38,"col":31,"distance_miles":33.16},"geometry":{"type":"Polygon","coordinates":[[[-88.20030238895573,39.66476827609177],[-88.15355172061652,39.65388609503396],[-88.16769291442994,39.61790497862032],[-88.21440894633191,39.62877507701916],[-88.20030238895573,39.66476827609177]]]}},{"type":"Feature","properties":{"rain":0.012,"period":"1day","row":38,"col":32,"distance_miles":34.21},"geometry":{"type":"Polygon","coordinates":[[[-88.15355172061652,39.65388609503396],[-88.10682414249072,39.64297553302213],[-88.12099991804445,39.607006526104804],[-88.16769291442994,39.61790497862032],[-88.15355172061652,39.65388609503396]]]}},{"type":"Feature","properties":{"rain":0.004,"period":"1day","row":38,"col":33,"distance_miles":35.43},"geometry":{"type":"Polygon","coordinates":[[[-88.10682414249072,39.64297553302213],[-88.06011969958912,39.63203661977281],[-88.0743300021168,39.59607974912252],[-88.12099991804445,39.607006526104804],[-88.10682414249072,39.64297553302213]]]}},{"type":"Feature","properties":{"rain":0.0,"period":"1day","row":38,"col":34,"distance_miles":36.79},"geometry":{"type":"Polygon","coordinates":[[[-88.06011969958912,39.63203661977281],[-88.01343843675497,39.621069385053815],[-88.0276832114214,39.58512467737453],[-88.0743300021168,39.59607974912252],[-88.06011969958912,39.63203661977281]]]}},{"type":"Feature","properties":{"rain":0.0,"period":"1day","row":38,"col":35,"distance_miles":38.28},"geometry":{"type":"Polygon","coordinates":[[[-88.01343843675497,39.621069385053815],[-87.96678039866386,39.61007385868399],[-87.98105959056568,39.57414134061292],[-88.0276832114214,39.58512467737453],[-88.01343843675497,39.621069385053815]]]}},{"type":"Feature","properties":{"rain":0.0,"period":"1day","row":38,"col":36,"distance_miles":39.89},"geometry":{"type":"Polygon","coordinates":[[[-87.96678039866386,39.61007385868399],[-87.92014562982376,39.59905007053292],[-87.93445918399003,39.56312976864043],[-87.98105959056568,39.57414134061292],[-87.96678039866386,39.61007385868399]]]}},{"type":"Feature","properties":{"rain":0.0,"period":"1day","row":38,"col":37,"distance_miles":41.59},"geometry":{"type":"Polygon","coordinates":[[[-87.92014562982376,39.59905007053292],[-87.87353417457497,39.58799805052071],[-87.88788203596772,39.55208999131026],[-87.93445918399003,39.56312976864043],[-87.92014562982376,39.59905007053292]]]}},{"type":"Feature","properties":{"rain":0.0,"period":"1day","row":38,"col":38,"distance_miles":43.39},"geometry":{"type":"Polygon","coordinates":[[[-87.87353417457497,39.58799805052071],[-87.82694607708999,39.576917828617724],[-87.84132819060493,39.54102203852584],[-87.88788203596772,39.55208999131026],[-87.87353417457497,39.58799805052071]]]}},{"type":"Feature","properties":{"rain":0.0,"period":"1day","row":38,"col":39,"distance_miles":45.27},"geometry":{"type":"Polygon","coordinates":[[[-87.82694607708999,39.576917828617724],[-87.7803813813735,39.5658094348443],[-87.79479769184061,39.529925940240496],[-87.84132819060493,39.54102203852584],[-87.82694607708999,39.576917828617724]]]}},{"type":"Feature","properties":{"rain":0.0,"period":"1day","row":38,"col":40,"distance_miles":47.21},"geometry":{"type":"Polygon","coordinates":[[[-87.7803813813735,39.5658094348443],[-87.7338401312624,39.55467289927055],[-87.74829058344646,39.51880172645726],[-87.79479769184061,39.529925940240496],[-87.7803813813735,39.5658094348443]]]}},{"type":"Feature","properties":{"rain":0.0,"period":"1day","row":38,"col":41,"distance_miles":49.21},"geometry":{"type":"Polygon","coordinates":[[[-87.7338401312624,39.55467289927055],[-87.68732237042563,39.54350825201601],[-87.70180690902694,39.50764942722861],[-87.74829058344646,39.51880172645726],[-87.7338401312624,39.55467289927055]]]}},{"type":"Feature","properties":{"rain":0.0,"period":"1day","row":39,"col":13,"distance_miles":48.1},"geometry":{"type":"Polygon","coordinates":[[[-89.05918436352145,39.81955480662274],[-89.01206156716667,39.80920009254223],[-89.02554880859576,39.77301392161498],[-89.07263604464079,39.783357064996736],[-89.05918436352145,39.81955480662274]]]}},{"type":"Feature","properties":{"rain":0.0,"period":"1day","row":39,"col":14,"distance_miles":46.25},"geometry":{"type":"Polygon","coordinates":[[[-89.01206156716667,39.80920009254223],[-88.96496096892253,39.79881649969559],[-88.97848371748486,39.762641927463484],[-89.02554880859576,39.77301392161498],[-89.01206156716667,39.80920009254223]]]}},{"type":"Feature","properties":{"rain":0.0,"period":"1day","row":39,"col":15,"distance_miles":44.49},"geometry":{"type":"Polygon","coordinates":[[[-88.96496096892253,39.79881649969559],[-88.91788261672204,39.78840405676726],[-88.93144081916064,39.75224111116142],[-88.97848371748486,39.762641927463484],[-88.96496096892253,39.79881649969559]]]}},{"type":"Feature","properties":{"rain":0.0,"period":"1day","row":39,"col":16,"distance_miles":42.8},"geometry":{"type":"Polygon","coordinates":[[[-88.91788261672204,39.78840405676726],[-88.87082655833274,39.77796279249747],[-88.88442016131087,39.74181150138368],[-88.93144081916064,39.75224111116142],[-88.91788261672204,39.78840405676726]]]}},{"type":"Feature","properties":{"rain":0.0,"period":"1day","row":39,"col":17,"distance_miles":41.22},"geometry":{"type":"Polygon","coordinates":[[[-88.87082655833274,39.77796279249747],[-88.82379284135668,39.767492735681984],[-88.83742179145834,39.73135312686061],[-88.88442016131087,39.74181150138368],[-88.87082655833274,39.77796279249747]]]}},{"type":"Feature","properties":{"rain":0.0,"period":"1day","row":39,"col":18,"distance_miles":39.74},"geometry":{"type":"Polygon","coordinates":[[[-88.82379284135668,39.767492735681984],[-88.77678151323025,39.75699391517187],[-88.79044575696089,39.72086601637782],[-88.83742179145834,39.73135312686061],[-88.82379284135668,39.767492735681984]]]}},{"type":"Feature","properties":{"rain":0.0,"period":"1day","row":39,"col":19,"distance_miles":38.39},"geometry":{"type":"Polygon","coordinates":[[[-88.77678151323025,39.75699391517187],[-88.72979262122415,39.74646635987323],[-88.74349210501126,39.71035019877584],[-88.79044575696089,39.72086601637782],[-88.77678151323025,39.75699391517187]]]}},{"type":"Feature","properties":{"rain":0.0,"period":"1day","row":39,"col":20,"distance_miles":37.17},"geometry":{"type":"Polygon","coordinates":[[[-88.72979262122415,39.74646635987323],[-88.68282621244322,39.73591009874698],[-88.6965608826369,39.69980570294992],[-88.74349210501126,39.71035019877584],[-88.72979262122415,39.74646635987323]]]}},{"type":"Feature","properties":{"rain":0.0,"period":"1day","row":39,"col":21,"distance_miles":36.1},"geometry":{"type":"Polygon","coordinates":[[[-88.68282621244322,39.73591009874698],[-88.63588233382634,39.725325160808495],[-88.6496521367,39.68923255784977],[-88.6965608826369,39.69980570294992],[-88.68282621244322,39.73591009874698]]]}},{"type":"Feature","properties":{"rain":0.0,"period":"1day","row":39,"col":22,"distance_miles":35.18},"geometry":{"type":"Polygon","coordinates":[[[-88.63588233382634,39.725325160808495],[-88.58896103214646,39.71471157512747],[-88.60276591389737,39.67863079247933],[-88.6496521367,39.68923255784977],[-88.63588233382634,39.725325160808495]]]}},{"type":"Feature","properties":{"rain":0.0,"period":"1day","row":39,"col":23,"distance_miles":34.45},"geometry":{"type":"Polygon","coordinates":[[[-88.58896103214646,39.71471157512747],[-88.54206235401035,39.704069370827625],[-88.55590226076029,39.668000435896474],[-88.60276591389737,39.67863079247933],[-88.58896103214646,39.71471157512747]]]}},{"type":"Feature","properties":{"rain":0.0,"period":"1day","row":39,"col":24,"distance_miles":33.89},"geometry":{"type":"Polygon","coordinates":[[[-88.54206235401035,39.704069370827625],[-88.49518634585861,39.69339857708643],[-88.50906122365446,39.65734151721274],[-88.55590226076029,39.668000435896474],[-88.54206235401035,39.704069370827625]]]}},{"type":"Feature","properties":{"rain":0.0,"period":"1day","row":39,"col":25,"distance_miles":33.54},"geometry":{"type":"Polygon","coordinates":[[[-88.49518634585861,39.69339857708643],[-88.44833305396554,39.682699223134854],[-88.46224284877995,39.646654065593154],[-88.50906122365446,39.65734151721274],[-88.49518634585861,39.69339857708643]]]}},{"type":"Feature","properties":{"rain":0.0,"period":"1day","row":39,"col":26,"distance_miles":33.38},"geometry":{"type":"Polygon","coordinates":[[[-88.44833305396554,39.682699223134854],[-88.40150252443912,39.67197133825712],[-88.41544718217105,39.635938110255914],[-88.46224284877995,39.646654065593154],[-88.44833305396554,39.682699223134854]]]}},{"type":"Feature","properties":{"rain":0.0,"period":"1day","row":39,"col":27,"distance_miles":33.43},"geometry":{"type":"Polygon","coordinates":[[[-88.40150252443912,39.67197133825712],[-88.35469480322087,39.6612149517905],[-88.36867426969623,39.62519368047213],[-88.41544718217105,39.635938110255914],[-88.40150252443912,39.67197133825712]]]}},{"type":"Feature","properties":{"rain":0.0,"period":"1day","row":39,"col":28,"distance_miles":33.67},"geometry":{"type":"Polygon","coordinates":[[[-88.35469480322087,39.6612149517905],[-88.30790993608575,39.65043009312494],[-88.32192415705806,39.614420805565636],[-88.36867426969623,39.62519368047213],[-88.35469480322087,39.6612149517905]]]}},{"type":"Feature","properties":{"rain":0.0,"period":"1day","row":39,"col":29,"distance_miles":34.12},"geometry":{"type":"Polygon","coordinates":[[[-88.30790993608575,39.65043009312494],[-88.26114796864219,39.639616791702935],[-88.27519688979314,39.60361951491265],[-88.32192415705806,39.614420805565636],[-88.30790993608575,39.65043009312494]]]}},{"type":"Feature","properties":{"rain":0.012,"period":"1day","row":39,"col":30,"distance_miles":34.76},"geometry":{"type":"Polygon","coordinates":[[[-88.26114796864219,39.639616791702935],[-88.21440894633191,39.62877507701916],[-88.228492513272,39.5927898379416],[-88.27519688979314,39.60361951491265],[-88.26114796864219,39.639616791702935]]]}},{"type":"Feature","properties":{"rain":0.043,"period":"1day","row":39,"col":31,"distance_miles":35.58},"geometry":{"type":"Polygon","coordinates":[[[-88.21440894633191,39.62877507701916],[-88.16769291442994,39.61790497862032],[-88.18181107269905,39.58193180413281],[-88.228492513272,39.5927898379416],[-88.21440894633191,39.62877507701916]]]}},{"type":"Feature","properties":{"rain":0.031,"period":"1day","row":39,"col":32,"distance_miles":36.56},"geometry":{"type":"Polygon","coordinates":[[[-88.16769291442994,39.61790497862032],[-88.12099991804445,39.607006526104804],[-88.13515261311251,39.57104544301825],[-88.18181107269905,39.58193180413281],[-88.16769291442994,39.61790497862032]]]}},{"type":"Feature","properties":{"rain":0.012,"period":"1day","row":39,"col":33,"distance_miles":37.7},"geometry":{"type":"Polygon","coordinates":[[[-88.12099991804445,39.607006526104804],[-88.0743300021168,39.59607974912252],[-88.08851717938438,39.56013078418135],[-88.13515261311251,39.57104544301825],[-88.12099991804445,39.607006526104804]]]}},{"type":"Feature","properties":{"rain":0.0,"period":"1day","row":39,"col":34,"distance_miles":38.98},"geometry":{"type":"Polygon","coordinates":[[[-88.0743300021168,39.59607974912252],[-88.0276832114214,39.58512467737453],[-88.04190481622031,39.54918785725665],[-88.08851717938438,39.56013078418135],[-88.0743300021168,39.59607974912252]]]}},{"type":"Feature","properties":{"rain":0.0,"period":"1day","row":39,"col":35,"distance_miles":40.39},"geometry":{"type":"Polygon","coordinates":[[[-88.0276832114214,39.58512467737453],[-87.98105959056568,39.57414134061292],[-87.99531556815958,39.538216691929605],[-88.04190481622031,39.54918785725665],[-88.0276832114214,39.58512467737453]]]}},{"type":"Feature","properties":{"rain":0.0,"period":"1day","row":39,"col":36,"distance_miles":41.92},"geometry":{"type":"Polygon","coordinates":[[[-87.98105959056568,39.57414134061292],[-87.93445918399003,39.56312976864043],[-87.94874947957506,39.52721731793636],[-87.99531556815958,39.538216691929605],[-87.98105959056568,39.57414134061292]]]}},{"type":"Feature","properties":{"rain":0.0,"period":"1day","row":39,"col":37,"distance_miles":43.54},"geometry":{"type":"Polygon","coordinates":[[[-87.93445918399003,39.56312976864043],[-87.88788203596772,39.55208999131026],[-87.9022065946731,39.51618976506336],[-87.94874947957506,39.52721731793636],[-87.93445918399003,39.56312976864043]]]}},{"type":"Feature","properties":{"rain":0.0,"period":"1day","row":39,"col":38,"distance_miles":45.26},"geometry":{"type":"Polygon","coordinates":[[[-87.88788203596772,39.55208999131026],[-87.84132819060493,39.54102203852584],[-87.85568695749355,39.505134063147295],[-87.9022065946731,39.51618976506336],[-87.88788203596772,39.55208999131026]]]}},{"type":"Feature","properties":{"rain":0.0,"period":"1day","row":39,"col":39,"distance_miles":47.06},"geometry":{"type":"Polygon","coordinates":[[[-87.84132819060493,39.54102203852584],[-87.79479769184061,39.529925940240496],[-87.80919061190966,39.494050242074664],[-87.85568695749355,39.505134063147295],[-87.84132819060493,39.54102203852584]]]}},{"type":"Feature","properties":{"rain":0.0,"period":"1day","row":39,"col":40,"distance_miles":48.93},"geometry":{"type":"Polygon","coordinates":[[[-87.79479769184061,39.529925940240496],[-87.74829058344646,39.51880172645726],[-87.76271760162804,39.482938331781625],[-87.80919061190966,39.494050242074664],[-87.79479769184061,39.529925940240496]]]}},{"type":"Feature","properties":{"rain":0.0,"period":"1day","row":40,"col":13,"distance_miles":49.94},"geometry":{"type":"Polygon","coordinates":[[[-89.07263604464079,39.783357064996736],[-89.02554880859576,39.77301392161498],[-89.03901390506327,39.73683602427027],[-89.08606562881579,39.74716761447726],[-89.07263604464079,39.783357064996736]]]}},{"type":"Feature","properties":{"rain":0.0,"period":"1day","row":40,"col":14,"distance_miles":48.16},"geometry":{"type":"Polygon","coordinates":[[[-89.02554880859576,39.77301392161498],[-88.97848371748486,39.762641927463484],[-88.99198427323304,39.72647561126013],[-89.03901390506327,39.73683602427027],[-89.02554880859576,39.77301392161498]]]}},{"type":"Feature","properties":{"rain":0.0,"period":"1day","row":40,"col":15,"distance_miles":46.47},"geometry":{"type":"Polygon","coordinates":[[[-88.97848371748486,39.762641927463484],[-88.93144081916064,39.75224111116142],[-88.94497678109735,39.716086404000905],[-88.99198427323304,39.72647561126013],[-88.97848371748486,39.762641927463484]]]}},{"type":"Feature","properties":{"rain":0.0,"period":"1day","row":40,"col":16,"distance_miles":44.86},"geometry":{"type":"Polygon","coordinates":[[[-88.93144081916064,39.75224111116142],[-88.88442016131087,39.74181150138368],[-88.89799147626424,39.705668431102374],[-88.94497678109735,39.716086404000905],[-88.93144081916064,39.75224111116142]]]}},{"type":"Feature","properties":{"rain":0.0,"period":"1day","row":40,"col":17,"distance_miles":43.35},"geometry":{"type":"Polygon","coordinates":[[[-88.88442016131087,39.74181150138368],[-88.83742179145834,39.73135312686061],[-88.8510284061774,39.69522172122964],[-88.89799147626424,39.705668431102374],[-88.88442016131087,39.74181150138368]]]}},{"type":"Feature","properties":{"rain":0.0,"period":"1day","row":40,"col":18,"distance_miles":41.95},"geometry":{"type":"Polygon","coordinates":[[[-88.83742179145834,39.73135312686061],[-88.79044575696089,39.72086601637782],[-88.80408761811623,39.68474630310301],[-88.8510284061774,39.69522172122964],[-88.83742179145834,39.73135312686061]]]}},{"type":"Feature","properties":{"rain":0.0,"period":"1day","row":40,"col":19,"distance_miles":40.67},"geometry":{"type":"Polygon","coordinates":[[[-88.79044575696089,39.72086601637782],[-88.74349210501126,39.71035019877584],[-88.75716915919553,39.674242205497634],[-88.80408761811623,39.68474630310301],[-88.79044575696089,39.72086601637782]]]}},{"type":"Feature","properties":{"rain":0.0,"period":"1day","row":40,"col":20,"distance_miles":39.52},"geometry":{"type":"Polygon","coordinates":[[[-88.74349210501126,39.71035019877584],[-88.6965608826369,39.69980570294992],[-88.71027307636554,39.663709457243364],[-88.75716915919553,39.674242205497634],[-88.74349210501126,39.71035019877584]]]}},{"type":"Feature","properties":{"rain":0.0,"period":"1day","row":40,"col":21,"distance_miles":38.51},"geometry":{"type":"Polygon","coordinates":[[[-88.6965608826369,39.69980570294992],[-88.6496521367,39.68923255784977],[-88.66339941641183,39.65314808722436],[-88.71027307636554,39.663709457243364],[-88.6965608826369,39.69980570294992]]]}},{"type":"Feature","properties":{"rain":0.0,"period":"1day","row":40,"col":22,"distance_miles":37.66},"geometry":{"type":"Polygon","coordinates":[[[-88.6496521367,39.68923255784977],[-88.60276591389737,39.67863079247933],[-88.61654822595514,39.64255812437899],[-88.66339941641183,39.65314808722436],[-88.6496521367,39.68923255784977]]]}},{"type":"Feature","properties":{"rain":0.0,"period":"1day","row":40,"col":23,"distance_miles":36.97},"geometry":{"type":"Polygon","coordinates":[[[-88.60276591389737,39.67863079247933],[-88.55590226076029,39.668000435896474],[-88.56971955145136,39.63193959769946],[-88.61654822595514,39.64255812437899],[-88.60276591389737,39.67863079247933]]]}},{"type":"Feature","properties":{"rain":0.0,"period":"1day","row":40,"col":24,"distance_miles":36.45},"geometry":{"type":"Polygon","coordinates":[[[-88.55590226076029,39.668000435896474],[-88.50906122365446,39.65734151721274],[-88.5229134391914,39.621292536231614],[-88.56971955145136,39.63193959769946],[-88.55590226076029,39.668000435896474]]]}},{"type":"Feature","properties":{"rain":0.0,"period":"1day","row":40,"col":25,"distance_miles":36.12},"geometry":{"type":"Polygon","coordinates":[[[-88.50906122365446,39.65734151721274],[-88.46224284877995,39.646654065593154],[-88.47612993530112,39.61061696907467],[-88.5229134391914,39.621292536231614],[-88.50906122365446,39.65734151721274]]]}},{"type":"Feature","properties":{"rain":0.0,"period":"1day","row":40,"col":26,"distance_miles":35.97},"geometry":{"type":"Polygon","coordinates":[[[-88.46224284877995,39.646654065593154],[-88.41544718217105,39.635938110255914],[-88.42936908574124,39.59991292538099],[-88.47612993530112,39.61061696907467],[-88.46224284877995,39.646654065593154]]]}},{"type":"Feature","properties":{"rain":0.0,"period":"1day","row":40,"col":27,"distance_miles":36.02},"geometry":{"type":"Polygon","coordinates":[[[-88.41544718217105,39.635938110255914],[-88.36867426969623,39.62519368047213],[-88.3826309363073,39.58918043435577],[-88.42936908574124,39.59991292538099],[-88.41544718217105,39.635938110255914]]]}},{"type":"Feature","properties":{"rain":0.0,"period":"1day","row":40,"col":28,"distance_miles":36.25},"geometry":{"type":"Polygon","coordinates":[[[-88.36867426969623,39.62519368047213],[-88.32192415705806,39.614420805565636],[-88.33591553262947,39.57841952525685],[-88.3826309363073,39.58918043435577],[-88.36867426969623,39.62519368047213]]]}},{"type":"Feature","properties":{"rain":0.0,"period":"1day","row":40,"col":29,"distance_miles":36.66},"geometry":{"type":"Polygon","coordinates":[[[-88.32192415705806,39.614420805565636],[-88.27519688979314,39.60361951491265],[-88.28922292017265,39.567630227394396],[-88.33591553262947,39.57841952525685],[-88.32192415705806,39.614420805565636]]]}},{"type":"Feature","properties":{"rain":0.012,"period":"1day","row":40,"col":30,"distance_miles":37.25},"geometry":{"type":"Polygon","coordinates":[[[-88.27519688979314,39.60361951491265],[-88.228492513272,39.5927898379416],[-88.24255314423618,39.556812570130745],[-88.28922292017265,39.567630227394396],[-88.27519688979314,39.60361951491265]]]}},{"type":"Feature","properties":{"rain":0.004,"period":"1day","row":40,"col":31,"distance_miles":38.02},"geometry":{"type":"Polygon","coordinates":[[[-88.228492513272,39.5927898379416],[-88.18181107269905,39.58193180413281],[-88.19590624995402,39.545966582880034],[-88.24255314423618,39.556812570130745],[-88.228492513272,39.5927898379416]]]}},{"type":"Feature","properties":{"rain":0.0,"period":"1day","row":40,"col":32,"distance_miles":38.94},"geometry":{"type":"Polygon","coordinates":[[[-88.18181107269905,39.58193180413281],[-88.13515261311251,39.57104544301825],[-88.14928228229446,39.53509229510802],[-88.19590624995402,39.545966582880034],[-88.18181107269905,39.58193180413281]]]}},{"type":"Feature","properties":{"rain":0.0,"period":"1day","row":40,"col":33,"distance_miles":40.01},"geometry":{"type":"Polygon","coordinates":[[[-88.13515261311251,39.57104544301825],[-88.08851717938438,39.56013078418135],[-88.10268128606019,39.52418973633183],[-88.14928228229446,39.53509229510802],[-88.13515261311251,39.57104544301825]]]}},{"type":"Feature","properties":{"rain":0.0,"period":"1day","row":40,"col":34,"distance_miles":41.22},"geometry":{"type":"Polygon","coordinates":[[[-88.08851717938438,39.56013078418135],[-88.04190481622031,39.54918785725665],[-88.05610330588814,39.513258936119655],[-88.10268128606019,39.52418973633183],[-88.08851717938438,39.56013078418135]]]}},{"type":"Feature","properties":{"rain":0.0,"period":"1day","row":40,"col":35,"distance_miles":42.55},"geometry":{"type":"Polygon","coordinates":[[[-88.04190481622031,39.54918785725665],[-87.99531556815958,39.538216691929605],[-88.00954838624953,39.502299924090565],[-88.05610330588814,39.513258936119655],[-88.04190481622031,39.54918785725665]]]}},{"type":"Feature","properties":{"rain":0.0,"period":"1day","row":40,"col":36,"distance_miles":44.0},"geometry":{"type":"Polygon","coordinates":[[[-87.99531556815958,39.538216691929605],[-87.94874947957506,39.52721731793636],[-87.96301657144977,39.49131272991416],[-88.00954838624953,39.502299924090565],[-87.99531556815958,39.538216691929605]]]}},{"type":"Feature","properties":{"rain":0.0,"period":"1day","row":40,"col":37,"distance_miles":45.55},"geometry":{"type":"Polygon","coordinates":[[[-87.94874947957506,39.52721731793636],[-87.9022065946731,39.51618976506336],[-87.91650790562831,39.480297383310486],[-87.96301657144977,39.49131272991416],[-87.94874947957506,39.52721731793636]]]}},{"type":"Feature","properties":{"rain":0.0,"period":"1day","row":40,"col":38,"distance_miles":47.2},"geometry":{"type":"Polygon","coordinates":[[[-87.9022065946731,39.51618976506336],[-87.85568695749355,39.505134063147295],[-87.87002243275874,39.469253914049546],[-87.91650790562831,39.480297383310486],[-87.9022065946731,39.51618976506336]]]}},{"type":"Feature","properties":{"rain":0.0,"period":"1day","row":40,"col":39,"distance_miles":48.92},"geometry":{"type":"Polygon","coordinates":[[[-87.85568695749355,39.505134063147295],[-87.80919061190966,39.494050242074664],[-87.82356019664866,39.458182351951244],[-87.87002243275874,39.469253914049546],[-87.85568695749355,39.505134063147295]]]}},{"type":"Feature","properties":{"rain":0.0,"period":"1day","row":41,"col":15,"distance_miles":48.5},"geometry":{"type":"Polygon","coordinates":[[[-88.99198427323304,39.72647561126013],[-88.94497678109735,39.716086404000905],[-88.95849055570412,39.6799399459689],[-89.00546268925933,39.69031756173202],[-88.99198427323304,39.72647561126013]]]}},{"type":"Feature","properties":{"rain":0.0,"period":"1day","row":41,"col":16,"distance_miles":46.97},"geometry":{"type":"Polygon","coordinates":[[[-88.94497678109735,39.716086404000905],[-88.89799147626424,39.705668431102374],[-88.91154055644391,39.669533592373384],[-88.95849055570412,39.6799399459689],[-88.94497678109735,39.716086404000905]]]}},{"type":"Feature","properties":{"rain":0.0,"period":"1day","row":41,"col":17,"distance_miles":45.53},"geometry":{"type":"Polygon","coordinates":[[[-88.89799147626424,39.705668431102374],[-88.8510284061774,39.69522172122964],[-88.86461273884342,39.659098529545574],[-88.91154055644391,39.669533592373384],[-88.89799147626424,39.705668431102374]]]}},{"type":"Feature","properties":{"rain":0.0,"period":"1day","row":41,"col":18,"distance_miles":44.2},"geometry":{"type":"Polygon","coordinates":[[[-88.8510284061774,39.69522172122964],[-88.80408761811623,39.68474630310301],[-88.81770715010364,39.648634786140654],[-88.86461273884342,39.659098529545574],[-88.8510284061774,39.69522172122964]]]}},{"type":"Feature","properties":{"rain":0.0,"period":"1day","row":41,"col":19,"distance_miles":42.98},"geometry":{"type":"Polygon","coordinates":[[[-88.80408761811623,39.68474630310301],[-88.75716915919553,39.674242205497634],[-88.77082383726163,39.63814239086859],[-88.81770715010364,39.648634786140654],[-88.80408761811623,39.68474630310301]]]}},{"type":"Feature","properties":{"rain":0.0,"period":"1day","row":41,"col":20,"distance_miles":41.89},"geometry":{"type":"Polygon","coordinates":[[[-88.75716915919553,39.674242205497634],[-88.71027307636554,39.663709457243364],[-88.72396284719045,39.62762137249397],[-88.77082383726163,39.63814239086859],[-88.75716915919553,39.674242205497634]]]}},{"type":"Feature","properties":{"rain":0.0,"period":"1day","row":41,"col":21,"distance_miles":40.94},"geometry":{"type":"Polygon","coordinates":[[[-88.71027307636554,39.663709457243364],[-88.66339941641183,39.65314808722436],[-88.67712422659913,39.61707175983566],[-88.72396284719045,39.62762137249397],[-88.71027307636554,39.663709457243364]]]}},{"type":"Feature","properties":{"rain":0.0,"period":"1day","row":41,"col":22,"distance_miles":40.14},"geometry":{"type":"Polygon","coordinates":[[[-88.66339941641183,39.65314808722436],[-88.61654822595514,39.64255812437899],[-88.6303080220325,39.60649358176657],[-88.67712422659913,39.61707175983566],[-88.66339941641183,39.65314808722436]]]}},{"type":"Feature","properties":{"rain":0.0,"period":"1day","row":41,"col":23,"distance_miles":39.5},"geometry":{"type":"Polygon","coordinates":[[[-88.61654822595514,39.64255812437899],[-88.56971955145136,39.63193959769946],[-88.5835142798711,39.595886867213494],[-88.6303080220325,39.60649358176657],[-88.61654822595514,39.64255812437899]]]}},{"type":"Feature","properties":{"rain":0.0,"period":"1day","row":41,"col":24,"distance_miles":39.02},"geometry":{"type":"Polygon","coordinates":[[[-88.56971955145136,39.63193959769946],[-88.5229134391914,39.621292536231614],[-88.53674304633113,39.585251645156745],[-88.5835142798711,39.595886867213494],[-88.56971955145136,39.63193959769946]]]}},{"type":"Feature","properties":{"rain":0.0,"period":"1day","row":41,"col":25,"distance_miles":38.7},"geometry":{"type":"Polygon","coordinates":[[[-88.5229134391914,39.621292536231614],[-88.47612993530112,39.61061696907467],[-88.48999436746433,39.574587944629904],[-88.53674304633113,39.585251645156745],[-88.5229134391914,39.621292536231614]]]}},{"type":"Feature","properties":{"rain":0.0,"period":"1day","row":41,"col":26,"distance_miles":38.57},"geometry":{"type":"Polygon","coordinates":[[[-88.47612993530112,39.61061696907467],[-88.42936908574124,39.59991292538099],[-88.44326828915797,39.563895794719684],[-88.48999436746433,39.574587944629904],[-88.47612993530112,39.61061696907467]]]}},{"type":"Feature","properties":{"rain":0.0,"period":"1day","row":41,"col":27,"distance_miles":38.61},"geometry":{"type":"Polygon","coordinates":[[[-88.42936908574124,39.59991292538099],[-88.3826309363073,39.58918043435577],[-88.39656485713465,39.55317522456554],[-88.44326828915797,39.563895794719684],[-88.42936908574124,39.59991292538099]]]}},{"type":"Feature","properties":{"rain":0.0,"period":"1day","row":41,"col":28,"distance_miles":38.82},"geometry":{"type":"Polygon","coordinates":[[[-88.3826309363073,39.58918043435577],[-88.33591553262947,39.57841952525685],[-88.34988411695231,39.542426263359545],[-88.39656485713465,39.55317522456554],[-88.3826309363073,39.58918043435577]]]}},{"type":"Feature","properties":{"rain":0.0,"period":"1day","row":41,"col":29,"distance_miles":39.21},"geometry":{"type":"Polygon","coordinates":[[[-88.33591553262947,39.57841952525685],[-88.28922292017265,39.567630227394396],[-88.30322611400415,39.531648940345974],[-88.34988411695231,39.542426263359545],[-88.33591553262947,39.57841952525685]]]}},{"type":"Feature","properties":{"rain":0.0,"period":"1day","row":41,"col":30,"distance_miles":39.76},"geometry":{"type":"Polygon","coordinates":[[[-88.28922292017265,39.567630227394396],[-88.24255314423618,39.556812570130745],[-88.2565908935185,39.52084328482125],[-88.30322611400415,39.531648940345974],[-88.28922292017265,39.567630227394396]]]}},{"type":"Feature","properties":{"rain":0.0,"period":"1day","row":41,"col":31,"distance_miles":40.48},"geometry":{"type":"Polygon","coordinates":[[[-88.24255314423618,39.556812570130745],[-88.19590624995402,39.545966582880034],[-88.2099785005588,39.51000932613352],[-88.2565908935185,39.52084328482125],[-88.24255314423618,39.556812570130745]]]}},{"type":"Feature","properties":{"rain":0.0,"period":"1day","row":41,"col":32,"distance_miles":41.34},"geometry":{"type":"Polygon","coordinates":[[[-88.19590624995402,39.545966582880034],[-88.14928228229446,39.53509229510802],[-88.16338898002353,39.4991470936825],[-88.2099785005588,39.51000932613352],[-88.19590624995402,39.545966582880034]]]}},{"type":"Feature","properties":{"rain":0.0,"period":"1day","row":41,"col":33,"distance_miles":42.35},"geometry":{"type":"Polygon","coordinates":[[[-88.14928228229446,39.53509229510802],[-88.10268128606019,39.52418973633183],[-88.11682237664611,39.48825661691922],[-88.16338898002353,39.4991470936825],[-88.14928228229446,39.53509229510802]]]}},{"type":"Feature","properties":{"rain":0.0,"period":"1day","row":41,"col":34,"distance_miles":43.5},"geometry":{"type":"Polygon","coordinates":[[[-88.10268128606019,39.52418973633183],[-88.05610330588814,39.513258936119655],[-88.07027873499489,39.4773379253457],[-88.11682237664611,39.48825661691922],[-88.10268128606019,39.52418973633183]]]}},{"type":"Feature","properties":{"rain":0.0,"period":"1day","row":41,"col":35,"distance_miles":44.76},"geometry":{"type":"Polygon","coordinates":[[[-88.05610330588814,39.513258936119655],[-88.00954838624953,39.502299924090565],[-88.02375809947303,39.46639104851476],[-88.07027873499489,39.4773379253457],[-88.05610330588814,39.513258936119655]]]}},{"type":"Feature","properties":{"rain":0.0,"period":"1day","row":41,"col":36,"distance_miles":46.14},"geometry":{"type":"Polygon","coordinates":[[[-88.00954838624953,39.502299924090565],[-87.96301657144977,39.49131272991416],[-87.97726051431849,39.455416016029794],[-88.02375809947303,39.46639104851476],[-88.00954838624953,39.502299924090565]]]}},{"type":"Feature","properties":{"rain":0.0,"period":"1day","row":41,"col":37,"distance_miles":47.62},"geometry":{"type":"Polygon","coordinates":[[[-87.96301657144977,39.49131272991416],[-87.91650790562831,39.480297383310486],[-87.93078602360396,39.4444128575444],[-87.97726051431849,39.455416016029794],[-87.96301657144977,39.49131272991416]]]}},{"type":"Feature","properties":{"rain":0.0,"period":"1day","row":41,"col":38,"distance_miles":49.19},"geometry":{"type":"Polygon","coordinates":[[[-87.91650790562831,39.480297383310486],[-87.87002243275874,39.469253914049546],[-87.88433467123679,39.433381602762275],[-87.93078602360396,39.4444128575444],[-87.91650790562831,39.480297383310486]]]}},{"type":"Feature","properties":{"rain":0.0,"period":"1day","row":42,"col":16,"distance_miles":49.12},"geometry":{"type":"Polygon","coordinates":[[[-88.95849055570412,39.6799399459689],[-88.91154055644391,39.669533592373384],[-88.92506745493654,39.63340699588102],[-88.97198219598862,39.64380174771313],[-88.95849055570412,39.6799399459689]]]}},{"type":"Feature","properties":{"rain":0.0,"period":"1day","row":42,"col":17,"distance_miles":47.75},"geometry":{"type":"Polygon","coordinates":[[[-88.91154055644391,39.669533592373384],[-88.86461273884342,39.659098529545574],[-88.87817484262142,39.622983562529306],[-88.92506745493654,39.63340699588102],[-88.91154055644391,39.669533592373384]]]}},{"type":"Feature","properties":{"rain":0.0,"period":"1day","row":42,"col":18,"distance_miles":46.48},"geometry":{"type":"Polygon","coordinates":[[[-88.86461273884342,39.659098529545574],[-88.81770715010364,39.648634786140654],[-88.83130440616596,39.612531476248236],[-88.87817484262142,39.622983562529306],[-88.86461273884342,39.659098529545574]]]}},{"type":"Feature","properties":{"rain":0.0,"period":"1day","row":42,"col":19,"distance_miles":45.32},"geometry":{"type":"Polygon","coordinates":[[[-88.81770715010364,39.648634786140654],[-88.77082383726163,39.63814239086859],[-88.78445619252952,39.602050765682804],[-88.83130440616596,39.612531476248236],[-88.81770715010364,39.648634786140654]]]}},{"type":"Feature","properties":{"rain":0.0,"period":"1day","row":42,"col":20,"distance_miles":44.29},"geometry":{"type":"Polygon","coordinates":[[[-88.77082383726163,39.63814239086859],[-88.72396284719045,39.62762137249397],[-88.73763024850815,39.59154145953248],[-88.78445619252952,39.602050765682804],[-88.77082383726163,39.63814239086859]]]}},{"type":"Feature","properties":{"rain":0.0,"period":"1day","row":42,"col":21,"distance_miles":43.4},"geometry":{"type":"Polygon","coordinates":[[[-88.72396284719045,39.62762137249397],[-88.67712422659913,39.61707175983566],[-88.6908266207344,39.58100358655103],[-88.73763024850815,39.59154145953248],[-88.72396284719045,39.62762137249397]]]}},{"type":"Feature","properties":{"rain":0.0,"period":"1day","row":42,"col":22,"distance_miles":42.64},"geometry":{"type":"Polygon","coordinates":[[[-88.67712422659913,39.61707175983566],[-88.6303080220325,39.60649358176657],[-88.64404535567724,39.57043717554615],[-88.6908266207344,39.58100358655103],[-88.67712422659913,39.61707175983566]]]}},{"type":"Feature","properties":{"rain":0.0,"period":"1day","row":42,"col":23,"distance_miles":42.03},"geometry":{"type":"Polygon","coordinates":[[[-88.6303080220325,39.60649358176657],[-88.5835142798711,39.595886867213494],[-88.597286499642,39.55984225537932],[-88.64404535567724,39.57043717554615],[-88.6303080220325,39.60649358176657]]]}},{"type":"Feature","properties":{"rain":0.0,"period":"1day","row":42,"col":24,"distance_miles":41.58},"geometry":{"type":"Polygon","coordinates":[[[-88.5835142798711,39.595886867213494],[-88.53674304633113,39.585251645156745],[-88.55055009877023,39.54921885496553],[-88.597286499642,39.55984225537932],[-88.5835142798711,39.595886867213494]]]}},{"type":"Feature","properties":{"rain":0.0,"period":"1day","row":42,"col":25,"distance_miles":41.29},"geometry":{"type":"Polygon","coordinates":[[[-88.53674304633113,39.585251645156745],[-88.48999436746433,39.574587944629904],[-88.5038361990397,39.538567003272945],[-88.55055009877023,39.54921885496553],[-88.53674304633113,39.585251645156745]]]}},{"type":"Feature","properties":{"rain":0.0,"period":"1day","row":42,"col":26,"distance_miles":41.16},"geometry":{"type":"Polygon","coordinates":[[[-88.48999436746433,39.574587944629904],[-88.44326828915797,39.563895794719684],[-88.4571448462642,39.527886729322795],[-88.5038361990397,39.538567003272945],[-88.48999436746433,39.574587944629904]]]}},{"type":"Feature","properties":{"rain":0.0,"period":"1day","row":42,"col":27,"distance_miles":41.2},"geometry":{"type":"Polygon","coordinates":[[[-88.44326828915797,39.563895794719684],[-88.39656485713465,39.55317522456554],[-88.41047608609357,39.517178062189],[-88.4571448462642,39.527886729322795],[-88.44326828915797,39.563895794719684]]]}},{"type":"Feature","properties":{"rain":0.0,"period":"1day","row":42,"col":28,"distance_miles":41.4},"geometry":{"type":"Polygon","coordinates":[[[-88.39656485713465,39.55317522456554],[-88.34988411695231,39.542426263359545],[-88.36382996401353,39.50644103099796],[-88.41047608609357,39.517178062189],[-88.39656485713465,39.55317522456554]]]}},{"type":"Feature","properties":{"rain":0.0,"period":"1day","row":42,"col":29,"distance_miles":41.76},"geometry":{"type":"Polygon","coordinates":[[[-88.34988411695231,39.542426263359545],[-88.30322611400415,39.531648940345974],[-88.31720652534567,39.49567566492837],[-88.36382996401353,39.50644103099796],[-88.34988411695231,39.542426263359545]]]}},{"type":"Feature","properties":{"rain":0.0,"period":"1day","row":42,"col":30,"distance_miles":42.28},"geometry":{"type":"Polygon","coordinates":[[[-88.30322611400415,39.531648940345974],[-88.2565908935185,39.52084328482125],[-88.27060581524735,39.48488199321083],[-88.31720652534567,39.49567566492837],[-88.30322611400415,39.531648940345974]]]}},{"type":"Feature","properties":{"rain":0.0,"period":"1day","row":42,"col":31,"distance_miles":42.95},"geometry":{"type":"Polygon","coordinates":[[[-88.2565908935185,39.52084328482125],[-88.2099785005588,39.51000932613352],[-88.22402787871164,39.47406004512776],[-88.27060581524735,39.48488199321083],[-88.2565908935185,39.52084328482125]]]}},{"type":"Feature","properties":{"rain":0.0,"period":"1day","row":42,"col":32,"distance_miles":43.77},"geometry":{"type":"Polygon","coordinates":[[[-88.2099785005588,39.51000932613352],[-88.16338898002353,39.4991470936825],[-88.1774727605672,39.46320985001295],[-88.22402787871164,39.47406004512776],[-88.2099785005588,39.51000932613352]]]}},{"type":"Feature","properties":{"rain":0.0,"period":"1day","row":42,"col":33,"distance_miles":44.72},"geometry":{"type":"Polygon","coordinates":[[[-88.16338898002353,39.4991470936825],[-88.11682237664611,39.48825661691922],[-88.13094050547832,39.45233143725155],[-88.1774727605672,39.46320985001295],[-88.16338898002353,39.4991470936825]]]}},{"type":"Feature","properties":{"rain":0.0,"period":"1day","row":42,"col":34,"distance_miles":45.8},"geometry":{"type":"Polygon","coordinates":[[[-88.11682237664611,39.48825661691922],[-88.07027873499489,39.4773379253457],[-88.08443115794473,39.44142483627958],[-88.13094050547832,39.45233143725155],[-88.11682237664611,39.48825661691922]]]}},{"type":"Feature","properties":{"rain":0.0,"period":"1day","row":42,"col":35,"distance_miles":47.01},"geometry":{"type":"Polygon","coordinates":[[[-88.07027873499489,39.4773379253457],[-88.02375809947303,39.46639104851476],[-88.03794476230165,39.43049007658384],[-88.08443115794473,39.44142483627958],[-88.07027873499489,39.4773379253457]]]}},{"type":"Feature","properties":{"rain":0.0,"period":"1day","row":42,"col":36,"distance_miles":48.32},"geometry":{"type":"Polygon","coordinates":[[[-88.02375809947303,39.46639104851476],[-87.97726051431849,39.455416016029794],[-87.99148136271967,39.4195271877016],[-88.03794476230165,39.43049007658384],[-88.02375809947303,39.46639104851476]]]}},{"type":"Feature","properties":{"rain":0.0,"period":"1day","row":42,"col":37,"distance_miles":49.73},"geometry":{"type":"Polygon","coordinates":[[[-87.97726051431849,39.455416016029794],[-87.93078602360396,39.4444128575444],[-87.9450410032047,39.40853619922032],[-87.99148136271967,39.4195271877016],[-87.97726051431849,39.455416016029794]]]}},{"type":"Feature","properties":{"rain":0.0,"period":"1day","row":43,"col":18,"distance_miles":48.79},"geometry":{"type":"Polygon","coordinates":[[[-88.87817484262142,39.622983562529306],[-88.83130440616596,39.612531476248236],[-88.84487943938198,39.576436384147684],[-88.89171477051258,39.586876830866245],[-88.87817484262142,39.622983562529306]]]}},{"type":"Feature","properties":{"rain":0.0,"period":"1day","row":43,"col":19,"distance_miles":47.69},"geometry":{"type":"Polygon","coordinates":[[[-88.83130440616596,39.612531476248236],[-88.78445619252952,39.602050765682804],[-88.79806627815512,39.565967340698684],[-88.84487943938198,39.576436384147684],[-88.83130440616596,39.612531476248236]]]}},{"type":"Feature","properties":{"rain":0.0,"period":"1day","row":43,"col":20,"distance_miles":46.71},"geometry":{"type":"Polygon","coordinates":[[[-88.78445619252952,39.602050765682804],[-88.73763024850815,39.59154145953248],[-88.75127533355098,39.55546972915385],[-88.79806627815512,39.565967340698684],[-88.78445619252952,39.602050765682804]]]}},{"type":"Feature","properties":{"rain":0.0,"period":"1day","row":43,"col":21,"distance_miles":45.86},"geometry":{"type":"Polygon","coordinates":[[[-88.73763024850815,39.59154145953248],[-88.6908266207344,39.58100358655103],[-88.70450665212579,39.54494357820198],[-88.75127533355098,39.55546972915385],[-88.73763024850815,39.59154145953248]]]}},{"type":"Feature","properties":{"rain":0.0,"period":"1day","row":43,"col":22,"distance_miles":45.15},"geometry":{"type":"Polygon","coordinates":[[[-88.6908266207344,39.58100358655103],[-88.64404535567724,39.57043717554615],[-88.65776028027277,39.53438891658576],[-88.70450665212579,39.54494357820198],[-88.6908266207344,39.58100358655103]]]}},{"type":"Feature","properties":{"rain":0.0,"period":"1day","row":43,"col":23,"distance_miles":44.58},"geometry":{"type":"Polygon","coordinates":[[[-88.64404535567724,39.57043717554615],[-88.597286499642,39.55984225537932],[-88.6110362642221,39.52380577310155],[-88.65776028027277,39.53438891658576],[-88.64404535567724,39.57043717554615]]]}},{"type":"Feature","properties":{"rain":0.0,"period":"1day","row":43,"col":24,"distance_miles":44.15},"geometry":{"type":"Polygon","coordinates":[[[-88.597286499642,39.55984225537932],[-88.55055009877023,39.54921885496553],[-88.5643346500408,39.513194176599185],[-88.6110362642221,39.52380577310155],[-88.597286499642,39.55984225537932]]]}},{"type":"Feature","properties":{"rain":0.0,"period":"1day","row":43,"col":25,"distance_miles":43.87},"geometry":{"type":"Polygon","coordinates":[[[-88.55055009877023,39.54921885496553],[-88.5038361990397,39.538567003272945],[-88.51765548363268,39.50255415598162],[-88.5643346500408,39.513194176599185],[-88.55055009877023,39.54921885496553]]]}},{"type":"Feature","properties":{"rain":0.0,"period":"1day","row":43,"col":26,"distance_miles":43.75},"geometry":{"type":"Polygon","coordinates":[[[-88.5038361990397,39.538567003272945],[-88.4571448462642,39.527886729322795],[-88.47099881073822,39.49188574020474],[-88.51765548363268,39.50255415598162],[-88.5038361990397,39.538567003272945]]]}},{"type":"Feature","properties":{"rain":0.0,"period":"1day","row":43,"col":27,"distance_miles":43.78},"geometry":{"type":"Polygon","coordinates":[[[-88.4571448462642,39.527886729322795],[-88.41047608609357,39.517178062189],[-88.42436467693452,39.48118895827714],[-88.47099881073822,39.49188574020474],[-88.4571448462642,39.527886729322795]]]}},{"type":"Feature","properties":{"rain":0.0,"period":"1day","row":43,"col":28,"distance_miles":43.97},"geometry":{"type":"Polygon","coordinates":[[[-88.41047608609357,39.517178062189],[-88.36382996401353,39.50644103099796],[-88.37775312763517,39.4704638392598],[-88.42436467693452,39.48118895827714],[-88.41047608609357,39.517178062189]]]}},{"type":"Feature","properties":{"rain":0.0,"period":"1day","row":43,"col":29,"distance_miles":44.31},"geometry":{"type":"Polygon","coordinates":[[[-88.36382996401353,39.50644103099796],[-88.31720652534567,39.49567566492837],[-88.33116420809027,39.45971041226589],[-88.37775312763517,39.4704638392598],[-88.36382996401353,39.50644103099796]]]}},{"type":"Feature","properties":{"rain":0.0,"period":"1day","row":43,"col":30,"distance_miles":44.8},"geometry":{"type":"Polygon","coordinates":[[[-88.31720652534567,39.49567566492837],[-88.27060581524735,39.48488199321083],[-88.28459796338622,39.448928706460485],[-88.33116420809027,39.45971041226589],[-88.31720652534567,39.49567566492837]]]}},{"type":"Feature","properties":{"rain":0.0,"period":"1day","row":43,"col":31,"distance_miles":45.44},"geometry":{"type":"Polygon","coordinates":[[[-88.27060581524735,39.48488199321083],[-88.22402787871164,39.47406004512776],[-88.23805443844579,39.438118751060365],[-88.28459796338622,39.448928706460485],[-88.27060581524735,39.48488199321083]]]}},{"type":"Feature","properties":{"rain":0.0,"period":"1day","row":43,"col":32,"distance_miles":46.21},"geometry":{"type":"Polygon","coordinates":[[[-88.22402787871164,39.47406004512776],[-88.1774727605672,39.46320985001295],[-88.19153367802792,39.42728057533366],[-88.23805443844579,39.438118751060365],[-88.22402787871164,39.47406004512776]]]}},{"type":"Feature","properties":{"rain":0.0,"period":"1day","row":43,"col":33,"distance_miles":47.11},"geometry":{"type":"Polygon","coordinates":[[[-88.1774727605672,39.46320985001295],[-88.13094050547832,39.45233143725155],[-88.14503572672778,39.41641420859978],[-88.19153367802792,39.42728057533366],[-88.1774727605672,39.46320985001295]]]}},{"type":"Feature","properties":{"rain":0.0,"period":"1day","row":43,"col":34,"distance_miles":48.14},"geometry":{"type":"Polygon","coordinates":[[[-88.13094050547832,39.45233143725155],[-88.08443115794473,39.44142483627958],[-88.09856062897664,39.405519680228956],[-88.14503572672778,39.41641420859978],[-88.13094050547832,39.45233143725155]]]}},{"type":"Feature","properties":{"rain":0.0,"period":"1day","row":43,"col":35,"distance_miles":49.29},"geometry":{"type":"Polygon","coordinates":[[[-88.08443115794473,39.44142483627958],[-88.03794476230165,39.43049007658384],[-88.05210842904175,39.394597019642106],[-88.09856062897664,39.405519680228956],[-88.08443115794473,39.44142483627958]]]}},{"type":"Feature","properties":{"rain":0.0,"period":"1day","row":44,"col":20,"distance_miles":49.15},"geometry":{"type":"Polygon","coordinates":[[[-88.79806627815512,39.565967340698684],[-88.75127533355098,39.55546972915385],[-88.7648981553877,39.51940619211732],[-88.81165414713081,39.529892126639055],[-88.79806627815512,39.565967340698684]]]}},{"type":"Feature","properties":{"rain":0.0,"period":"1day","row":44,"col":21,"distance_miles":48.34},"geometry":{"type":"Polygon","coordinates":[[[-88.75127533355098,39.55546972915385],[-88.70450665212579,39.54494357820198],[-88.71816437391783,39.50889174558421],[-88.7648981553877,39.51940619211732],[-88.75127533355098,39.55546972915385]]]}},{"type":"Feature","properties":{"rain":0.0,"period":"1day","row":44,"col":22,"distance_miles":47.67},"geometry":{"type":"Polygon","coordinates":[[[-88.70450665212579,39.54494357820198],[-88.65776028027277,39.53438891658576],[-88.67145284903876,39.49834881571755],[-88.71816437391783,39.50889174558421],[-88.70450665212579,39.54494357820198]]]}},{"type":"Feature","properties":{"rain":0.0,"period":"1day","row":44,"col":23,"distance_miles":47.12},"geometry":{"type":"Polygon","coordinates":[[[-88.65776028027277,39.53438891658576],[-88.6110362642221,39.52380577310155],[-88.62476362690562,39.48777743124882],[-88.67145284903876,39.49834881571755],[-88.65776028027277,39.53438891658576]]]}},{"type":"Feature","properties":{"rain":0.0,"period":"1day","row":44,"col":24,"distance_miles":46.72},"geometry":{"type":"Polygon","coordinates":[[[-88.6110362642221,39.52380577310155],[-88.5643346500408,39.513194176599185],[-88.57809675351098,39.47717762096282],[-88.62476362690562,39.48777743124882],[-88.6110362642221,39.52380577310155]]]}},{"type":"Feature","properties":{"rain":0.0,"period":"1day","row":44,"col":25,"distance_miles":46.46},"geometry":{"type":"Polygon","coordinates":[[[-88.5643346500408,39.513194176599185],[-88.51765548363268,39.50255415598162],[-88.53145227468478,39.4665494136975],[-88.57809675351098,39.47717762096282],[-88.5643346500408,39.513194176599185]]]}},{"type":"Feature","properties":{"rain":0.0,"period":"1day","row":44,"col":26,"distance_miles":46.34},"geometry":{"type":"Polygon","coordinates":[[[-88.51765548363268,39.50255415598162],[-88.47099881073822,39.49188574020474],[-88.48483023609425,39.455892838343644],[-88.53145227468478,39.4665494136975],[-88.51765548363268,39.50255415598162]]]}},{"type":"Feature","properties":{"rain":0.0,"period":"1day","row":44,"col":27,"distance_miles":46.37},"geometry":{"type":"Polygon","coordinates":[[[-88.47099881073822,39.49188574020474],[-88.42436467693452,39.48118895827714],[-88.43823068324384,39.44520792384463],[-88.48483023609425,39.455892838343644],[-88.47099881073822,39.49188574020474]]]}},{"type":"Feature","properties":{"rain":0.0,"period":"1day","row":44,"col":28,"distance_miles":46.55},"geometry":{"type":"Polygon","coordinates":[[[-88.42436467693452,39.48118895827714],[-88.37775312763517,39.4704638392598],[-88.39165366147513,39.434494699196215],[-88.43823068324384,39.44520792384463],[-88.42436467693452,39.48118895827714]]]}},{"type":"Feature","properties":{"rain":0.0,"period":"1day","row":44,"col":29,"distance_miles":46.87},"geometry":{"type":"Polygon","coordinates":[[[-88.37775312763517,39.4704638392598],[-88.33116420809027,39.45971041226589],[-88.34509921596673,39.423753193446245],[-88.39165366147513,39.434494699196215],[-88.37775312763517,39.4704638392598]]]}},{"type":"Feature","properties":{"rain":0.0,"period":"1day","row":44,"col":30,"distance_miles":47.33},"geometry":{"type":"Polygon","coordinates":[[[-88.33116420809027,39.45971041226589],[-88.28459796338622,39.448928706460485],[-88.29856739173418,39.412983435694464],[-88.34509921596673,39.423753193446245],[-88.33116420809027,39.45971041226589]]]}},{"type":"Feature","properties":{"rain":0.0,"period":"1day","row":44,"col":31,"distance_miles":47.93},"geometry":{"type":"Polygon","coordinates":[[[-88.28459796338622,39.448928706460485],[-88.23805443844579,39.438118751060365],[-88.25205823363004,39.402185455092166],[-88.29856739173418,39.412983435694464],[-88.28459796338622,39.448928706460485]]]}},{"type":"Feature","properties":{"rain":0.0,"period":"1day","row":44,"col":32,"distance_miles":48.67},"geometry":{"type":"Polygon","coordinates":[[[-88.23805443844579,39.438118751060365],[-88.19153367802792,39.42728057533366],[-88.2055717863436,39.391359280842046],[-88.25205823363004,39.402185455092166],[-88.23805443844579,39.438118751060365]]]}},{"type":"Feature","properties":{"rain":0.0,"period":"1day","row":44,"col":33,"distance_miles":49.52},"geometry":{"type":"Polygon","coordinates":[[[-88.19153367802792,39.42728057533366],[-88.14503572672778,39.41641420859978],[-88.15910809440098,39.380504942197895],[-88.2055717863436,39.391359280842046],[-88.19153367802792,39.42728057533366]]]}},{"type":"Feature","properties":{"rain":0.0,"period":"1day","row":45,"col":23,"distance_miles":49.67},"geometry":{"type":"Polygon","coordinates":[[[-88.67145284903876,39.49834881571755],[-88.62476362690562,39.48777743124882],[-88.63846864082355,39.451757240653826],[-88.68512311503176,39.46231688373789],[-88.67145284903876,39.49834881571755]]]}},{"type":"Feature","properties":{"rain":0.0,"period":"1day","row":45,"col":24,"distance_miles":49.29},"geometry":{"type":"Polygon","coordinates":[[[-88.62476362690562,39.48777743124882],[-88.57809675351098,39.47717762096282],[-88.5918364623856,39.441169198925564],[-88.63846864082355,39.451757240653826],[-88.62476362690562,39.48777743124882]]]}},{"type":"Feature","properties":{"rain":0.0,"period":"1day","row":45,"col":25,"distance_miles":49.04},"geometry":{"type":"Polygon","coordinates":[[[-88.57809675351098,39.47717762096282],[-88.53145227468478,39.4665494136975],[-88.54522662547406,39.43055278732615],[-88.5918364623856,39.441169198925564],[-88.57809675351098,39.47717762096282]]]}},{"type":"Feature","properties":{"rain":0.0,"period":"1day","row":45,"col":26,"distance_miles":48.93},"geometry":{"type":"Polygon","coordinates":[[[-88.53145227468478,39.4665494136975],[-88.48483023609425,39.455892838343644],[-88.49863917568302,39.41990803468144],[-88.54522662547406,39.43055278732615],[-88.53145227468478,39.4665494136975]]]}},{"type":"Feature","properties":{"rain":0.0,"period":"1day","row":45,"col":27,"distance_miles":48.96},"geometry":{"type":"Polygon","coordinates":[[[-88.48483023609425,39.455892838343644],[-88.43823068324384,39.44520792384463],[-88.45207415844433,39.40923496986982],[-88.49863917568302,39.41990803468144],[-88.48483023609425,39.455892838343644]]]}},{"type":"Feature","properties":{"rain":0.0,"period":"1day","row":45,"col":28,"distance_miles":49.13},"geometry":{"type":"Polygon","coordinates":[[[-88.43823068324384,39.44520792384463],[-88.39165366147513,39.434494699196215],[-88.40553161902761,39.398533621822004],[-88.45207415844433,39.40923496986982],[-88.43823068324384,39.44520792384463]]]}},{"type":"Feature","properties":{"rain":0.0,"period":"1day","row":45,"col":29,"distance_miles":49.43},"geometry":{"type":"Polygon","coordinates":[[[-88.39165366147513,39.434494699196215],[-88.34509921596673,39.423753193446245],[-88.3590116025401,39.3878040195207],[-88.40553161902761,39.398533621822004],[-88.39165366147513,39.434494699196215]]]}},{"type":"Feature","properties":{"rain":0.0,"period":"1day","row":45,"col":30,"distance_miles":49.87},"geometry":{"type":"Polygon","coordinates":[[[-88.34509921596673,39.423753193446245],[-88.29856739173418,39.412983435694464],[-88.31251415392657,39.37704619200046],[-88.3590116025401,39.3878040195207],[-88.34509921596673,39.423753193446245]]]}}]}